/*
Navicat MySQL Data Transfer

Source Server         : localhost
Source Server Version : 50717
Source Host           : localhost:3306
Source Database       : ware_house

Target Server Type    : MYSQL
Target Server Version : 50717
File Encoding         : 65001

Date: 2023-10-12 11:32:26
*/

SET FOREIGN_KEY_CHECKS=0;

-- ----------------------------
-- Table structure for act_all_proc
-- ----------------------------
DROP TABLE IF EXISTS `act_all_proc`;
CREATE TABLE `act_all_proc` (
  `proc_id` varchar(64) COLLATE utf8_bin NOT NULL COMMENT '流程id',
  `proc_num` varchar(64) COLLATE utf8_bin DEFAULT NULL COMMENT '流程编号',
  `name` varchar(64) COLLATE utf8_bin DEFAULT NULL COMMENT '流程名称',
  `icon_url` varchar(255) COLLATE utf8_bin DEFAULT NULL COMMENT '流程图标',
  `url` varchar(512) COLLATE utf8_bin DEFAULT NULL COMMENT '流程url',
  `process_code` varchar(255) COLLATE utf8_bin DEFAULT NULL COMMENT '流程code',
  `type` varchar(64) COLLATE utf8_bin DEFAULT NULL COMMENT '流程所属类详见字典表',
  `create_time` datetime DEFAULT CURRENT_TIMESTAMP COMMENT '创建时间',
  `show_flag` varchar(2) COLLATE utf8_bin DEFAULT '0' COMMENT '''是否显示 0显示 1不显示''',
  `status_cd` varchar(2) COLLATE utf8_bin DEFAULT '0' COMMENT '数据状态，详细参考c_status表，S 保存，0, 在用 1失效',
  `context` text COLLATE utf8_bin COMMENT '流程文件',
  `system_type` varchar(10) COLLATE utf8_bin DEFAULT NULL COMMENT '系统类型',
  PRIMARY KEY (`proc_id`),
  KEY `idx_proc_id` (`proc_id`) USING BTREE,
  KEY `idx_type` (`type`) USING BTREE,
  KEY `idx_proc_code` (`process_code`(191)) USING BTREE
) ENGINE=InnoDB DEFAULT CHARSET=utf8 COLLATE=utf8_bin COMMENT='所有流程记录表';

-- ----------------------------
-- Records of act_all_proc
-- ----------------------------
INSERT INTO `act_all_proc` VALUES ('1', 'procxz01-cslc', 'XZ01-测试流程', 'https://gw.alicdn.com/tfs/TB1e76lCOLaK1RjSZFxXXamPFXa-112-112.png', 'https://aflow.dingtalk.com/dingtalk/mobile/homepage.htm?dd_share=false&showmenu=true&back=native&swfrom=corp&corpid=dinga1a01861914b5992bc961a6cb783455b&processCode=PROC-84AF589A-ACB1-44A4-9EC6-B4F6335F0D16#/custom', 'XZ01', 'XZCW', '2021-11-11 14:13:20', '0', '0', 0x3C3F786D6C2076657273696F6E3D22312E302220656E636F64696E673D225554462D38223F3E0A3C646566696E6974696F6E7320786D6C6E733D22687474703A2F2F7777772E6F6D672E6F72672F737065632F42504D4E2F32303130303532342F4D4F44454C2220786D6C6E733A62706D6E64693D22687474703A2F2F7777772E6F6D672E6F72672F737065632F42504D4E2F32303130303532342F44492220786D6C6E733A6F6D6764693D22687474703A2F2F7777772E6F6D672E6F72672F737065632F44442F32303130303532342F44492220786D6C6E733A6F6D6764633D22687474703A2F2F7777772E6F6D672E6F72672F737065632F44442F32303130303532342F44432220786D6C6E733A7873693D22687474703A2F2F7777772E77332E6F72672F323030312F584D4C536368656D612D696E7374616E63652220786D6C6E733A61637469766974693D22687474703A2F2F61637469766974692E6F72672F62706D6E222069643D227369642D33383432326661652D653033652D343361332D626566342D62643333623332303431623222207461726765744E616D6573706163653D22687474703A2F2F61637469766974692E6F72672F62706D6E22206578706F727465723D2262706D6E2D6A73202868747470733A2F2F64656D6F2E62706D6E2E696F2922206578706F7274657256657273696F6E3D22352E312E32223E0A20203C70726F636573732069643D22585A303122206E616D653D22585A30312DE6B58BE8AF95E6B581E7A88B2220697345786563757461626C653D2274727565223E0A202020203C73746172744576656E742069643D224576656E745F31613874763577223E0A2020202020203C6F7574676F696E673E466C6F775F316A6E6261306B3C2F6F7574676F696E673E0A202020203C2F73746172744576656E743E0A202020203C73657175656E6365466C6F772069643D22466C6F775F316A6E6261306B2220736F757263655265663D224576656E745F3161387476357722207461726765745265663D2241637469766974795F31693275746D3022202F3E0A202020203C757365725461736B2069643D2241637469766974795F31693275746D3022206E616D653D22E58F91E8B5B7E4BABA222061637469766974693A61737369676E65653D22247B656D706C6F79656549647D223E0A2020202020203C696E636F6D696E673E466C6F775F316A6E6261306B3C2F696E636F6D696E673E0A2020202020203C6F7574676F696E673E466C6F775F307662716A78323C2F6F7574676F696E673E0A202020203C2F757365725461736B3E0A202020203C73657175656E6365466C6F772069643D22466C6F775F307662716A78322220736F757263655265663D2241637469766974795F31693275746D3022207461726765745265663D2241637469766974795F30747864616E3222202F3E0A202020203C757365725461736B2069643D2241637469766974795F30747864616E3222206E616D653D22E983A8E997A8E4B8BBE7AEA1222061637469766974693A61737369676E65653D22247B5038303830303030317D223E0A2020202020203C696E636F6D696E673E466C6F775F307662716A78323C2F696E636F6D696E673E0A2020202020203C6F7574676F696E673E466C6F775F30316E7869376B3C2F6F7574676F696E673E0A2020202020203C6D756C7469496E7374616E63654C6F6F704368617261637465726973746963732061637469766974693A636F6C6C656374696F6E3D22247B70726F6365737355736572536572766963652E67657444657074557365724C697374286465707449642C262333343B3830383030303031262333343B297D222061637469766974693A656C656D656E745661726961626C653D2250383038303030303122202F3E0A202020203C2F757365725461736B3E0A202020203C656E644576656E742069643D224576656E745F31346564636D36223E0A2020202020203C696E636F6D696E673E466C6F775F30316E7869376B3C2F696E636F6D696E673E0A202020203C2F656E644576656E743E0A202020203C73657175656E6365466C6F772069643D22466C6F775F30316E7869376B2220736F757263655265663D2241637469766974795F30747864616E3222207461726765745265663D224576656E745F31346564636D3622202F3E0A20203C2F70726F636573733E0A20203C62706D6E64693A42504D4E4469616772616D2069643D2242706D6E4469616772616D5F31223E0A202020203C62706D6E64693A42504D4E506C616E652069643D2242706D6E506C616E655F31222062706D6E456C656D656E743D22585A3031223E0A2020202020203C62706D6E64693A42504D4E456467652069643D22466C6F775F30316E7869376B5F6469222062706D6E456C656D656E743D22466C6F775F30316E7869376B223E0A20202020202020203C6F6D6764693A776179706F696E7420783D223732302220793D2232393022202F3E0A20202020202020203C6F6D6764693A776179706F696E7420783D223738322220793D2232393022202F3E0A2020202020203C2F62706D6E64693A42504D4E456467653E0A2020202020203C62706D6E64693A42504D4E456467652069643D22466C6F775F307662716A78325F6469222062706D6E456C656D656E743D22466C6F775F307662716A7832223E0A20202020202020203C6F6D6764693A776179706F696E7420783D223536302220793D2232393022202F3E0A20202020202020203C6F6D6764693A776179706F696E7420783D223632302220793D2232393022202F3E0A2020202020203C2F62706D6E64693A42504D4E456467653E0A2020202020203C62706D6E64693A42504D4E456467652069643D22466C6F775F316A6E6261306B5F6469222062706D6E456C656D656E743D22466C6F775F316A6E6261306B223E0A20202020202020203C6F6D6764693A776179706F696E7420783D223430382220793D2232393022202F3E0A20202020202020203C6F6D6764693A776179706F696E7420783D223436302220793D2232393022202F3E0A2020202020203C2F62706D6E64693A42504D4E456467653E0A2020202020203C62706D6E64693A42504D4E53686170652069643D224576656E745F316138747635775F6469222062706D6E456C656D656E743D224576656E745F31613874763577223E0A20202020202020203C6F6D6764633A426F756E647320783D223337322220793D22323732222077696474683D22333622206865696768743D22333622202F3E0A20202020202020203C62706D6E64693A42504D4E4C6162656C3E0A202020202020202020203C6F6D6764633A426F756E647320783D223336382220793D22333135222077696474683D22343422206865696768743D22313422202F3E0A20202020202020203C2F62706D6E64693A42504D4E4C6162656C3E0A2020202020203C2F62706D6E64693A42504D4E53686170653E0A2020202020203C62706D6E64693A42504D4E53686170652069643D2241637469766974795F30746865747A6A5F6469222062706D6E456C656D656E743D2241637469766974795F31693275746D30223E0A20202020202020203C6F6D6764633A426F756E647320783D223436302220793D22323530222077696474683D2231303022206865696768743D22383022202F3E0A2020202020203C2F62706D6E64693A42504D4E53686170653E0A2020202020203C62706D6E64693A42504D4E53686170652069643D2241637469766974795F316E6C6337726B5F6469222062706D6E456C656D656E743D2241637469766974795F30747864616E32223E0A20202020202020203C6F6D6764633A426F756E647320783D223632302220793D22323530222077696474683D2231303022206865696768743D22383022202F3E0A2020202020203C2F62706D6E64693A42504D4E53686170653E0A2020202020203C62706D6E64693A42504D4E53686170652069643D224576656E745F31346564636D365F6469222062706D6E456C656D656E743D224576656E745F31346564636D36223E0A20202020202020203C6F6D6764633A426F756E647320783D223738322220793D22323732222077696474683D22333622206865696768743D22333622202F3E0A2020202020203C2F62706D6E64693A42504D4E53686170653E0A202020203C2F62706D6E64693A42504D4E506C616E653E0A20203C2F62706D6E64693A42504D4E4469616772616D3E0A3C2F646566696E6974696F6E733E0A, '');

-- ----------------------------
-- Table structure for act_approval_record
-- ----------------------------
DROP TABLE IF EXISTS `act_approval_record`;
CREATE TABLE `act_approval_record` (
  `act_approval_record_id` varchar(32) COLLATE utf8_bin NOT NULL COMMENT '流程审批记录表',
  `proc_instance_id` varchar(64) COLLATE utf8_bin DEFAULT NULL COMMENT '流程实例id',
  `approval_user_id` varchar(32) COLLATE utf8_bin DEFAULT NULL COMMENT '审批人id',
  `task_definition_key` varchar(64) COLLATE utf8_bin DEFAULT NULL COMMENT '任务节点定义key',
  `task_definition_name` varchar(64) COLLATE utf8_bin DEFAULT NULL COMMENT '任务节点定义名称',
  `task_id` varchar(64) COLLATE utf8_bin DEFAULT NULL COMMENT '任务id',
  `task_comment` varchar(4000) COLLATE utf8_bin DEFAULT NULL COMMENT '流程提交意见',
  `task_comment_file` varchar(4000) COLLATE utf8_bin DEFAULT NULL COMMENT '流程提交意见文件',
  `receiver_id` varchar(512) COLLATE utf8_bin DEFAULT NULL COMMENT '接收人id',
  `approval_sign` varchar(64) COLLATE utf8_bin DEFAULT NULL COMMENT '流程操作标记',
  `create_time` datetime DEFAULT CURRENT_TIMESTAMP COMMENT '创建时间',
  `update_time` datetime DEFAULT CURRENT_TIMESTAMP ON UPDATE CURRENT_TIMESTAMP,
  `create_id` varchar(32) COLLATE utf8_bin DEFAULT NULL,
  `update_id` varchar(32) COLLATE utf8_bin DEFAULT NULL,
  `del_flag` varchar(1) COLLATE utf8_bin NOT NULL DEFAULT '0',
  PRIMARY KEY (`act_approval_record_id`),
  KEY `idx_receiver_id` (`receiver_id`(191)) USING BTREE,
  KEY `idx_proc_instance_id` (`proc_instance_id`) USING BTREE,
  KEY `idx_approval_user_id` (`approval_user_id`) USING BTREE
) ENGINE=InnoDB DEFAULT CHARSET=utf8 COLLATE=utf8_bin;

-- ----------------------------
-- Records of act_approval_record
-- ----------------------------
INSERT INTO `act_approval_record` VALUES ('29743f999e64e2c0e0573b3317b1c2ab', '740064', '3', 'Activity_0txdan2', '部门主管', '740082', '自动审批', null, '3', '批准', '2023-10-11 23:19:35', '2023-10-11 23:19:38', null, null, '0');
INSERT INTO `act_approval_record` VALUES ('29c8d75549565a718fdda177a4667b2a', '740001', '3', 'Activity_1i2utm0', '发起人', '740009', '', '', '3', '提交', '2023-10-11 22:57:30', '2023-10-11 22:57:37', null, null, '0');
INSERT INTO `act_approval_record` VALUES ('2ca1886ab3037842099ca171a10b1a40', '740064', '3', 'Activity_1i2utm0', '发起人', '740072', '', '清单.pdf,/profile/upload/2023/10/11/清单_20231011231930A024.pdf', '3', '提交', '2023-10-11 23:19:35', '2023-10-11 23:19:38', null, null, '0');
INSERT INTO `act_approval_record` VALUES ('3b02aa9d5221c1e27b50d883639f4ad1', '740022', '3', 'Activity_1i2utm0', '发起人', '740030', '', '微信图片_20230104114610.jpg,微信图片_20230104114610_20231011230217A021.jpg', '3', '提交', '2023-10-11 23:03:18', '2023-10-11 23:03:23', null, null, '0');
INSERT INTO `act_approval_record` VALUES ('4d117c092de9ecc82c2678915bb2b9b0', '740022', '3', 'Activity_0txdan2', '部门主管', '740040', '自动审批', null, '3', '批准', '2023-10-11 23:03:18', '2023-10-11 23:03:23', null, null, '0');
INSERT INTO `act_approval_record` VALUES ('513dfc7db842d18001248cd1fbba430f', '737511', '2', 'Activity_1i2utm0', '发起人', '737519', '请签字', '', '3', '提交', '2023-10-11 20:01:17', '2023-10-11 20:01:54', null, null, '0');
INSERT INTO `act_approval_record` VALUES ('5e23c8f7a784025643adf81b207220e1', '737511', '3', 'Activity_0txdan2', '部门主管', '82a929d1d5e2406d9314b0bb2834bcd3', 'sss', null, '4', '转发', '2023-10-11 22:23:32', '2023-10-11 22:23:32', null, null, '0');
INSERT INTO `act_approval_record` VALUES ('659c8353efbe7ae6c2f4e782b65d0eaa', '740043', '3', 'Activity_0txdan2', '部门主管', '740061', '自动审批', null, '3', '批准', '2023-10-11 23:16:01', '2023-10-11 23:16:06', null, null, '0');
INSERT INTO `act_approval_record` VALUES ('9fd165dc225168a9cee89d6f43059b74', '740043', '3', 'Activity_1i2utm0', '发起人', '740051', '', '微信图片_20230104114610.jpg,/profile/upload/2023/10/11/微信图片_20230104114610_20231011231600A023.jpg', '3', '提交', '2023-10-11 23:16:01', '2023-10-11 23:16:06', null, null, '0');
INSERT INTO `act_approval_record` VALUES ('cf3013241cdecef8662e5b0321efe777', '737511', '3', 'Activity_0txdan2', '部门主管', '68df6fa1ff6a454cbef9515bf576de1e', '看一下', null, '4', '转发', '2023-10-11 22:19:28', '2023-10-11 22:22:45', null, null, '0');
INSERT INTO `act_approval_record` VALUES ('de5c335a16f70531dd13bf5af2cb1f2f', '737511', '3', 'Activity_0txdan2', '部门主管', '737529', '', '', '2', '批准', '2023-10-11 20:02:18', '2023-10-11 20:02:23', null, null, '0');
INSERT INTO `act_approval_record` VALUES ('e796ed2f9dbf472a96854c45893ae53d', '737511', '4', 'Activity_0txdan2', '部门主管', '82a929d1d5e2406d9314b0bb2834bcd3', '看完了', '', '3', '转发批注', '2023-10-11 22:24:26', '2023-10-11 22:24:26', null, null, '0');
INSERT INTO `act_approval_record` VALUES ('f7a19dd6a8840b7bacf2a65bef9ea250', '740001', '3', 'Activity_0txdan2', '部门主管', '740019', '自动审批', null, '3', '批准', '2023-10-11 22:57:30', '2023-10-11 22:57:37', null, null, '0');

-- ----------------------------
-- Table structure for act_due_remind
-- ----------------------------
DROP TABLE IF EXISTS `act_due_remind`;
CREATE TABLE `act_due_remind` (
  `due_remind_id` varchar(32) COLLATE utf8_bin NOT NULL COMMENT '主键id',
  `proc_instance_id` varchar(64) COLLATE utf8_bin DEFAULT NULL COMMENT '流程实例id',
  `remind_date` datetime DEFAULT NULL COMMENT '提醒时间',
  `proc_num` varchar(64) COLLATE utf8_bin DEFAULT NULL COMMENT '流程num',
  `process_code` varchar(32) COLLATE utf8_bin DEFAULT NULL COMMENT '流程code',
  `contract_process_proc_num` varchar(64) COLLATE utf8_bin DEFAULT NULL COMMENT '合同流程num',
  `extend_filed` text COLLATE utf8_bin COMMENT '扩展字段',
  `remind_status` varchar(2) COLLATE utf8_bin DEFAULT NULL COMMENT '提醒状态 0：未提醒 1：已提醒',
  `receiver_id` varchar(32) COLLATE utf8_bin DEFAULT NULL COMMENT '流程提醒接收人',
  PRIMARY KEY (`due_remind_id`)
) ENGINE=InnoDB DEFAULT CHARSET=utf8 COLLATE=utf8_bin;

-- ----------------------------
-- Records of act_due_remind
-- ----------------------------

-- ----------------------------
-- Table structure for act_evt_log
-- ----------------------------
DROP TABLE IF EXISTS `act_evt_log`;
CREATE TABLE `act_evt_log` (
  `LOG_NR_` bigint(20) NOT NULL AUTO_INCREMENT,
  `TYPE_` varchar(64) COLLATE utf8_bin DEFAULT NULL,
  `PROC_DEF_ID_` varchar(64) COLLATE utf8_bin DEFAULT NULL,
  `PROC_INST_ID_` varchar(64) COLLATE utf8_bin DEFAULT NULL,
  `EXECUTION_ID_` varchar(64) COLLATE utf8_bin DEFAULT NULL,
  `TASK_ID_` varchar(64) COLLATE utf8_bin DEFAULT NULL,
  `TIME_STAMP_` timestamp(3) NOT NULL DEFAULT CURRENT_TIMESTAMP(3) ON UPDATE CURRENT_TIMESTAMP(3),
  `USER_ID_` varchar(255) COLLATE utf8_bin DEFAULT NULL,
  `DATA_` longblob,
  `LOCK_OWNER_` varchar(255) COLLATE utf8_bin DEFAULT NULL,
  `LOCK_TIME_` timestamp(3) NULL DEFAULT NULL,
  `IS_PROCESSED_` tinyint(4) DEFAULT '0',
  PRIMARY KEY (`LOG_NR_`)
) ENGINE=InnoDB DEFAULT CHARSET=utf8 COLLATE=utf8_bin;

-- ----------------------------
-- Records of act_evt_log
-- ----------------------------

-- ----------------------------
-- Table structure for act_form
-- ----------------------------
DROP TABLE IF EXISTS `act_form`;
CREATE TABLE `act_form` (
  `form_id` varchar(32) COLLATE utf8_bin NOT NULL,
  `form_name` varchar(255) COLLATE utf8_bin DEFAULT NULL COMMENT '表单名称',
  PRIMARY KEY (`form_id`)
) ENGINE=InnoDB DEFAULT CHARSET=utf8 COLLATE=utf8_bin;

-- ----------------------------
-- Records of act_form
-- ----------------------------

-- ----------------------------
-- Table structure for act_form_detail
-- ----------------------------
DROP TABLE IF EXISTS `act_form_detail`;
CREATE TABLE `act_form_detail` (
  `detail_id` varchar(32) COLLATE utf8_bin NOT NULL,
  `detail_name` varchar(255) COLLATE utf8_bin DEFAULT NULL COMMENT '表单字段名称',
  `type` varchar(255) COLLATE utf8_bin DEFAULT NULL COMMENT '表单字段类型',
  PRIMARY KEY (`detail_id`)
) ENGINE=InnoDB DEFAULT CHARSET=utf8 COLLATE=utf8_bin;

-- ----------------------------
-- Records of act_form_detail
-- ----------------------------

-- ----------------------------
-- Table structure for act_form_permission
-- ----------------------------
DROP TABLE IF EXISTS `act_form_permission`;
CREATE TABLE `act_form_permission` (
  `form_id` varchar(32) DEFAULT NULL,
  `taskdef_key` varchar(255) NOT NULL COMMENT '流程task节点的id',
  `detail_id` varchar(32) NOT NULL COMMENT '表单明细ID',
  `proc_key` varchar(255) NOT NULL COMMENT '流程key',
  `read_only` tinyint(1) DEFAULT NULL COMMENT '只读状态',
  `view_permission` tinyint(1) DEFAULT '1' COMMENT '查看权限：0：不可看，1可看'
) ENGINE=InnoDB DEFAULT CHARSET=utf8mb4;

-- ----------------------------
-- Records of act_form_permission
-- ----------------------------

-- ----------------------------
-- Table structure for act_form_procdef
-- ----------------------------
DROP TABLE IF EXISTS `act_form_procdef`;
CREATE TABLE `act_form_procdef` (
  `proc_key` varchar(255) COLLATE utf8_bin DEFAULT NULL,
  `form_id` varchar(30) COLLATE utf8_bin DEFAULT NULL
) ENGINE=InnoDB DEFAULT CHARSET=utf8 COLLATE=utf8_bin;

-- ----------------------------
-- Records of act_form_procdef
-- ----------------------------

-- ----------------------------
-- Table structure for act_ge_bytearray
-- ----------------------------
DROP TABLE IF EXISTS `act_ge_bytearray`;
CREATE TABLE `act_ge_bytearray` (
  `ID_` varchar(64) COLLATE utf8_bin NOT NULL DEFAULT '',
  `REV_` int(11) DEFAULT NULL,
  `NAME_` varchar(255) COLLATE utf8_bin DEFAULT NULL,
  `DEPLOYMENT_ID_` varchar(64) COLLATE utf8_bin DEFAULT NULL,
  `BYTES_` longblob,
  `GENERATED_` tinyint(4) DEFAULT NULL,
  PRIMARY KEY (`ID_`),
  KEY `ACT_FK_BYTEARR_DEPL` (`DEPLOYMENT_ID_`) USING BTREE,
  CONSTRAINT `act_ge_bytearray_ibfk_1` FOREIGN KEY (`DEPLOYMENT_ID_`) REFERENCES `act_re_deployment` (`ID_`)
) ENGINE=InnoDB DEFAULT CHARSET=utf8 COLLATE=utf8_bin;

-- ----------------------------
-- Records of act_ge_bytearray
-- ----------------------------
INSERT INTO `act_ge_bytearray` VALUES ('707502', '1', 'procxz01-cslc.bpmn', '707501', 0x3C3F786D6C2076657273696F6E3D22312E302220656E636F64696E673D225554462D38223F3E0A3C646566696E6974696F6E7320786D6C6E733D22687474703A2F2F7777772E6F6D672E6F72672F737065632F42504D4E2F32303130303532342F4D4F44454C2220786D6C6E733A62706D6E64693D22687474703A2F2F7777772E6F6D672E6F72672F737065632F42504D4E2F32303130303532342F44492220786D6C6E733A6F6D6764693D22687474703A2F2F7777772E6F6D672E6F72672F737065632F44442F32303130303532342F44492220786D6C6E733A6F6D6764633D22687474703A2F2F7777772E6F6D672E6F72672F737065632F44442F32303130303532342F44432220786D6C6E733A7873693D22687474703A2F2F7777772E77332E6F72672F323030312F584D4C536368656D612D696E7374616E63652220786D6C6E733A61637469766974693D22687474703A2F2F61637469766974692E6F72672F62706D6E222069643D227369642D33383432326661652D653033652D343361332D626566342D62643333623332303431623222207461726765744E616D6573706163653D22687474703A2F2F61637469766974692E6F72672F62706D6E22206578706F727465723D2262706D6E2D6A73202868747470733A2F2F64656D6F2E62706D6E2E696F2922206578706F7274657256657273696F6E3D22352E312E32223E0A20203C70726F636573732069643D2250726F636573735F312220697345786563757461626C653D2274727565223E0A202020203C73746172744576656E742069643D224576656E745F303163646F6F3722206E616D653D22E6B581E7A88BE5BC80E5A78B223E0A2020202020203C6F7574676F696E673E466C6F775F3067796D77786C3C2F6F7574676F696E673E0A202020203C2F73746172744576656E743E0A202020203C73657175656E6365466C6F772069643D22466C6F775F3067796D77786C2220736F757263655265663D224576656E745F303163646F6F3722207461726765745265663D2241637469766974795F316D726666336C22202F3E0A202020203C757365725461736B2069643D2241637469766974795F316D726666336C22206E616D653D22E983A8E997A8E4B8BBE7AEA1222061637469766974693A61737369676E65653D22247B5038303830303030317D223E0A2020202020203C696E636F6D696E673E466C6F775F3067796D77786C3C2F696E636F6D696E673E0A2020202020203C6F7574676F696E673E466C6F775F31623774686A753C2F6F7574676F696E673E0A2020202020203C6D756C7469496E7374616E63654C6F6F704368617261637465726973746963732061637469766974693A636F6C6C656374696F6E3D22247B70726F6365737355736572536572766963652E67657444657074557365724C697374286465707449642C262333343B3830383030303031262333343B297D222061637469766974693A656C656D656E745661726961626C653D2250383038303030303122202F3E0A202020203C2F757365725461736B3E0A202020203C656E644576656E742069643D224576656E745F30707172327A65223E0A2020202020203C696E636F6D696E673E466C6F775F31623774686A753C2F696E636F6D696E673E0A202020203C2F656E644576656E743E0A202020203C73657175656E6365466C6F772069643D22466C6F775F31623774686A752220736F757263655265663D2241637469766974795F316D726666336C22207461726765745265663D224576656E745F30707172327A6522202F3E0A20203C2F70726F636573733E0A20203C62706D6E64693A42504D4E4469616772616D2069643D2242706D6E4469616772616D5F31223E0A202020203C62706D6E64693A42504D4E506C616E652069643D2242706D6E506C616E655F31222062706D6E456C656D656E743D2250726F636573735F31223E0A2020202020203C62706D6E64693A42504D4E456467652069643D22466C6F775F3067796D77786C5F6469222062706D6E456C656D656E743D22466C6F775F3067796D77786C223E0A20202020202020203C6F6D6764693A776179706F696E7420783D223238382220793D222D33373022202F3E0A20202020202020203C6F6D6764693A776179706F696E7420783D223334302220793D222D33373022202F3E0A2020202020203C2F62706D6E64693A42504D4E456467653E0A2020202020203C62706D6E64693A42504D4E456467652069643D22466C6F775F31623774686A755F6469222062706D6E456C656D656E743D22466C6F775F31623774686A75223E0A20202020202020203C6F6D6764693A776179706F696E7420783D223434302220793D222D33373022202F3E0A20202020202020203C6F6D6764693A776179706F696E7420783D223439322220793D222D33373022202F3E0A2020202020203C2F62706D6E64693A42504D4E456467653E0A2020202020203C62706D6E64693A42504D4E53686170652069643D224576656E745F303163646F6F375F6469222062706D6E456C656D656E743D224576656E745F303163646F6F37223E0A20202020202020203C6F6D6764633A426F756E647320783D223235322220793D222D333838222077696474683D22333622206865696768743D22333622202F3E0A20202020202020203C62706D6E64693A42504D4E4C6162656C3E0A202020202020202020203C6F6D6764633A426F756E647320783D223234382220793D222D333435222077696474683D22343422206865696768743D22313422202F3E0A20202020202020203C2F62706D6E64693A42504D4E4C6162656C3E0A2020202020203C2F62706D6E64693A42504D4E53686170653E0A2020202020203C62706D6E64693A42504D4E53686170652069643D2241637469766974795F30696B6E746F6D5F6469222062706D6E456C656D656E743D2241637469766974795F316D726666336C223E0A20202020202020203C6F6D6764633A426F756E647320783D223334302220793D222D343130222077696474683D2231303022206865696768743D22383022202F3E0A2020202020203C2F62706D6E64693A42504D4E53686170653E0A2020202020203C62706D6E64693A42504D4E53686170652069643D224576656E745F30707172327A655F6469222062706D6E456C656D656E743D224576656E745F30707172327A65223E0A20202020202020203C6F6D6764633A426F756E647320783D223439322220793D222D333838222077696474683D22333622206865696768743D22333622202F3E0A2020202020203C2F62706D6E64693A42504D4E53686170653E0A202020203C2F62706D6E64693A42504D4E506C616E653E0A20203C2F62706D6E64693A42504D4E4469616772616D3E0A3C2F646566696E6974696F6E733E0A, '0');
INSERT INTO `act_ge_bytearray` VALUES ('707503', '1', 'procxz01-cslc.Process_1.png', '707501', 0x89504E470D0A1A0A0000000D494844520000021A0000005A0806000000FE7EFF6300000ADD4944415478DAEDDD5D4C54E91DC7F1BDF4B2777BD9BB5EF66EAFBA17267BB7574D44904150874AA242448D1875B5055FB0A21245638CB6936C6C0C920A91D8B405ECC40915B78D158BD6D695BACA88801417585E67CED3E73F99991C0606E6EDBCCCF0FD244F58CF611942CE79CEEF3CAF9F7C0200C809A5D486C1C1C1B70F1F3E543D3D3DAAABAB8B6273E9EEEE560F1E3C3074B9CA150900282812320281801A1D1D55F3F3F31487CAD8D898F2FBFD860E1DE7B82A010005435A320819EE091B5D5D5DF35C9500808221DD253CE4DD53A42B85AB12005030E4C1C6039EA0010080A34163FAE3B01AFC9B4F3DEB6E8814F96F394638206800009055D0989A08AA813F1D53FDF70E2E29724CCE1110081A0000641C34DE3EBBBB2C64C4CAD0B34E020241030080CC83C6BFFEF2EBA44143CE1110081A0000641C3406BA7E953468C839020241030000820641030000F7050D9965922C68C8390202410300808C83C6CBDECB4983869C232010340000C838688C079FAA813FFF7279B7893E26E70808040D0000320E1A52FEFBF7AF97050D39463820680000905DD0989B532FFF7A7579B7893E26E70808040D0000320A1AB2F2E77F7A5B928ED19073AC0E4AD0000020BDA03137A7865FDE57FFFCE391A4212356E47BE47B69DD20680000B066D058AB1583D60D8206000019078D545A31566BDD203010340000481A34320D19B142602068000090346850081A4EA9ACACFC714949C9B92D5BB6F4EB32555A5A1AD65F55AC44FF3DA5BFE785C7E3B9AABFFE84BB1880AD86868636B7B7B7FFE3CA952BB3478F1E35AAABAB55595959BCA2DAB973A73A70E080515F5FFF7D5353D3EFB66FDFFE2382060F788286B37460A8D7F7E77B1D24943958A458C6F5FFD7B871E3C60DD480002CA194DAD0D7D777EFE2C58B6109128D8D8DEACE9D3BEAC993272A180CAA5028A462C6C7C7D5D3A74F55474787BA7CF9B2D241431D3C787052BF496D266850081AF6D221A15C8784A90CC2C54A655A97AFA81101E494DFEFFF6D7373B3B17BF76ED5D6D6A6868787553A2626262295FB9E3D7BD4DEBD7B2775A5F739418342D0B096B43EE850F070A5168C43870E45EEE5DEDE5EF5E6CD1B353B3B1BB95717161622FFD62F1591178963C78E250B1CFDEBBDA512408E5A316EDFBE3DE7F57AD5AD5BB7E29551A6A4D5435A392A2A2A94FE997F206850081AD6282B2BFB2CB115A3BCBC5CF97CBEB45F145EBF7EAD6EDCB81169994C081BB3F239D4940032120C067FD6D2D212AEADAD8D5434B9243F6FDFBE7D329663703DBC151134081A76F2783C5FEAB26480A774758E8E8E6675DF4A976843434362D808ADB7164A00390A19D25522CDA6D2ED6105691D397DFAB4AAACAC1C2BF40166040D82869D2D19E69021AD187EBF7FC918AA6C050281C8CF256C00C8887497484B86848C6CBB4A52E94A3979F2A4A12BAD7F133428048DEC4860377797C84CB0172F5E5872EFCA188E84AE9459FDD99F52830258938CC990EE92C9C94965070933353535867E0BBB47D0A010343227033FCD2D1956850C73D8304F6B9701A2D4A00056150804BE96819FB91E9391CA980DA9B08A8A8ABE206850081A19858C72F3EC12E92EB18374A3248CD960EA2B80954997C9F9F3E723B34B9CD0DEDE2EAD1A41820685A0913E7397890CFCCCE5988CB5240C109D66512F002B92C5B8649D0CABC765AC365EC3EBF586CBCACA4A081A148246EAA22B7EC6BB4CB29D5D92C96C14F3780D5941941A15C032172E5C08CB023E4EBA7BF76E48579A83040D0A412375B2AC78EC212FEB6438E1E6CD9B4B962BA74605B084EC5D22CB8AA7BB904FAEC9545A8FC76314DADA1A040D828655648334F3D80CA7EE616945310F0C652336004BC8066967CF9E556E70F8F0E11FA429384FDE2465A3A9DD040D828653D7577417D6F8B2E24E322F572EBBBE52B30288BB74E9D29CEC6BE0063E9F6F2E5FA6C9999B8A7585FF0B820641C3EEEB2BBAD57BE4FB9CEEFA943AC4D4A2F1829A15409C6CF52EBBB0BAC1E3C78F1774453595670F8258195BE90D94A041D0B0EAFA927B25765E36487392ACAB61FA5DA7A85901C45557573B3E3E23E6C3870F86AE4CC379FA2088BF819A1F08040D828655D797DC2BB1E3B2EBAA9382C1A079E649989A15409C0CE2B273DEFD5AA4A2CAF30741FC0D549ABC091A040DABAE2FF3BF658B7727C9E79B7F1F6A56004B2A343749A182CDAB42D0705729B4EB2B56DC76EF52B302706B8B8651002D1AD3327326B642224183160DABAE2FF371A716DBA34503C09A76EDDAE59A311A23232373793C466349C088715BD0D0BFD28AC5AEF3048DDC5D5FE6311A76EF51C4180D0029ABABAB0BBB65D6495F5FDF441ECE3A9992659793EDF1E0C6A0B1DA31ABCF133472777D31EB04405E3871E2C407B7ACA3D1DCDCFC3E8FD6D158B10583A041D0B0EBFA32AFA3D1DADACA3A1A00DCE9CC9933BF696A6A7245D0A8AAAA7A9F2F2B83A68AA041D0B00A2B8302C80BB2B788D7EB8DECC2E8A4B1B131591534CC5E27040D82466A64AF13F3388E57AF5EB1D7090077D26F43139D9D9D8E068D9696966FD9BD95A041D0488F79F7D66BD7AEB17B2B00D7BE196DAEAAAA726C8A5C48F3783C0BFAADA884A041D02068A44EBA1A630FF9F2F2F248EB829DA42574DBB66DE619278DD4A80056545B5BFBD1A941A1A74E9DFA5657526F0BF1EFCAF456A6B7DAD0AA119F7DD2D0D060EBBA38F279E629B86B0D8E06B08E6DDAB4E9A73B76ECB07D3EFEF3E7CF3FEA0ACA282A2AFA82A0412168A4AFB8B8B8CE3C56C3EFF7DB72EF060281C4B53EBEA22605B02A8FC7F3FBDADA5ADBBA50666666E6F467CA20D0CE42FD9B1234081A36B56A7C137BE0CBC04C090156AF9BB175EB5673C8E8A706059092CACACA57F5F5F596878D5028B4E8F57AFF575252F2AC90FF9E040D82861DA24B924F99C386558B7849C8308FCBD065B6B4B4F4536A4F002957583A000C1F3F7EDCB02A6C484B860E34B20AE8DB429BCE4AD020683845878BCFF4037FC11C36A41B25976336A4A524A12523A43FF3736A4E0069870D5D793CAFA9A931723D6643C664487789B464147AC820681034EC260F7D73D8880D10CD76368ACC2E4918F849C800903D1D066EEB5060B4B6B61AB23B63B65358A3B34B8C421E9341D02068B8A165C3DC8D129BFAEAF3F9D2DE4051028AAC9391D05512EB2E216400C89ECC46D115CA50454585D1D6D6B698EE0AA2B2E2A72CC6A57FC6BC7495E8E0F2E57AFAFB1134081A4EB54AEA1785C72B6D357FE4C891C8DE283286435A2C632F11F25576619531181D1D1D9165C5CD2B7E9A077E32260340CE151717FF5C364BD2158CB17FFFFE99EBD7AFCF3C7AF468F1DDBB77E65C6148B0905D58658334D9BB449615D7E5BB425C8C8BA041D0C883FBB62EB175238B32CD14560096937115D1CAEB1B1D3A6440E7A2B932D2C7C2D18AAD5F562D5C0FE330081A040DB78BAE20FA3EC380319E6CAB7A0000418342D088938DD874E8B814DD627E2AFA62B0EC45415A2F651756E93AE52E0600820685A00100206850081A00001034081A0000103428040D000041234F1EC2D3D3D36A606020F2359BE3040D0000081ACB8A8406FD2B47BE66739CA00100004183A00100004183A041D0000080A041D0000080A041D0E0AA04001034081A040D0000081A040D0000081A040D82060080A041D02068000040D02068000040D0206810340000040D820641030080F4F5F4F41034081A00005823100884474747D9BDD505656868E83B1D34E6B92A010005E3FEFDFBA7FD7EBF31323292376FFD855824647477772FEA728EAB12005050F4C3AD5EBF494F4BB33DC5B1324FC8000000000000000000000000000000000000000000000000000000009017FE0FC2C8085125DF8ABB0000000049454E44AE426082, '1');
INSERT INTO `act_ge_bytearray` VALUES ('707506', '1', 'procxz01-cslc.bpmn', '707505', 0x3C3F786D6C2076657273696F6E3D22312E302220656E636F64696E673D225554462D38223F3E0A3C646566696E6974696F6E7320786D6C6E733D22687474703A2F2F7777772E6F6D672E6F72672F737065632F42504D4E2F32303130303532342F4D4F44454C2220786D6C6E733A62706D6E64693D22687474703A2F2F7777772E6F6D672E6F72672F737065632F42504D4E2F32303130303532342F44492220786D6C6E733A6F6D6764693D22687474703A2F2F7777772E6F6D672E6F72672F737065632F44442F32303130303532342F44492220786D6C6E733A6F6D6764633D22687474703A2F2F7777772E6F6D672E6F72672F737065632F44442F32303130303532342F44432220786D6C6E733A7873693D22687474703A2F2F7777772E77332E6F72672F323030312F584D4C536368656D612D696E7374616E63652220786D6C6E733A61637469766974693D22687474703A2F2F61637469766974692E6F72672F62706D6E222069643D227369642D33383432326661652D653033652D343361332D626566342D62643333623332303431623222207461726765744E616D6573706163653D22687474703A2F2F61637469766974692E6F72672F62706D6E22206578706F727465723D2262706D6E2D6A73202868747470733A2F2F64656D6F2E62706D6E2E696F2922206578706F7274657256657273696F6E3D22352E312E32223E0A20203C70726F636573732069643D22585A303122206E616D653D22E6B58BE8AF95E6B581E7A88B2220697345786563757461626C653D2274727565223E0A202020203C73746172744576656E742069643D224576656E745F303163646F6F3722206E616D653D22E6B581E7A88BE5BC80E5A78B223E0A2020202020203C6F7574676F696E673E466C6F775F3067796D77786C3C2F6F7574676F696E673E0A202020203C2F73746172744576656E743E0A202020203C73657175656E6365466C6F772069643D22466C6F775F3067796D77786C2220736F757263655265663D224576656E745F303163646F6F3722207461726765745265663D2241637469766974795F316D726666336C22202F3E0A202020203C757365725461736B2069643D2241637469766974795F316D726666336C22206E616D653D22E983A8E997A8E4B8BBE7AEA1222061637469766974693A61737369676E65653D22247B5038303830303030317D223E0A2020202020203C696E636F6D696E673E466C6F775F3067796D77786C3C2F696E636F6D696E673E0A2020202020203C6F7574676F696E673E466C6F775F31623774686A753C2F6F7574676F696E673E0A2020202020203C6D756C7469496E7374616E63654C6F6F704368617261637465726973746963732061637469766974693A636F6C6C656374696F6E3D22247B70726F6365737355736572536572766963652E67657444657074557365724C697374286465707449642C262333343B3830383030303031262333343B297D222061637469766974693A656C656D656E745661726961626C653D2250383038303030303122202F3E0A202020203C2F757365725461736B3E0A202020203C656E644576656E742069643D224576656E745F30707172327A65223E0A2020202020203C696E636F6D696E673E466C6F775F31623774686A753C2F696E636F6D696E673E0A202020203C2F656E644576656E743E0A202020203C73657175656E6365466C6F772069643D22466C6F775F31623774686A752220736F757263655265663D2241637469766974795F316D726666336C22207461726765745265663D224576656E745F30707172327A6522202F3E0A20203C2F70726F636573733E0A20203C62706D6E64693A42504D4E4469616772616D2069643D2242706D6E4469616772616D5F31223E0A202020203C62706D6E64693A42504D4E506C616E652069643D2242706D6E506C616E655F31222062706D6E456C656D656E743D22585A3031223E0A2020202020203C62706D6E64693A42504D4E456467652069643D22466C6F775F31623774686A755F6469222062706D6E456C656D656E743D22466C6F775F31623774686A75223E0A20202020202020203C6F6D6764693A776179706F696E7420783D223434302220793D222D33373022202F3E0A20202020202020203C6F6D6764693A776179706F696E7420783D223439322220793D222D33373022202F3E0A2020202020203C2F62706D6E64693A42504D4E456467653E0A2020202020203C62706D6E64693A42504D4E456467652069643D22466C6F775F3067796D77786C5F6469222062706D6E456C656D656E743D22466C6F775F3067796D77786C223E0A20202020202020203C6F6D6764693A776179706F696E7420783D223238382220793D222D33373022202F3E0A20202020202020203C6F6D6764693A776179706F696E7420783D223334302220793D222D33373022202F3E0A2020202020203C2F62706D6E64693A42504D4E456467653E0A2020202020203C62706D6E64693A42504D4E53686170652069643D224576656E745F303163646F6F375F6469222062706D6E456C656D656E743D224576656E745F303163646F6F37223E0A20202020202020203C6F6D6764633A426F756E647320783D223235322220793D222D333838222077696474683D22333622206865696768743D22333622202F3E0A20202020202020203C62706D6E64693A42504D4E4C6162656C3E0A202020202020202020203C6F6D6764633A426F756E647320783D223234382220793D222D333435222077696474683D22343422206865696768743D22313422202F3E0A20202020202020203C2F62706D6E64693A42504D4E4C6162656C3E0A2020202020203C2F62706D6E64693A42504D4E53686170653E0A2020202020203C62706D6E64693A42504D4E53686170652069643D2241637469766974795F30696B6E746F6D5F6469222062706D6E456C656D656E743D2241637469766974795F316D726666336C223E0A20202020202020203C6F6D6764633A426F756E647320783D223334302220793D222D343130222077696474683D2231303022206865696768743D22383022202F3E0A2020202020203C2F62706D6E64693A42504D4E53686170653E0A2020202020203C62706D6E64693A42504D4E53686170652069643D224576656E745F30707172327A655F6469222062706D6E456C656D656E743D224576656E745F30707172327A65223E0A20202020202020203C6F6D6764633A426F756E647320783D223439322220793D222D333838222077696474683D22333622206865696768743D22333622202F3E0A2020202020203C2F62706D6E64693A42504D4E53686170653E0A202020203C2F62706D6E64693A42504D4E506C616E653E0A20203C2F62706D6E64693A42504D4E4469616772616D3E0A3C2F646566696E6974696F6E733E0A, '0');
INSERT INTO `act_ge_bytearray` VALUES ('707507', '1', 'procxz01-cslc.XZ01.png', '707505', 0x89504E470D0A1A0A0000000D494844520000021A0000005A0806000000FE7EFF6300000ADD4944415478DAEDDD5D4C54E91DC7F1BDF4B2777BD9BB5EF66EAFBA17267BB7574D44904150874AA242448D1875B5055FB0A21245638CB6936C6C0C920A91D8B405ECC40915B78D158BD6D695BACA88801417585E67CED3E73F99991C0606E6EDBCCCF0FD244F58CF611942CE79CEEF3CAF9F7C0200C809A5D486C1C1C1B70F1F3E543D3D3DAAABAB8B6273E9EEEE560F1E3C3074B9CA150900282812320281801A1D1D55F3F3F31487CAD8D898F2FBFD860E1DE7B82A010005435A320819EE091B5D5D5DF35C9500808221DD253CE4DD53A42B85AB12005030E4C1C6039EA0010080A34163FAE3B01AFC9B4F3DEB6E8814F96F394638206800009055D0989A08AA813F1D53FDF70E2E29724CCE1110081A0000641C34DE3EBBBB2C64C4CAD0B34E020241030080CC83C6BFFEF2EBA44143CE1110081A0000641C3406BA7E953468C839020241030000820641030000F7050D9965922C68C8390202410300808C83C6CBDECB4983869C232010340000C838688C079FAA813FFF7279B7893E26E70808040D0000320E1A52FEFBF7AF97050D39463820680000905DD0989B532FFF7A7579B7893E26E70808040D0000320A1AB2F2E77F7A5B928ED19073AC0E4AD0000020BDA03137A7865FDE57FFFCE391A4212356E47BE47B69DD20680000B066D058AB1583D60D8206000019078D545A31566BDD203010340000481A34320D19B142602068000090346850081A4EA9ACACFC714949C9B92D5BB6F4EB32555A5A1AD65F55AC44FF3DA5BFE785C7E3B9AABFFE84BB1880AD86868636B7B7B7FFE3CA952BB3478F1E35AAABAB55595959BCA2DAB973A73A70E080515F5FFF7D5353D3EFB66FDFFE2382060F788286B37460A8D7F7E77B1D24943958A458C6F5FFD7B871E3C60DD480002CA194DAD0D7D777EFE2C58B6109128D8D8DEACE9D3BEAC993272A180CAA5028A462C6C7C7D5D3A74F55474787BA7CF9B2D241431D3C787052BF496D266850081AF6D221A15C8784A90CC2C54A655A97AFA81101E494DFEFFF6D7373B3B17BF76ED5D6D6A6868787553A2626262295FB9E3D7BD4DEBD7B2775A5F739418342D0B096B43EE850F070A5168C43870E45EEE5DEDE5EF5E6CD1B353B3B1BB95717161622FFD62F1591178963C78E250B1CFDEBBDA512408E5A316EDFBE3DE7F57AD5AD5BB7E29551A6A4D5435A392A2A2A94FE997F206850081AD6282B2BFB2CB115A3BCBC5CF97CBEB45F145EBF7EAD6EDCB81169994C081BB3F239D4940032120C067FD6D2D212AEADAD8D5434B9243F6FDFBE7D329663703DBC151134081A76F2783C5FEAB26480A774758E8E8E6675DF4A976843434362D808ADB7164A00390A19D25522CDA6D2ED6105691D397DFAB4AAACAC1C2BF40166040D82869D2D19E69021AD187EBF7FC918AA6C050281C8CF256C00C8887497484B86848C6CBB4A52E94A3979F2A4A12BAD7F133428048DEC4860377797C84CB0172F5E5872EFCA188E84AE9459FDD99F52830258938CC990EE92C9C94965070933353535867E0BBB47D0A010343227033FCD2D1956850C73D8304F6B9701A2D4A00056150804BE96819FB91E9391CA980DA9B08A8A8ABE206850081A19858C72F3EC12E92EB18374A3248CD960EA2B80954997C9F9F3E723B34B9CD0DEDE2EAD1A41820685A0913E7397890CFCCCE5988CB5240C109D66512F002B92C5B8649D0CABC765AC365EC3EBF586CBCACA4A081A148246EAA22B7EC6BB4CB29D5D92C96C14F3780D5941941A15C032172E5C08CB023E4EBA7BF76E48579A83040D0A412375B2AC78EC212FEB6438E1E6CD9B4B962BA74605B084EC5D22CB8AA7BB904FAEC9545A8FC76314DADA1A040D828655648334F3D80CA7EE616945310F0C652336004BC8066967CF9E556E70F8F0E11FA429384FDE2465A3A9DD040D828653D7577417D6F8B2E24E322F572EBBBE52B30288BB74E9D29CEC6BE0063E9F6F2E5FA6C9999B8A7585FF0B820641C3EEEB2BBAD57BE4FB9CEEFA943AC4D4A2F1829A15409C6CF52EBBB0BAC1E3C78F1774453595670F8258195BE90D94A041D0B0EAFA927B25765E36487392ACAB61FA5DA7A85901C45557573B3E3E23E6C3870F86AE4CC379FA2088BF819A1F08040D828655D797DC2BB1E3B2EBAA9382C1A079E649989A15409C0CE2B273DEFD5AA4A2CAF30741FC0D549ABC091A040DABAE2FF3BF658B7727C9E79B7F1F6A56004B2A343749A182CDAB42D0705729B4EB2B56DC76EF52B302706B8B8651002D1AD3327326B642224183160DABAE2FF371A716DBA34503C09A76EDDAE59A311A23232373793C466349C088715BD0D0BFD28AC5AEF3048DDC5D5FE6311A76EF51C4180D0029ABABAB0BBB65D6495F5FDF441ECE3A9992659793EDF1E0C6A0B1DA31ABCF133472777D31EB04405E3871E2C407B7ACA3D1DCDCFC3E8FD6D158B10583A041D0B0EBFA32AFA3D1DADACA3A1A00DCE9CC9933BF696A6A7245D0A8AAAA7A9F2F2B83A68AA041D0B00A2B8302C80BB2B788D7EB8DECC2E8A4B1B131591534CC5E27040D82466A64AF13F3388E57AF5EB1D7090077D26F43139D9D9D8E068D9696966FD9BD95A041D0488F79F7D66BD7AEB17B2B00D7BE196DAEAAAA726C8A5C48F3783C0BFAADA884A041D02068A44EBA1A630FF9F2F2F248EB829DA42574DBB66DE619278DD4A80056545B5BFBD1A941A1A74E9DFA5657526F0BF1EFCAF456A6B7DAD0AA119F7DD2D0D060EBBA38F279E629B86B0D8E06B08E6DDAB4E9A73B76ECB07D3EFEF3E7CF3FEA0ACA282A2AFA82A0412168A4AFB8B8B8CE3C56C3EFF7DB72EF060281C4B53EBEA22605B02A8FC7F3FBDADA5ADBBA50666666E6F467CA20D0CE42FD9B1234081A36B56A7C137BE0CBC04C090156AF9BB175EB5673C8E8A706059092CACACA57F5F5F596878D5028B4E8F57AFF575252F2AC90FF9E040D82861DA24B924F99C386558B7849C8308FCBD065B6B4B4F4536A4F002957583A000C1F3F7EDCB02A6C484B860E34B20AE8DB429BCE4AD020683845878BCFF4037FC11C36A41B25976336A4A524A12523A43FF3736A4E0069870D5D793CAFA9A931723D6643C664487789B464147AC820681034EC260F7D73D8880D10CD76368ACC2E4918F849C800903D1D066EEB5060B4B6B61AB23B63B65358A3B34B8C421E9341D02068B8A165C3DC8D129BFAEAF3F9D2DE4051028AAC9391D05512EB2E216400C89ECC46D115CA50454585D1D6D6B698EE0AA2B2E2A72CC6A57FC6BC7495E8E0F2E57AFAFB1134081A4EB54AEA1785C72B6D357FE4C891C8DE283286435A2C632F11F25576619531181D1D1D9165C5CD2B7E9A077E32260340CE151717FF5C364BD2158CB17FFFFE99EBD7AFCF3C7AF468F1DDBB77E65C6148B0905D58658334D9BB449615D7E5BB425C8C8BA041D0C883FBB62EB175238B32CD14560096937115D1CAEB1B1D3A6440E7A2B932D2C7C2D18AAD5F562D5C0FE330081A040DB78BAE20FA3EC380319E6CAB7A0000418342D088938DD874E8B814DD627E2AFA62B0EC45415A2F651756E93AE52E0600820685A00100206850081A00001034081A0000103428040D000041234F1EC2D3D3D36A606020F2359BE3040D0000081ACB8A8406FD2B47BE66739CA00100004183A00100004183A041D0000080A041D0000080A041D0E0AA04001034081A040D0000081A040D0000081A040D82060080A041D02068000040D02068000040D0206810340000040D820641030080F4F5F4F41034081A00005823100884474747D9BDD505656868E83B1D34E6B92A010005E3FEFDFBA7FD7EBF31323292376FFD855824647477772FEA728EAB12005050F4C3AD5EBF494F4BB33DC5B1324FC8000000000000000000000000000000000000000000000000000000009017FE0FC2C8085125DF8ABB0000000049454E44AE426082, '1');
INSERT INTO `act_ge_bytearray` VALUES ('722534', '1', 'procxz01-cslc.bpmn', '722533', 0x3C3F786D6C2076657273696F6E3D22312E302220656E636F64696E673D225554462D38223F3E0A3C646566696E6974696F6E7320786D6C6E733D22687474703A2F2F7777772E6F6D672E6F72672F737065632F42504D4E2F32303130303532342F4D4F44454C2220786D6C6E733A62706D6E64693D22687474703A2F2F7777772E6F6D672E6F72672F737065632F42504D4E2F32303130303532342F44492220786D6C6E733A6F6D6764693D22687474703A2F2F7777772E6F6D672E6F72672F737065632F44442F32303130303532342F44492220786D6C6E733A6F6D6764633D22687474703A2F2F7777772E6F6D672E6F72672F737065632F44442F32303130303532342F44432220786D6C6E733A7873693D22687474703A2F2F7777772E77332E6F72672F323030312F584D4C536368656D612D696E7374616E63652220786D6C6E733A61637469766974693D22687474703A2F2F61637469766974692E6F72672F62706D6E222069643D227369642D33383432326661652D653033652D343361332D626566342D62643333623332303431623222207461726765744E616D6573706163653D22687474703A2F2F61637469766974692E6F72672F62706D6E22206578706F727465723D2262706D6E2D6A73202868747470733A2F2F64656D6F2E62706D6E2E696F2922206578706F7274657256657273696F6E3D22352E312E32223E0A20203C70726F636573732069643D22585A303122206E616D653D22E6B58BE8AF95E6B581E7A88B2220697345786563757461626C653D2274727565223E0A202020203C73746172744576656E742069643D224576656E745F303163646F6F3722206E616D653D22E6B581E7A88BE5BC80E5A78B223E0A2020202020203C6F7574676F696E673E466C6F775F307776633468303C2F6F7574676F696E673E0A202020203C2F73746172744576656E743E0A202020203C757365725461736B2069643D2241637469766974795F316D726666336C22206E616D653D22E983A8E997A8E4B8BBE7AEA1222061637469766974693A61737369676E65653D22247B5038303830303030317D223E0A2020202020203C696E636F6D696E673E466C6F775F3170626F3861393C2F696E636F6D696E673E0A2020202020203C6F7574676F696E673E466C6F775F31623774686A753C2F6F7574676F696E673E0A2020202020203C6D756C7469496E7374616E63654C6F6F704368617261637465726973746963732061637469766974693A636F6C6C656374696F6E3D22247B70726F6365737355736572536572766963652E67657444657074557365724C697374286465707449642C262333343B3830383030303031262333343B297D222061637469766974693A656C656D656E745661726961626C653D2250383038303030303122202F3E0A202020203C2F757365725461736B3E0A202020203C656E644576656E742069643D224576656E745F30707172327A65223E0A2020202020203C696E636F6D696E673E466C6F775F31623774686A753C2F696E636F6D696E673E0A202020203C2F656E644576656E743E0A202020203C73657175656E6365466C6F772069643D22466C6F775F31623774686A752220736F757263655265663D2241637469766974795F316D726666336C22207461726765745265663D224576656E745F30707172327A6522202F3E0A202020203C757365725461736B2069643D2241637469766974795F307A7835376E6722206E616D653D22E58F91E8B5B7E4BABA222061637469766974693A61737369676E65653D22247B656D706C6F79656549647D223E0A2020202020203C696E636F6D696E673E466C6F775F307776633468303C2F696E636F6D696E673E0A2020202020203C6F7574676F696E673E466C6F775F3170626F3861393C2F6F7574676F696E673E0A202020203C2F757365725461736B3E0A202020203C73657175656E6365466C6F772069643D22466C6F775F307776633468302220736F757263655265663D224576656E745F303163646F6F3722207461726765745265663D2241637469766974795F307A7835376E6722202F3E0A202020203C73657175656E6365466C6F772069643D22466C6F775F3170626F3861392220736F757263655265663D2241637469766974795F307A7835376E6722207461726765745265663D2241637469766974795F316D726666336C22202F3E0A20203C2F70726F636573733E0A20203C62706D6E64693A42504D4E4469616772616D2069643D2242706D6E4469616772616D5F31223E0A202020203C62706D6E64693A42504D4E506C616E652069643D2242706D6E506C616E655F31222062706D6E456C656D656E743D22585A3031223E0A2020202020203C62706D6E64693A42504D4E456467652069643D22466C6F775F31623774686A755F6469222062706D6E456C656D656E743D22466C6F775F31623774686A75223E0A20202020202020203C6F6D6764693A776179706F696E7420783D223538302220793D222D32363022202F3E0A20202020202020203C6F6D6764693A776179706F696E7420783D223635322220793D222D32363022202F3E0A2020202020203C2F62706D6E64693A42504D4E456467653E0A2020202020203C62706D6E64693A42504D4E456467652069643D22466C6F775F307776633468305F6469222062706D6E456C656D656E743D22466C6F775F30777663346830223E0A20202020202020203C6F6D6764693A776179706F696E7420783D223236382220793D222D32363022202F3E0A20202020202020203C6F6D6764693A776179706F696E7420783D223331302220793D222D32363022202F3E0A2020202020203C2F62706D6E64693A42504D4E456467653E0A2020202020203C62706D6E64693A42504D4E456467652069643D22466C6F775F3170626F3861395F6469222062706D6E456C656D656E743D22466C6F775F3170626F386139223E0A20202020202020203C6F6D6764693A776179706F696E7420783D223431302220793D222D32363022202F3E0A20202020202020203C6F6D6764693A776179706F696E7420783D223438302220793D222D32363022202F3E0A2020202020203C2F62706D6E64693A42504D4E456467653E0A2020202020203C62706D6E64693A42504D4E53686170652069643D2241637469766974795F30696B6E746F6D5F6469222062706D6E456C656D656E743D2241637469766974795F316D726666336C223E0A20202020202020203C6F6D6764633A426F756E647320783D223438302220793D222D333030222077696474683D2231303022206865696768743D22383022202F3E0A2020202020203C2F62706D6E64693A42504D4E53686170653E0A2020202020203C62706D6E64693A42504D4E53686170652069643D224576656E745F30707172327A655F6469222062706D6E456C656D656E743D224576656E745F30707172327A65223E0A20202020202020203C6F6D6764633A426F756E647320783D223635322220793D222D323738222077696474683D22333622206865696768743D22333622202F3E0A2020202020203C2F62706D6E64693A42504D4E53686170653E0A2020202020203C62706D6E64693A42504D4E53686170652069643D2241637469766974795F31647431796A665F6469222062706D6E456C656D656E743D2241637469766974795F307A7835376E67223E0A20202020202020203C6F6D6764633A426F756E647320783D223331302220793D222D333030222077696474683D2231303022206865696768743D22383022202F3E0A2020202020203C2F62706D6E64693A42504D4E53686170653E0A2020202020203C62706D6E64693A42504D4E53686170652069643D224576656E745F303163646F6F375F6469222062706D6E456C656D656E743D224576656E745F303163646F6F37223E0A20202020202020203C6F6D6764633A426F756E647320783D223233322220793D222D323738222077696474683D22333622206865696768743D22333622202F3E0A20202020202020203C62706D6E64693A42504D4E4C6162656C3E0A202020202020202020203C6F6D6764633A426F756E647320783D223232382220793D222D323335222077696474683D22343422206865696768743D22313422202F3E0A20202020202020203C2F62706D6E64693A42504D4E4C6162656C3E0A2020202020203C2F62706D6E64693A42504D4E53686170653E0A202020203C2F62706D6E64693A42504D4E506C616E653E0A20203C2F62706D6E64693A42504D4E4469616772616D3E0A3C2F646566696E6974696F6E733E0A, '0');
INSERT INTO `act_ge_bytearray` VALUES ('722535', '1', 'procxz01-cslc.XZ01.png', '722533', 0x89504E470D0A1A0A0000000D49484452000002BA0000005A08060000005726F5B200000C814944415478DAEDDD516C55E50107701F7DF4CD47DE7CDC9B4FF3C1C4379F9608566E2D62EF6C2242AC1A3082B815159CA08D802146B72686C514324B202EDB0AACB1E9A86E4160C0D81486D05A287438E8A094F69E9DEFA6971C0AA5406F7BCFB9F7F74BBE74DCDBB54DEFDF73FEFDEE77BE73DF7D0055268AA2FB4F9C38717ADFBE7DD19E3D7BA2CECE4E638EC7EEDDBBA32FBFFCB2108F2D1229A7720A006512CA43777777343838185DBD7AD5A8D03877EE5CD4D5D55588CBC406A9945339058032083364CA437A4A446767E755A9945339058032086F033B79A76784B788A5524EE51400CA209CB09CB815083935E414809A2D10C33F0E4427FEDA161DD9BDA638C2FF0E8F39E92B10722AA70090D90271E9427F74F88FABA3835F2CBF6184C7C2734EFC0A849CCA290064B2409C3EB2F3A6F2501A7D477639F12B10722AA70090CD02F18F3FFF6ACA02119E73E25720E4544E01209305E270E72FA72C10E139277E05424EE51400140843819053390580B4148870F5FA5405223CE7C4AF40C8A99C0240260BC4B73D9BA72C10E139277E05424EE5140032592086FA0F4587FFF48B9BDF0E8E1F0BCF39F12B10722AA70090C90211C6BFFFF6E94D05223CE6A4AF40C8A99C0240760BC4C848F4ED5FB6DCFC7670FC5878CE895F819053390580CC15887047A97FF56C9A72ED6378CE5DA7140839955300C84E8118198906BEDD1BFDFD0F2BA72C0FA5113E277CAE593305424EE51400525D20A69B1D336BA640C8A99C4A2500992C1077323B76BB593345408190533905805416887B2D0FA5A1082810722AA70090CA02612810726AC8E9DCC9E7F3F3EAEAEA363CF5D45307E37169E1C285E3F1C7A83426FE7D29FE9C63B95C6E4BFCF121BF35E0B6FAFAFA167474747CF3E1871F5E59B56A5561E9D2A5517D7DFDF503CB73CF3D17BDF2CA2B85969696FFAE5FBFFEB78B172F7E40813014083935E4B45CE2C2DA129F6FCEC445364A16DB3B1C43F1FF6FDDA38F3E7ABFDF24501445D1FDBDBDBD5F7CF0C107E3A1C8AE5BB72EFAFCF3CFA303070E44FDFDFDD1D8D85854323434141D3A7428DAB16347B479F3E6282EBAD1F2E5CB2FC67F792F50200C05424EE5947B1597D486B8A45EBA87727BAB311C8FD7FD56A1C6757575FDA6B5B5B5B064C99268FBF6EDD1C0C04074372E5CB8503CB8BFF0C20BD18B2FBE78313E483DA240180A849CCA29772ACCBEC6A574DFAD66705F7DF5D5E2B9A9A7A7273A75EA5474E5CA95E2B9677474B4F8EFDEDEDEE2C4CCEAD5ABA72ABC07ABF59D47609A59DC6DDBB68D343636469F7DF6D9F583C7BD0AB3BE619677D1A24551FC357FAF40180A849CCA29D3A9AFAF7F78F22C6E434343D4D6D676D7132F274F9E8C3EF9E493E23B8D93CAEE95F07DFCB6A146F4F7F7FF74D3A64DE3CDCDCDC503433985AFF7D24B2F85B5BC27B2FC57B402A140C8A921A7B32B97CB3D1E8F1B2E300B4BE706070767741E0A4BECD6AC5933B9EC8E55CB3B8EC03425372C55086FF3846507B321CC0EAF5DBB36CAE7F3E7B27A418002A140C8A921A7B33B939B2CB96116B7ABABEB866B4266AABBBBBBF875955DA81161B94298C90D2577A64B15EE6429C35B6FBD55880F32FF54200C05424EE594923001925CAE1076F63976ECD8AC9C8BC21ADE494B19AEC4DFFB41AF0254A1B026372C57B878F162341742995EB66C5921FEABFD0B05C25020E4544E09C28567C999DCD92AB9C9B29BDC26335CA0E655802AD3DDDDFD69B8F0ACDC6B72EF64CD6E38C0CC9F3FFF3105C25020E4544E6BBEE43624775708CB15E64258C63069CDAEADC7A05A84250BEFBDF75E7177854AE8E8E808B3BAFD0A84A140C8A99CD6B6E4928570E15939D7E44E67D2056AC36E2A015522DC0C22EC933BDBEB726FB75EB7B1B171BCBEBEBE4E813014083995D3DA3471C7B3EB4B1666BABBC2BDECC6905CAF1BEEA0E655812AF0FEFBEF8F870DB72B69E7CE9D63F141EE8402612810722AA7B529DCD6B75432C33EB995B075EBD61B6E17EC55818CEBEBEB5B106EEB7BB71B6F975BD8CA2C97CB15B2B2B7AE02A140C8A921A7E593CFE7E725D7E656EA9C1466919317A6D5D5D53DE4D5810CEBE8E8F8E6DD77DF8DD2E0B5D75EFB5F78EBAAC2330A43F1C1768902A140A47CE64B4EE5B4AAF21A1FFB37246FEB5B49C9DB05E772B92D9A0264D8C68D1B47C27DC0D3A0ADAD6DA4D2DBBA24DFB28A0FBC3F572014889416073995D3AACA6B38F6973EAFD24BE9C2393131A37B4C53800C5BB56A55E1C08103A928BAFBF7EF1F8D0F2C975272402E8D73B79A89502014083935E4B47C790DC7FED2F33D3D3D153D17857D75133FEB254D01326CE9D2A5155F9F5B72FEFCF9427CF01B4FD901F9FA4C44F2C0AC402810726AC869F9F21A8EFDA5C74F9D3A55D173517F7F7F72E785714D01322C2CBA9FCB7D0AA7130E2C293D205F9F89086FBD29100A849C1A725ABEBC26FF3D3A3A5AD1F350F8FEC99F4753808C1F80D2E40E0E88A9180A44BA4656725389211F729AB591B67391A6006674CBA590E219DDE1B02344E94E398AAE99323935E4B47C794D3E5EA99B1799D1852AF4FCF3CFA7668DEED9B3674752B846F786E25092F60211FF88B71CE57A5E81485D71C8444E673B9769CFADA23B755E936B744F9E3C698D2E501E2B56AC184FCBAE0BBDBDBD1752B4EBC2A570FBC7A9EE759E85A27BBBC766FABCA29B9AE290A99CCE762ED39E5B4577EABCDA750198156FBEF9E6F9B4ECA3DBDADA7A2605FBE8DE72664CD1557453561C32995345B7668BEEB4794DEEA3DBDEDE6E1F5DA03CDE79E79D5FAF5FBF3E1545B7A9A9E94CA5EF8C76A7145D45574E155D392D1F77460366C5E2C58B1F686C6C8C8686862A7A603977EE5CB82BDA78F8791408455781507415DDDA92CFE7E725D7F11E3F7EBC22E7A2C1C1C1285CA49D98D17DC8AB031917FFF57C61D7AE5D152DBA9B366DFA2E3EA09C5020145D0542D155746B535C2CCF940AE6471F7D549173D1D6AD5B6FB8A1855705AAE32FE9054D4D4D15DBD2652C96CBE546E3BFA2EB1408455781507415DDDA1496AE954A664343437176752E8577369F79E699E48E0BEBBC2A50259A9B9B7FACD445696FBFFDF677F141E5B402617B3105A2FA8BEE7DB617E3F6B3BAD7775F58B366CD9CEEF31EBE5F720BB4E92EF60432E489279EF8C9B3CF3E3BE7FB171E3D7AF4C7F88052983F7FFE630A84A140C8A99CD6B6279F7C724572AD6E5757D79C9C8BBABBBB27EFF5FBBA5703AA4C2E97FB5D7373F39C2D61B87CF9F248FC3DC34568BB14084381905339656256F7EB52E10C178685123ADBFBE63EFDF4D3C9927BD0AB00552A9FCF1F6F696999F5B23B363676ADB1B1F13F7575754714084381905339A564E296C097926577B66E22114A6E725D6E3CAE2C5CB8F041AF0254F101262EA0036FBCF14661B6CA6E98C98D0B75B80BDAE9AC6C27A6402810726AC8E9DC89CBEDC371E11C4D96DDB08CA19C6B76C34CF1A499DCB1F87B3EE2B70F355076E3FFD88F2E5BB6AC50EE35BB614D6E58AE106672B35A72150805424E0D399D7DA17426CB6EE902B599EEC61076579874E199920BB5282EA3DBE2525A686F6F2F8C8E8ECE780BB189DD150A595C93AB402810726AC86965667693CB184A5B8FB5B5B545030303777D3388B04FEEA4A50AA5E50A4A2ED4A2B01B437C00E85BB4685161FBF6EDD7EEF60E6AE18E67E16610F1D7B81A962AC4C5F97105C25020E4544EB953E15DC6BABABAFD93CA6971AC5CB9326A6F6F2FAEE10DEF40962665C2C7FEFEFEE21ADC1D3B76146FEB9BBCE359F2C2336B7281B0E5CBCFE203CDB1F8805078F9E5972F7FFCF1C797BFFAEAAB6B3FFCF043B2D71642B18D0F2C175A5B5BCF34353585BBDC8CC7E3FB2CDD0C42815020E4D490D3549E87564C9EDD9DC118B685187093B0AE76E260F3755C7AC30565D792078FF8B1F18903D1C170979B2CAFC3552014083935E4347D26EEA076E61E0BEE50B8E3999B410028100A849C1A729A5AF97C7E5E5C7A3786899530C13231D172D3C44B78373297CB6D094BF1FCD600140805424E0D390540813014083935E4140005C25020E4544E01408130140839955300502014080522E3391D1E1E8E0E1F3E5CFC3893C7E51400145D45574E533542698D7FE4E2C7993C2EA700A0E82ABA72AAE8CA290028BA0A849C2ABA720A800261281072AAE8CA29000A84A140C8A9A20B000A84A14028BA8A2E0028108A2E8AAE9C0280A2ABE8CAA9A22BA700A0E82A1072AAE8CA29000A84A140C8A9A22BA70028108602A1E82ABA00A040180A84A2ABE802C06CD8B3678F82A940C8A9A22BA700549FEEEEEEF1C1C141253305A3AFAFEFFBB8405C95CA6CE7747878B8585AC3C7993C2EA70030437BF7EE5DDBD5D555387BF6ACB259E1F2B07BF7EE6BF1D82095722AA7005026F149ABA5B3B37338BC1D69546C5C551EE4544E010000000000000000000000000000000000000000000000A086FC1FEF3DBD75DF1A527C0000000049454E44AE426082, '1');
INSERT INTO `act_ge_bytearray` VALUES ('727582', '1', 'procxz01-cslc.bpmn', '727581', 0x3C3F786D6C2076657273696F6E3D22312E302220656E636F64696E673D225554462D38223F3E0A3C646566696E6974696F6E7320786D6C6E733D22687474703A2F2F7777772E6F6D672E6F72672F737065632F42504D4E2F32303130303532342F4D4F44454C2220786D6C6E733A62706D6E64693D22687474703A2F2F7777772E6F6D672E6F72672F737065632F42504D4E2F32303130303532342F44492220786D6C6E733A6F6D6764693D22687474703A2F2F7777772E6F6D672E6F72672F737065632F44442F32303130303532342F44492220786D6C6E733A6F6D6764633D22687474703A2F2F7777772E6F6D672E6F72672F737065632F44442F32303130303532342F44432220786D6C6E733A7873693D22687474703A2F2F7777772E77332E6F72672F323030312F584D4C536368656D612D696E7374616E63652220786D6C6E733A61637469766974693D22687474703A2F2F61637469766974692E6F72672F62706D6E222069643D227369642D33383432326661652D653033652D343361332D626566342D62643333623332303431623222207461726765744E616D6573706163653D22687474703A2F2F61637469766974692E6F72672F62706D6E22206578706F727465723D2262706D6E2D6A73202868747470733A2F2F64656D6F2E62706D6E2E696F2922206578706F7274657256657273696F6E3D22352E312E32223E0A20203C70726F636573732069643D2250726F636573735F312220697345786563757461626C653D2274727565223E0A202020203C73746172744576656E742069643D224576656E745F3161387476357722206E616D653D22E6B581E7A88BE5BC80E5A78B223E0A2020202020203C6F7574676F696E673E466C6F775F316A6E6261306B3C2F6F7574676F696E673E0A202020203C2F73746172744576656E743E0A202020203C73657175656E6365466C6F772069643D22466C6F775F316A6E6261306B2220736F757263655265663D224576656E745F3161387476357722207461726765745265663D2241637469766974795F31693275746D3022202F3E0A202020203C757365725461736B2069643D2241637469766974795F31693275746D3022206E616D653D22E58F91E8B5B7E4BABA222061637469766974693A61737369676E65653D22247B656D706C6F79656549647D223E0A2020202020203C696E636F6D696E673E466C6F775F316A6E6261306B3C2F696E636F6D696E673E0A2020202020203C6F7574676F696E673E466C6F775F307662716A78323C2F6F7574676F696E673E0A202020203C2F757365725461736B3E0A202020203C73657175656E6365466C6F772069643D22466C6F775F307662716A78322220736F757263655265663D2241637469766974795F31693275746D3022207461726765745265663D2241637469766974795F30747864616E3222202F3E0A202020203C757365725461736B2069643D2241637469766974795F30747864616E3222206E616D653D22E983A8E997A8E4B8BBE7AEA1222061637469766974693A61737369676E65653D22247B5038303830303030317D223E0A2020202020203C696E636F6D696E673E466C6F775F307662716A78323C2F696E636F6D696E673E0A2020202020203C6F7574676F696E673E466C6F775F30316E7869376B3C2F6F7574676F696E673E0A2020202020203C6D756C7469496E7374616E63654C6F6F704368617261637465726973746963732061637469766974693A636F6C6C656374696F6E3D22247B70726F6365737355736572536572766963652E67657444657074557365724C697374286465707449642C262333343B3830383030303031262333343B297D222061637469766974693A656C656D656E745661726961626C653D2250383038303030303122202F3E0A202020203C2F757365725461736B3E0A202020203C656E644576656E742069643D224576656E745F31346564636D36223E0A2020202020203C696E636F6D696E673E466C6F775F30316E7869376B3C2F696E636F6D696E673E0A202020203C2F656E644576656E743E0A202020203C73657175656E6365466C6F772069643D22466C6F775F30316E7869376B2220736F757263655265663D2241637469766974795F30747864616E3222207461726765745265663D224576656E745F31346564636D3622202F3E0A20203C2F70726F636573733E0A20203C62706D6E64693A42504D4E4469616772616D2069643D2242706D6E4469616772616D5F31223E0A202020203C62706D6E64693A42504D4E506C616E652069643D2242706D6E506C616E655F31222062706D6E456C656D656E743D2250726F636573735F31223E0A2020202020203C62706D6E64693A42504D4E456467652069643D22466C6F775F316A6E6261306B5F6469222062706D6E456C656D656E743D22466C6F775F316A6E6261306B223E0A20202020202020203C6F6D6764693A776179706F696E7420783D223430382220793D2232393022202F3E0A20202020202020203C6F6D6764693A776179706F696E7420783D223436302220793D2232393022202F3E0A2020202020203C2F62706D6E64693A42504D4E456467653E0A2020202020203C62706D6E64693A42504D4E456467652069643D22466C6F775F307662716A78325F6469222062706D6E456C656D656E743D22466C6F775F307662716A7832223E0A20202020202020203C6F6D6764693A776179706F696E7420783D223536302220793D2232393022202F3E0A20202020202020203C6F6D6764693A776179706F696E7420783D223632302220793D2232393022202F3E0A2020202020203C2F62706D6E64693A42504D4E456467653E0A2020202020203C62706D6E64693A42504D4E456467652069643D22466C6F775F30316E7869376B5F6469222062706D6E456C656D656E743D22466C6F775F30316E7869376B223E0A20202020202020203C6F6D6764693A776179706F696E7420783D223732302220793D2232393022202F3E0A20202020202020203C6F6D6764693A776179706F696E7420783D223738322220793D2232393022202F3E0A2020202020203C2F62706D6E64693A42504D4E456467653E0A2020202020203C62706D6E64693A42504D4E53686170652069643D224576656E745F316138747635775F6469222062706D6E456C656D656E743D224576656E745F31613874763577223E0A20202020202020203C6F6D6764633A426F756E647320783D223337322220793D22323732222077696474683D22333622206865696768743D22333622202F3E0A20202020202020203C62706D6E64693A42504D4E4C6162656C3E0A202020202020202020203C6F6D6764633A426F756E647320783D223336382220793D22333135222077696474683D22343422206865696768743D22313422202F3E0A20202020202020203C2F62706D6E64693A42504D4E4C6162656C3E0A2020202020203C2F62706D6E64693A42504D4E53686170653E0A2020202020203C62706D6E64693A42504D4E53686170652069643D2241637469766974795F30746865747A6A5F6469222062706D6E456C656D656E743D2241637469766974795F31693275746D30223E0A20202020202020203C6F6D6764633A426F756E647320783D223436302220793D22323530222077696474683D2231303022206865696768743D22383022202F3E0A2020202020203C2F62706D6E64693A42504D4E53686170653E0A2020202020203C62706D6E64693A42504D4E53686170652069643D2241637469766974795F316E6C6337726B5F6469222062706D6E456C656D656E743D2241637469766974795F30747864616E32223E0A20202020202020203C6F6D6764633A426F756E647320783D223632302220793D22323530222077696474683D2231303022206865696768743D22383022202F3E0A2020202020203C2F62706D6E64693A42504D4E53686170653E0A2020202020203C62706D6E64693A42504D4E53686170652069643D224576656E745F31346564636D365F6469222062706D6E456C656D656E743D224576656E745F31346564636D36223E0A20202020202020203C6F6D6764633A426F756E647320783D223738322220793D22323732222077696474683D22333622206865696768743D22333622202F3E0A2020202020203C2F62706D6E64693A42504D4E53686170653E0A202020203C2F62706D6E64693A42504D4E506C616E653E0A20203C2F62706D6E64693A42504D4E4469616772616D3E0A3C2F646566696E6974696F6E733E0A, '0');
INSERT INTO `act_ge_bytearray` VALUES ('727583', '1', 'procxz01-cslc.Process_1.png', '727581', 0x89504E470D0A1A0A0000000D494844520000033C000001540806000000E1CE39F00000100D4944415478DAEDDD5F6C95E51D07702FBDDC9D97DE79B93BAFE68589775E2D1138722A883DA38908B16AA411AC5BF10F4ED046D010A35B13C3622A192510976D05D7D830AB5B141C3A368521B6165A3A1C74504A7BDE3DCF0987BDB494022D3D7FDECF27F9A5724E6D9BE6973EDFDFFB3EEFFBDE761B0000000000000000000000000000000000000000000000000000000000000000000000000000000000000000000000000000000000000000000000000000000000000000000000000000000000000000000000000000000000000000000000000000000000000000000000000000000000000000000000000000000000000000000000000000000000000000000000000000000000000000000000000000000000000000000000000000000000000000000000000000000000000000000000000000000000000000000000000000000000000000000000000000000000000000000000000000000000000000000000000000000000000000000000000000000000000000000000000000000000000000000000000000000000000000000000000000000000000000000000000000000000000000000000000000000000000000000000000000000000000000000000000000000000000000000000000000000000000000000000000000000000000000000000000000000000000000000000000000000000000000000000000000000000000000000000000000000000000000000000000000000000000000000000000000000000000000000000000000000000000000000000000000000000000000000000000000000000000000000000000000000000000000000000000000000000000000000000000000000000000000000000000000000000000000000000000000000000000000000000000000000000000000000000000000000000000000000000000000000000000000000000000000000000000000000000000000000000000000000000000000000000000000000000000000000000000000000000000000000000000000000000000000000000000000000000000000000000000000000000000000000000000000000000000000000000000000000000000000000000000000000000000000000000000000000000000000000000000000000000000000000000000000000000000000000000000000000000000000000000000000000000000000000000000000000000000000000000000000000000000000000000000000000000000000000000000000000000000B244992DB8F1E3DFADDC71F7F9CECDBB72FE9EEEE560B5C7BF7EE4D3EFAE8A362A86DFA4F3FE83F00807914C3666F6F6F323434945CB8704155A8868787939E9E9E62089F9BF59FD27F0000F3241E591736AB27747677775FD07F4AFF0100CC93B88D48D8AB9E8A5B8CF49FD27F0000F324061C414FE0D47FCAC00300643A708EFE30981CFD4B47F2E5DE0DA58AFF1D5F1312054EFDA7FF00006A3A709E3D3D901CFA436B72F083A7AFA8F85A7C4F501438F59FFE0300A8D9C0F9DD97BBA785CD72F57FB947501438F59FFE0300A8DDC0F9F73FFD72C6C019DF1314054EFDA7FF00006A36701EEAFEC58C8133BE27280A9CFA4FFF0100089C4AE0D47FFA0F00A0DA0267BC2BD64C8133BE27280A9CFA4FFF0100D46CE0FC7AFF1B3306CEF89EA02870EA3FFD070050B3817364E08BE4D01F7F3E7D3B51782DBE27280A9CFA4FFF0100D46CE08CF5AFBFBE3B2D70C6D784448153FFE93F0080DA0E9C6363C9D77FDE367D3B51782DBE27280A9CFA4FFF0100D464E08C4FB2FFE7FEAD335E4311DFF3B47B8153FFE93F0080DA0A9C6363C9E0D71F267FFBFDBA19C366B9E2E7C4CF75B45DE0D47FFA0F00A0EA03E76C47D51D6D1738F59FFE0300A8D9C0793D47D5AF75B45D701438F59FFE0300A8DAC079B361B35C82A3C0A9FFF41F0040D5064E2570EA3FFDC7CC0A85C29DB95C6EF3830F3E7830D4D9A54B974E868F49B92EFDFB6CF89CC3F97C7E5BF87897DF1A00F3A6BFBF7F715757D7E76FBEF9E6F9F5EBD71757AF5E9D3434345C5E8856AE5C993CF5D453C5B6B6B6FF6CDAB4E9372B56ACF8918147D01338F59F32F0CC260C2E6D611D3911069A243DE05C678D84FF6FE3BDF7DE7BBBDF2400372C4992DBFBFAFA3E78FDF5D727E340B371E3C664E7CE9DC98103079281818164626222291B191949BEF8E28B64D7AE5DC91B6FBC9184812779FAE9A7CF140A85C5061E2570EA3FFDC754615859168695B33731E45CAD46433DEBB70AC075EBE9E9F9757B7B7B71D5AA55C98E1D3B92C1C1C1E4469C3E7DBAB4C83FF6D863C9E38F3F7E262C6AF7089C4AE0D47FFA8F7836260C271F5FED8C4E4B4B4B69CDD9BF7F7F72FCF8F1E4FCF9F3A535657C7CBCF4EFBEBEBED281B7D6D6D699069F8359DF6100C02CE2599DF7DF7F7FACB1B13179EFBDF72E2F36372B9E058A677D962F5F9E84AFF93B8153099CFA4FFF65574343C3DD53CFEA2C5BB62CE9E8E8B8E1036BC78E1D4BDE79E79DD28E822943CFF9F87DFCB60198666060E0275BB76E9D6C6E6E2E2D24F3297EBD279E78225EEB73340B47DF044E8153FF2903CF95F2F9FCFDA1AEB81141DC2A3D343434A7F5256EA9DEB061C3D4A167226B3B0B00B88E61276E618BDB04E276B45B219E2D7AE9A5979242A1305CEF17980A9C02A7FE53069EFF8B675CD2C34E3CABD3D3D373C5B5A073D5DBDB5BFABA861E00A689DBD8E2999D38ECCC750BDBF56C717BE185178A6151FA87C0A9044EFDA7FFEA5F3CC095DEC616EFF079F8F0E15BB2C6C46B7CA66C713B1FBEF71D567A808C8BD7ECC46D6C67CE9C4916421CAAD6AC5953CCE7F31F089C4AE0D47FFAAFBEC51B14A4CFECDCAA61273DF4A41F9B106F6460A507C8B0DEDEDE77E30D0AE6FB9A9DEBB9A6272E488B162DBA4FE05402A7FED37F753BEC2C4BDF8D2D6E635B08717BDB946B7ADCB21A208BE256B6575F7DB57437B64AE8EAEA8A677906044E2570EA3FFD579FD25BD9E20D0AE6F39A9DD94CB991C1A887930264507CA8687CCECEADBE6EE75AD7F33436364E363434E4044E2570EA3FFD575F72B95C5B7A2BDB5CEFC67633776F4B5FCF1386AF8D567E808C79EDB5D726E303DE2A69F7EEDD1361513C2A702A8153FFE9BFFA12868C13E561233E67A712B66FDF9E3ECB3362E507C890FEFEFEC52B57AEBCE107BDCDB7780BEC7C3E5FACB767F3089C02A7FE53591E780A85C29DE96B772AB5D6C4B34AE91B18E472B9BB2400808CE8EAEAFAFC95575E49AAC133CF3CF3DFB8F5A1468E588E84457C95C02970EA3F95D581E77AFA30FC4DDF5C1E325A5A5A2ABAC6C4472E947F967C3EBF4D0200C8882D5BB68CEDDCB9B32A069E8E8E8EB15AB96D687A6B4458D07F26700A9CFA4F6570E099B50FE3DFF4F2E7557AEB745CEB5267780E4B000019B17EFDFAE2810307AA62E0F9ECB3CFC6C34274B6C616FA720D5FED48A7C02970EA3F95818167C63E8C7FD3CBEFEFDFBFBFA26B4C7C2E4FEA673D2B010064C4EAD5AB2B7EFD4ED9A953A78A61B19CACD185FEF291CEF4822F700A9CFA4F6568E099D687F16F7AF9F5E3C78F57748D19181848DFA96D520200C8887811E7423E0F61367121AAF185FEF291CEB8C543E01438F59FCAE0C073B90FD3FF1E1F1FAFE8FA12BF7FFAE79100003222FED1AF26D7B180D654099CD555F5D65FFA4FFFD55255DB1A23010038C35309C53A38C3331AEF34577E92B7C0E908BBFE53193CC373B90FD3AF57EAE1D6CEF00064DCA38F3E5A35D7F09C3C7972AC86AFE1B9226896557BE00C3FE2556BBEDE1738F5DF42F65BB5F76306069E697D98BE86E7D8B163AEE10160E1AD5DBB76B25AEED2D6D7D777BA06EFD276362C9C1BA706CD5A1A78AEF5DA5CDF37F0E8BF85ECB76AEFC73A1E7866EC43776903A0E29E7FFEF953D5F21C9EF6F6F61335F41C9EAB1E5137F01878F49F81274303CFAC7D987E0E4F6767A7E7F000B0F05E7EF9E55F6DDAB4A92A069EA6A6A61371F1ACA7DFAF81C7C0A3FF0C3C59EDBF28FC4DDF5C1E325A5A5A2ABAC6B4B6B65E1E78F2F9FC360900202356AC58F1A3C6C6C6646464A4A20BD1F0F0F058588426E3CF23701A78044E038F81A73E140A853BD3D7F91C3972A4226BCCD0D050126FD2933AC37397040090212D2D2DA7F7ECD953D18167EBD6ADDF8405E8A8C069E011380D3C069EFA12068C13E541E3ADB7DEAAC81AB37DFBF62B1E8C6AE507C8DE11B8C54D4D4D15BB65E84490CFE7C71B1A1A7202A78147E034F01878EA4BDCAA5C1E36962D5B563ADBB290E20E86871F7E387D87B68D567E800C6A6E6EFEA152372F78F1C517BF098BD07702A7DB520B9CF53FF0DCE6B6D49994BE5BDB860D1B16F4F96FF1FBA56F9D3DDBCD3E00A8530F3CF0C08F1F79E491057F4EC2575F7DF54358808A8B162DBA4FE05402A7FED37FF569C992256BD3D7F2F4F4F42CC81AD3DBDB3BF55941CF5AF101322C9FCFFFB6B9B979C1B6B69D3B776E2C7CCF78B3823D02A71238F59FFEAB6FE16FFDA7E5C123DE40200E23B7FAB93B0F3DF4507AD83968A507205ECF73A4ADADED960F3D131313171B1B1BFF9DCBE5BE143895C0A9FFF45FFD8B5BC9D25BDBE2D073AB1E461A879DF4753BA1CE2F5DBAF40EAB3C00A505290C2283CF3DF75CF1560D3DF1CC4E18AC4EC7EB76EAED36D402A7C0A9FF94FE9B591872EE0E83C7787AE889DBDBE6F39A9E78E668CA999D89F03DEFB1C20370C5D0131687AFD6AC59539CEF6B7AE2353B711B5B3CB353EFC38EC02970EA3F65E0992E0E1FE9A1A77C2383B9DEBD2DDE8D6DCA0D0A0C3B005C5B184ADE0FC349B1B3B3B3383E3E3EE75B4F5FBA1B5BB19EAFD91138054EFDA7F4DFECE2999EF4F6B6F22DAB3B3A3A92C1C1C11B7EA8687CCECE942D6CE56D6C861D00AE2DDEBD2D2C18FDCB972F2FEED8B1E3623C827623868787C7E24345C3D7B810B7B08501EA7E8153099CFA4FFF117713E472B9CFA60C29A55AB76E5DD2D9D959BAC627EE34281F748B1F0706064AD7E8ECDAB52B696D6D2D6D8BBBCAD738E89A1D006EC892254B7E1A16A6C36101293EF9E493E7DE7EFBED739F7CF2C9C5EFBFFF3E3DDF14E3801316A2D3EDEDED279A9A9AE2D3B527437D5B8F0F151538054EFDA7F4DFBCAC2F6BA79EED99438DBAF534007312AFBBB9B4387D1A869F78E3818BE9C526BC367969E13A189FAE9D85EB74044E8153FF29FD377771CD086BC7899B1C7446C2FAB3D143450140E01438F59FD27F55AD5028DC19869F2DF1C0593C8076E940DAB4036B71D7413E9FDF16B75EFBAD0180C0A90C3C4AFF0100089C02A7FE53FA0F0040E01438F59FD27F00808147D01338F59F32F0000002A7123833DC7FA3A3A3C9A143874A1FE7F2BAFE030010380D3CFAAFEA2A0E2FE1472E7D9CCBEBFA0F0040E034F0E83F038FFE030030F01878F49F8147FF01001878044EFD67E0D17F00808147099CFACFC0030020702A81D3C063E00100103895C069E0D17F000002A732F01878F41F008081C7C0A3FF0C3CFA0F00C0C063E0D17F061EFD070018780C1A02A7FE33F0187800008153099C061E030F00402DD9B76F9F4143E0D47F061E030F00509F7A7B7B278786860C1B5550FDFDFDDF86C07941FF55678D8E8E968697F8712EAFEB3F008005F4E1871FBED4D3D3533C79F2A4A1A3C26173EFDEBD17436DD67F4AFF0100CCA31072DABABBBB47E3761655B1BA90D5B0A9FFF41F0000000000000000000000000000000000000000000000000000000040DDF81F057EAA585E9C8C980000000049454E44AE426082, '1');
INSERT INTO `act_ge_bytearray` VALUES ('730002', '1', 'procxz01-cslc.bpmn', '730001', 0x3C3F786D6C2076657273696F6E3D22312E302220656E636F64696E673D225554462D38223F3E0A3C646566696E6974696F6E7320786D6C6E733D22687474703A2F2F7777772E6F6D672E6F72672F737065632F42504D4E2F32303130303532342F4D4F44454C2220786D6C6E733A62706D6E64693D22687474703A2F2F7777772E6F6D672E6F72672F737065632F42504D4E2F32303130303532342F44492220786D6C6E733A6F6D6764693D22687474703A2F2F7777772E6F6D672E6F72672F737065632F44442F32303130303532342F44492220786D6C6E733A6F6D6764633D22687474703A2F2F7777772E6F6D672E6F72672F737065632F44442F32303130303532342F44432220786D6C6E733A7873693D22687474703A2F2F7777772E77332E6F72672F323030312F584D4C536368656D612D696E7374616E63652220786D6C6E733A61637469766974693D22687474703A2F2F61637469766974692E6F72672F62706D6E222069643D227369642D33383432326661652D653033652D343361332D626566342D62643333623332303431623222207461726765744E616D6573706163653D22687474703A2F2F61637469766974692E6F72672F62706D6E22206578706F727465723D2262706D6E2D6A73202868747470733A2F2F64656D6F2E62706D6E2E696F2922206578706F7274657256657273696F6E3D22352E312E32223E0A20203C70726F636573732069643D22585A303122206E616D653D22585A30312DE6B58BE8AF95E6B581E7A88B2220697345786563757461626C653D2274727565223E0A202020203C73746172744576656E742069643D224576656E745F31613874763577223E0A2020202020203C6F7574676F696E673E466C6F775F316A6E6261306B3C2F6F7574676F696E673E0A202020203C2F73746172744576656E743E0A202020203C73657175656E6365466C6F772069643D22466C6F775F316A6E6261306B2220736F757263655265663D224576656E745F3161387476357722207461726765745265663D2241637469766974795F31693275746D3022202F3E0A202020203C757365725461736B2069643D2241637469766974795F31693275746D3022206E616D653D22E58F91E8B5B7E4BABA222061637469766974693A61737369676E65653D22247B656D706C6F79656549647D223E0A2020202020203C696E636F6D696E673E466C6F775F316A6E6261306B3C2F696E636F6D696E673E0A2020202020203C6F7574676F696E673E466C6F775F307662716A78323C2F6F7574676F696E673E0A202020203C2F757365725461736B3E0A202020203C73657175656E6365466C6F772069643D22466C6F775F307662716A78322220736F757263655265663D2241637469766974795F31693275746D3022207461726765745265663D2241637469766974795F30747864616E3222202F3E0A202020203C757365725461736B2069643D2241637469766974795F30747864616E3222206E616D653D22E983A8E997A8E4B8BBE7AEA1222061637469766974693A61737369676E65653D22247B5038303830303030317D223E0A2020202020203C696E636F6D696E673E466C6F775F307662716A78323C2F696E636F6D696E673E0A2020202020203C6F7574676F696E673E466C6F775F30316E7869376B3C2F6F7574676F696E673E0A2020202020203C6D756C7469496E7374616E63654C6F6F704368617261637465726973746963732061637469766974693A636F6C6C656374696F6E3D22247B70726F6365737355736572536572766963652E67657444657074557365724C697374286465707449642C262333343B3830383030303031262333343B297D222061637469766974693A656C656D656E745661726961626C653D2250383038303030303122202F3E0A202020203C2F757365725461736B3E0A202020203C656E644576656E742069643D224576656E745F31346564636D36223E0A2020202020203C696E636F6D696E673E466C6F775F30316E7869376B3C2F696E636F6D696E673E0A202020203C2F656E644576656E743E0A202020203C73657175656E6365466C6F772069643D22466C6F775F30316E7869376B2220736F757263655265663D2241637469766974795F30747864616E3222207461726765745265663D224576656E745F31346564636D3622202F3E0A20203C2F70726F636573733E0A20203C62706D6E64693A42504D4E4469616772616D2069643D2242706D6E4469616772616D5F31223E0A202020203C62706D6E64693A42504D4E506C616E652069643D2242706D6E506C616E655F31222062706D6E456C656D656E743D22585A3031223E0A2020202020203C62706D6E64693A42504D4E456467652069643D22466C6F775F30316E7869376B5F6469222062706D6E456C656D656E743D22466C6F775F30316E7869376B223E0A20202020202020203C6F6D6764693A776179706F696E7420783D223732302220793D2232393022202F3E0A20202020202020203C6F6D6764693A776179706F696E7420783D223738322220793D2232393022202F3E0A2020202020203C2F62706D6E64693A42504D4E456467653E0A2020202020203C62706D6E64693A42504D4E456467652069643D22466C6F775F307662716A78325F6469222062706D6E456C656D656E743D22466C6F775F307662716A7832223E0A20202020202020203C6F6D6764693A776179706F696E7420783D223536302220793D2232393022202F3E0A20202020202020203C6F6D6764693A776179706F696E7420783D223632302220793D2232393022202F3E0A2020202020203C2F62706D6E64693A42504D4E456467653E0A2020202020203C62706D6E64693A42504D4E456467652069643D22466C6F775F316A6E6261306B5F6469222062706D6E456C656D656E743D22466C6F775F316A6E6261306B223E0A20202020202020203C6F6D6764693A776179706F696E7420783D223430382220793D2232393022202F3E0A20202020202020203C6F6D6764693A776179706F696E7420783D223436302220793D2232393022202F3E0A2020202020203C2F62706D6E64693A42504D4E456467653E0A2020202020203C62706D6E64693A42504D4E53686170652069643D224576656E745F316138747635775F6469222062706D6E456C656D656E743D224576656E745F31613874763577223E0A20202020202020203C6F6D6764633A426F756E647320783D223337322220793D22323732222077696474683D22333622206865696768743D22333622202F3E0A20202020202020203C62706D6E64693A42504D4E4C6162656C3E0A202020202020202020203C6F6D6764633A426F756E647320783D223336382220793D22333135222077696474683D22343422206865696768743D22313422202F3E0A20202020202020203C2F62706D6E64693A42504D4E4C6162656C3E0A2020202020203C2F62706D6E64693A42504D4E53686170653E0A2020202020203C62706D6E64693A42504D4E53686170652069643D2241637469766974795F30746865747A6A5F6469222062706D6E456C656D656E743D2241637469766974795F31693275746D30223E0A20202020202020203C6F6D6764633A426F756E647320783D223436302220793D22323530222077696474683D2231303022206865696768743D22383022202F3E0A2020202020203C2F62706D6E64693A42504D4E53686170653E0A2020202020203C62706D6E64693A42504D4E53686170652069643D2241637469766974795F316E6C6337726B5F6469222062706D6E456C656D656E743D2241637469766974795F30747864616E32223E0A20202020202020203C6F6D6764633A426F756E647320783D223632302220793D22323530222077696474683D2231303022206865696768743D22383022202F3E0A2020202020203C2F62706D6E64693A42504D4E53686170653E0A2020202020203C62706D6E64693A42504D4E53686170652069643D224576656E745F31346564636D365F6469222062706D6E456C656D656E743D224576656E745F31346564636D36223E0A20202020202020203C6F6D6764633A426F756E647320783D223738322220793D22323732222077696474683D22333622206865696768743D22333622202F3E0A2020202020203C2F62706D6E64693A42504D4E53686170653E0A202020203C2F62706D6E64693A42504D4E506C616E653E0A20203C2F62706D6E64693A42504D4E4469616772616D3E0A3C2F646566696E6974696F6E733E0A, '0');
INSERT INTO `act_ge_bytearray` VALUES ('730003', '1', 'procxz01-cslc.XZ01.png', '730001', 0x89504E470D0A1A0A0000000D494844520000033C000001540806000000E1CE39F00000100D4944415478DAEDDD5F6C95E51D07702FBDDC9D97DE79B93BAFE68589775E2D1138722A883DA38908B16AA411AC5BF10F4ED046D010A35B13C3622A192510976D05D7D830AB5B141C3A368521B6165A3A1C74504A7BDE3DCF0987BDB494022D3D7FDECF27F9A5724E6D9BE6973EDFDFFB3EEFFBDE761B0000000000000000000000000000000000000000000000000000000000000000000000000000000000000000000000000000000000000000000000000000000000000000000000000000000000000000000000000000000000000000000000000000000000000000000000000000000000000000000000000000000000000000000000000000000000000000000000000000000000000000000000000000000000000000000000000000000000000000000000000000000000000000000000000000000000000000000000000000000000000000000000000000000000000000000000000000000000000000000000000000000000000000000000000000000000000000000000000000000000000000000000000000000000000000000000000000000000000000000000000000000000000000000000000000000000000000000000000000000000000000000000000000000000000000000000000000000000000000000000000000000000000000000000000000000000000000000000000000000000000000000000000000000000000000000000000000000000000000000000000000000000000000000000000000000000000000000000000000000000000000000000000000000000000000000000000000000000000000000000000000000000000000000000000000000000000000000000000000000000000000000000000000000000000000000000000000000000000000000000000000000000000000000000000000000000000000000000000000000000000000000000000000000000000000000000000000000000000000000000000000000000000000000000000000000000000000000000000000000000000000000000000000000000000000000000000000000000000000000000000000000000000000000000000000000000000000000000000000000000000000000000000000000000000000000000000000000000000000000000000000000000000000000000000000000000000000000000000000000000000000000000000000000000000000000000000000000000000000000000000000000000000000000000000000000000000000000000000B244992DB8F1E3DFADDC71F7F9CECDBB72FE9EEEE560B5C7BF7EE4D3EFAE8A362A86DFA4F3FE83F00807914C3666F6F6F323434945CB8704155A8868787939E9E9E62089F9BF59FD27F0000F3241E591736AB27747677775FD07F4AFF0100CC93B88D48D8AB9E8A5B8CF49FD27F0000F324061C414FE0D47FCAC00300643A708EFE30981CFD4B47F2E5DE0DA58AFF1D5F1312054EFDA7FF00006A3A709E3D3D901CFA436B72F083A7AFA8F85A7C4F501438F59FFE0300A8D9C0F9DD97BBA785CD72F57FB947501438F59FFE0300A8DDC0F9F73FFD72C6C019DF1314054EFDA7FF00006A36701EEAFEC58C8133BE27280A9CFA4FFF0100089C4AE0D47FFA0F00A0DA0267BC2BD64C8133BE27280A9CFA4FFF0100D46CE0FC7AFF1B3306CEF89EA02870EA3FFD070050B3817364E08BE4D01F7F3E7D3B51782DBE27280A9CFA4FFF0100D46CE08CF5AFBFBE3B2D70C6D784448153FFE93F0080DA0E9C6363C9D77FDE367D3B51782DBE27280A9CFA4FFF0100D464E08C4FB2FFE7FEAD335E4311DFF3B47B8153FFE93F0080DA0A9C6363C9E0D71F267FFBFDBA19C366B9E2E7C4CF75B45DE0D47FFA0F00A0EA03E76C47D51D6D1738F59FFE0300A8D9C0793D47D5AF75B45D701438F59FFE0300A8DAC079B361B35C82A3C0A9FFF41F0040D5064E2570EA3FFDC7CC0A85C29DB95C6EF3830F3E7830D4D9A54B974E868F49B92EFDFB6CF89CC3F97C7E5BF87897DF1A00F3A6BFBF7F715757D7E76FBEF9E6F9F5EBD71757AF5E9D3434345C5E8856AE5C993CF5D453C5B6B6B6FF6CDAB4E9372B56ACF8918147D01338F59F32F0CC260C2E6D611D3911069A243DE05C678D84FF6FE3BDF7DE7BBBDF2400372C4992DBFBFAFA3E78FDF5D727E340B371E3C664E7CE9DC98103079281818164626222291B191949BEF8E28B64D7AE5DC91B6FBC9184812779FAE9A7CF140A85C5061E2570EA3FFDC754615859168695B33731E45CAD46433DEBB70AC075EBE9E9F9757B7B7B71D5AA55C98E1D3B92C1C1C1E4469C3E7DBAB4C83FF6D863C9E38F3F7E262C6AF7089C4AE0D47FFA8F7836260C271F5FED8C4E4B4B4B69CDD9BF7F7F72FCF8F1E4FCF9F3A535657C7CBCF4EFBEBEBED281B7D6D6D699069F8359DF6100C02CE2599DF7DF7F7FACB1B13179EFBDF72E2F36372B9E058A677D962F5F9E84AFF93B8153099CFA4FFF65574343C3DD53CFEA2C5BB62CE9E8E8B8E1036BC78E1D4BDE79E79DD28E822943CFF9F87DFCB60198666060E0275BB76E9D6C6E6E2E2D24F3297EBD279E78225EEB73340B47DF044E8153FF2903CF95F2F9FCFDA1AEB81141DC2A3D343434A7F5256EA9DEB061C3D4A167226B3B0B00B88E61276E618BDB04E276B45B219E2D7AE9A5979242A1305CEF17980A9C02A7FE53069EFF8B675CD2C34E3CABD3D3D373C5B5A073D5DBDB5BFABA861E00A689DBD8E2999D38ECCC750BDBF56C717BE185178A6151FA87C0A9044EFDA7FFEA5F3CC095DEC616EFF079F8F0E15BB2C6C46B7CA66C713B1FBEF71D567A808C8BD7ECC46D6C67CE9C4916421CAAD6AC5953CCE7F31F089C4AE0D47FFAAFBEC51B14A4CFECDCAA61273DF4A41F9B106F6460A507C8B0DEDEDE77E30D0AE6FB9A9DEBB9A6272E488B162DBA4FE05402A7FED37F753BEC2C4BDF8D2D6E635B08717BDB946B7ADCB21A208BE256B6575F7DB57437B64AE8EAEA8A677906044E2570EA3FFD579FD25BD9E20D0AE6F39A9DD94CB991C1A887930264507CA8687CCECEADBE6EE75AD7F33436364E363434E4044E2570EA3FFD575F72B95C5B7A2BDB5CEFC67633776F4B5FCF1386AF8D567E808C79EDB5D726E303DE2A69F7EEDD1361513C2A702A8153FFE9BFFA12868C13E561233E67A712B66FDF9E3ECB3362E507C890FEFEFEC52B57AEBCE107BDCDB7780BEC7C3E5FACB767F3089C02A7FE53591E780A85C29DE96B772AB5D6C4B34AE91B18E472B9BB2400808CE8EAEAFAFC95575E49AAC133CF3CF3DFB8F5A1468E588E84457C95C02970EA3F95D581E77AFA30FC4DDF5C1E325A5A5A2ABAC6C4472E947F967C3EBF4D0200C8882D5BB68CEDDCB9B32A069E8E8E8EB15AB96D687A6B4458D07F26700A9CFA4F6570E099B50FE3DFF4F2E7557AEB745CEB5267780E4B000019B17EFDFAE2810307AA62E0F9ECB3CFC6C34274B6C616FA720D5FED48A7C02970EA3F95818167C63E8C7FD3CBEFEFDFBFBFA26B4C7C2E4FEA673D2B010064C4EAD5AB2B7EFD4ED9A953A78A61B19CACD185FEF291CEF4822F700A9CFA4F6568E099D687F16F7AF9F5E3C78F57748D19181848DFA96D520200C8887811E7423E0F61367121AAF185FEF291CEB8C543E01438F59FCAE0C073B90FD3FF1E1F1FAFE8FA12BF7FFAE79100003222FED1AF26D7B180D654099CD555F5D65FFA4FFFD55255DB1A23010038C35309C53A38C3331AEF34577E92B7C0E908BBFE53193CC373B90FD3AF57EAE1D6CEF00064DCA38F3E5A35D7F09C3C7972AC86AFE1B9226896557BE00C3FE2556BBEDE1738F5DF42F65BB5F76306069E697D98BE86E7D8B163AEE10160E1AD5DBB76B25AEED2D6D7D777BA06EFD276362C9C1BA706CD5A1A78AEF5DA5CDF37F0E8BF85ECB76AEFC73A1E7866EC43776903A0E29E7FFEF953D5F21C9EF6F6F61335F41C9EAB1E5137F01878F49F81274303CFAC7D987E0E4F6767A7E7F000B0F05E7EF9E55F6DDAB4A92A069EA6A6A61371F1ACA7DFAF81C7C0A3FF0C3C59EDBF28FC4DDF5C1E325A5A5A2ABAC6B4B6B65E1E78F2F9FC360900202356AC58F1A3C6C6C6646464A4A20BD1F0F0F058588426E3CF23701A78044E038F81A73E140A853BD3D7F91C3972A4226BCCD0D050126FD2933AC37397040090212D2D2DA7F7ECD953D18167EBD6ADDF8405E8A8C069E011380D3C069EFA12068C13E541E3ADB7DEAAC81AB37DFBF62B1E8C6AE507C8DE11B8C54D4D4D15BB65E84490CFE7C71B1A1A7202A78147E034F01878EA4BDCAA5C1E36962D5B563ADBB290E20E86871F7E387D87B68D567E800C6A6E6EFEA152372F78F1C517BF098BD07702A7DB520B9CF53FF0DCE6B6D49994BE5BDB860D1B16F4F96FF1FBA56F9D3DDBCD3E00A8530F3CF0C08F1F79E491057F4EC2575F7DF54358808A8B162DBA4FE05402A7FED37FF569C992256BD3D7F2F4F4F42CC81AD3DBDB3BF55941CF5AF101322C9FCFFFB6B9B979C1B6B69D3B776E2C7CCF78B3823D02A71238F59FFEAB6FE16FFDA7E5C123DE40200E23B7FAB93B0F3DF4507AD83968A507205ECF73A4ADADED960F3D131313171B1B1BFF9DCBE5BE143895C0A9FFF45FFD8B5BC9D25BDBE2D073AB1E461A879DF4753BA1CE2F5DBAF40EAB3C00A505290C2283CF3DF75CF1560D3DF1CC4E18AC4EC7EB76EAED36D402A7C0A9FF94FE9B591872EE0E83C7787AE889DBDBE6F39A9E78E668CA999D89F03DEFB1C20370C5D0131687AFD6AC59539CEF6B7AE2353B711B5B3CB353EFC38EC02970EA3F65E0992E0E1FE9A1A77C2383B9DEBD2DDE8D6DCA0D0A0C3B005C5B184ADE0FC349B1B3B3B3383E3E3EE75B4F5FBA1B5BB19EAFD91138054EFDA7F4DFECE2999EF4F6B6F22DAB3B3A3A92C1C1C11B7EA8687CCECE942D6CE56D6C861D00AE2DDEBD2D2C18FDCB972F2FEED8B1E3623C827623868787C7E24345C3D7B810B7B08501EA7E8153099CFA4FFF117713E472B9CFA60C29A55AB76E5DD2D9D959BAC627EE34281F748B1F0706064AD7E8ECDAB52B696D6D2D6D8BBBCAD738E89A1D006EC892254B7E1A16A6C36101293EF9E493E7DE7EFBED739F7CF2C9C5EFBFFF3E3DDF14E3801316A2D3EDEDED279A9A9AE2D3B527437D5B8F0F151538054EFDA7F4DFBCAC2F6BA79EED99438DBAF534007312AFBBB9B4387D1A869F78E3818BE9C526BC367969E13A189FAE9D85EB74044E8153FF29FD377771CD086BC7899B1C7446C2FAB3D143450140E01438F59FD27F55AD5028DC19869F2DF1C0593C8076E940DAB4036B71D7413E9FDF16B75EFBAD0180C0A90C3C4AFF0100089C02A7FE53FA0F0040E01438F59FD27F00808147D01338F59F32F0000002A7123833DC7FA3A3A3C9A143874A1FE7F2BAFE030010380D3CFAAFEA2A0E2FE1472E7D9CCBEBFA0F0040E034F0E83F038FFE030030F01878F49F8147FF01001878044EFD67E0D17F00808147099CFACFC0030020702A81D3C063E00100103895C069E0D17F000002A732F01878F41F008081C7C0A3FF0C3CFA0F00C0C063E0D17F061EFD070018780C1A02A7FE33F0187800008153099C061E030F00402DD9B76F9F4143E0D47F061E030F00509F7A7B7B278786860C1B5550FDFDFDDF86C07941FF55678D8E8E968697F8712EAFEB3F008005F4E1871FBED4D3D3533C79F2A4A1A3C26173EFDEBD17436DD67F4AFF0100CCA31072DABABBBB47E3761655B1BA90D5B0A9FFF41F0000000000000000000000000000000000000000000000000000000040DDF81F057EAA585E9C8C980000000049454E44AE426082, '1');

-- ----------------------------
-- Table structure for act_ge_property
-- ----------------------------
DROP TABLE IF EXISTS `act_ge_property`;
CREATE TABLE `act_ge_property` (
  `NAME_` varchar(64) COLLATE utf8_bin NOT NULL,
  `VALUE_` varchar(300) COLLATE utf8_bin DEFAULT NULL,
  `REV_` int(11) DEFAULT NULL,
  PRIMARY KEY (`NAME_`)
) ENGINE=InnoDB DEFAULT CHARSET=utf8 COLLATE=utf8_bin;

-- ----------------------------
-- Records of act_ge_property
-- ----------------------------
INSERT INTO `act_ge_property` VALUES ('cfg.execution-related-entities-count', 'false', '1');
INSERT INTO `act_ge_property` VALUES ('next.dbid', '742501', '298');
INSERT INTO `act_ge_property` VALUES ('schema.history', 'create(6.0.0.4)', '1');
INSERT INTO `act_ge_property` VALUES ('schema.version', '6.0.0.4', '1');

-- ----------------------------
-- Table structure for act_hi_actinst
-- ----------------------------
DROP TABLE IF EXISTS `act_hi_actinst`;
CREATE TABLE `act_hi_actinst` (
  `ID_` varchar(64) COLLATE utf8_bin NOT NULL,
  `PROC_DEF_ID_` varchar(64) COLLATE utf8_bin NOT NULL,
  `PROC_INST_ID_` varchar(64) COLLATE utf8_bin NOT NULL,
  `EXECUTION_ID_` varchar(64) COLLATE utf8_bin NOT NULL,
  `ACT_ID_` varchar(255) COLLATE utf8_bin NOT NULL,
  `TASK_ID_` varchar(64) COLLATE utf8_bin DEFAULT NULL,
  `CALL_PROC_INST_ID_` varchar(64) COLLATE utf8_bin DEFAULT NULL,
  `ACT_NAME_` varchar(255) COLLATE utf8_bin DEFAULT NULL,
  `ACT_TYPE_` varchar(255) COLLATE utf8_bin NOT NULL,
  `ASSIGNEE_` varchar(255) COLLATE utf8_bin DEFAULT NULL,
  `START_TIME_` datetime(3) NOT NULL,
  `END_TIME_` datetime(3) DEFAULT NULL,
  `DURATION_` bigint(20) DEFAULT NULL,
  `DELETE_REASON_` varchar(4000) COLLATE utf8_bin DEFAULT NULL,
  `TENANT_ID_` varchar(255) COLLATE utf8_bin DEFAULT '',
  PRIMARY KEY (`ID_`),
  KEY `ACT_IDX_HI_ACT_INST_START` (`START_TIME_`),
  KEY `ACT_IDX_HI_ACT_INST_END` (`END_TIME_`),
  KEY `ACT_IDX_HI_ACT_INST_PROCINST` (`PROC_INST_ID_`,`ACT_ID_`),
  KEY `ACT_IDX_HI_ACT_INST_EXEC` (`EXECUTION_ID_`,`ACT_ID_`)
) ENGINE=InnoDB DEFAULT CHARSET=utf8 COLLATE=utf8_bin;

-- ----------------------------
-- Records of act_hi_actinst
-- ----------------------------
INSERT INTO `act_hi_actinst` VALUES ('737507', 'XZ01:3:730004', '737501', '737506', 'Event_1a8tv5w', null, null, null, 'startEvent', null, '2023-10-11 20:01:04.371', '2023-10-11 20:01:04.373', '2', null, '');
INSERT INTO `act_hi_actinst` VALUES ('737508', 'XZ01:3:730004', '737501', '737506', 'Activity_1i2utm0', '737509', null, '发起人', 'userTask', '2', '2023-10-11 20:01:04.375', '2023-10-11 20:01:17.811', '13436', '', '');
INSERT INTO `act_hi_actinst` VALUES ('737517', 'XZ01:3:730004', '737511', '737516', 'Event_1a8tv5w', null, null, null, 'startEvent', null, '2023-10-11 20:01:17.687', '2023-10-11 20:01:17.687', '0', null, '');
INSERT INTO `act_hi_actinst` VALUES ('737518', 'XZ01:3:730004', '737511', '737516', 'Activity_1i2utm0', '737519', null, '发起人', 'userTask', '2', '2023-10-11 20:01:17.687', '2023-10-11 20:01:17.723', '36', null, '');
INSERT INTO `act_hi_actinst` VALUES ('737528', 'XZ01:3:730004', '737511', '737525', 'Activity_0txdan2', '737529', null, '部门主管', 'userTask', '3', '2023-10-11 20:01:17.768', '2023-10-11 20:02:18.793', '61025', null, '');
INSERT INTO `act_hi_actinst` VALUES ('737532', 'XZ01:3:730004', '737511', '737516', 'Event_14edcm6', null, null, null, 'endEvent', null, '2023-10-11 20:02:18.810', '2023-10-11 20:02:18.810', '0', null, '');
INSERT INTO `act_hi_actinst` VALUES ('740007', 'XZ01:3:730004', '740001', '740006', 'Event_1a8tv5w', null, null, null, 'startEvent', null, '2023-10-11 22:57:30.305', '2023-10-11 22:57:30.309', '4', null, '');
INSERT INTO `act_hi_actinst` VALUES ('740008', 'XZ01:3:730004', '740001', '740006', 'Activity_1i2utm0', '740009', null, '发起人', 'userTask', '3', '2023-10-11 22:57:30.311', '2023-10-11 22:57:30.359', '48', null, '');
INSERT INTO `act_hi_actinst` VALUES ('740018', 'XZ01:3:730004', '740001', '740015', 'Activity_0txdan2', '740019', null, '部门主管', 'userTask', '3', '2023-10-11 22:57:30.378', '2023-10-11 22:57:30.402', '24', null, '');
INSERT INTO `act_hi_actinst` VALUES ('740021', 'XZ01:3:730004', '740001', '740006', 'Event_14edcm6', null, null, null, 'endEvent', null, '2023-10-11 22:57:30.418', '2023-10-11 22:57:30.418', '0', null, '');
INSERT INTO `act_hi_actinst` VALUES ('740028', 'XZ01:3:730004', '740022', '740027', 'Event_1a8tv5w', null, null, null, 'startEvent', null, '2023-10-11 23:03:18.803', '2023-10-11 23:03:18.803', '0', null, '');
INSERT INTO `act_hi_actinst` VALUES ('740029', 'XZ01:3:730004', '740022', '740027', 'Activity_1i2utm0', '740030', null, '发起人', 'userTask', '3', '2023-10-11 23:03:18.803', '2023-10-11 23:03:18.828', '25', null, '');
INSERT INTO `act_hi_actinst` VALUES ('740039', 'XZ01:3:730004', '740022', '740036', 'Activity_0txdan2', '740040', null, '部门主管', 'userTask', '3', '2023-10-11 23:03:18.835', '2023-10-11 23:03:18.848', '13', null, '');
INSERT INTO `act_hi_actinst` VALUES ('740042', 'XZ01:3:730004', '740022', '740027', 'Event_14edcm6', null, null, null, 'endEvent', null, '2023-10-11 23:03:18.859', '2023-10-11 23:03:18.859', '0', null, '');
INSERT INTO `act_hi_actinst` VALUES ('740049', 'XZ01:3:730004', '740043', '740048', 'Event_1a8tv5w', null, null, null, 'startEvent', null, '2023-10-11 23:16:01.916', '2023-10-11 23:16:01.916', '0', null, '');
INSERT INTO `act_hi_actinst` VALUES ('740050', 'XZ01:3:730004', '740043', '740048', 'Activity_1i2utm0', '740051', null, '发起人', 'userTask', '3', '2023-10-11 23:16:01.916', '2023-10-11 23:16:01.960', '44', null, '');
INSERT INTO `act_hi_actinst` VALUES ('740060', 'XZ01:3:730004', '740043', '740057', 'Activity_0txdan2', '740061', null, '部门主管', 'userTask', '3', '2023-10-11 23:16:01.968', '2023-10-11 23:16:01.980', '12', null, '');
INSERT INTO `act_hi_actinst` VALUES ('740063', 'XZ01:3:730004', '740043', '740048', 'Event_14edcm6', null, null, null, 'endEvent', null, '2023-10-11 23:16:01.994', '2023-10-11 23:16:01.994', '0', null, '');
INSERT INTO `act_hi_actinst` VALUES ('740070', 'XZ01:3:730004', '740064', '740069', 'Event_1a8tv5w', null, null, null, 'startEvent', null, '2023-10-11 23:19:35.446', '2023-10-11 23:19:35.446', '0', null, '');
INSERT INTO `act_hi_actinst` VALUES ('740071', 'XZ01:3:730004', '740064', '740069', 'Activity_1i2utm0', '740072', null, '发起人', 'userTask', '3', '2023-10-11 23:19:35.446', '2023-10-11 23:19:35.473', '27', null, '');
INSERT INTO `act_hi_actinst` VALUES ('740081', 'XZ01:3:730004', '740064', '740078', 'Activity_0txdan2', '740082', null, '部门主管', 'userTask', '3', '2023-10-11 23:19:35.478', '2023-10-11 23:19:35.490', '12', null, '');
INSERT INTO `act_hi_actinst` VALUES ('740084', 'XZ01:3:730004', '740064', '740069', 'Event_14edcm6', null, null, null, 'endEvent', null, '2023-10-11 23:19:35.492', '2023-10-11 23:19:35.492', '0', null, '');

-- ----------------------------
-- Table structure for act_hi_attachment
-- ----------------------------
DROP TABLE IF EXISTS `act_hi_attachment`;
CREATE TABLE `act_hi_attachment` (
  `ID_` varchar(64) COLLATE utf8_bin NOT NULL,
  `REV_` int(11) DEFAULT NULL,
  `USER_ID_` varchar(255) COLLATE utf8_bin DEFAULT NULL,
  `NAME_` varchar(255) COLLATE utf8_bin DEFAULT NULL,
  `DESCRIPTION_` varchar(4000) COLLATE utf8_bin DEFAULT NULL,
  `TYPE_` varchar(255) COLLATE utf8_bin DEFAULT NULL,
  `TASK_ID_` varchar(64) COLLATE utf8_bin DEFAULT NULL,
  `PROC_INST_ID_` varchar(64) COLLATE utf8_bin DEFAULT NULL,
  `URL_` varchar(4000) COLLATE utf8_bin DEFAULT NULL,
  `CONTENT_ID_` varchar(64) COLLATE utf8_bin DEFAULT NULL,
  `TIME_` datetime(3) DEFAULT NULL,
  PRIMARY KEY (`ID_`)
) ENGINE=InnoDB DEFAULT CHARSET=utf8 COLLATE=utf8_bin;

-- ----------------------------
-- Records of act_hi_attachment
-- ----------------------------

-- ----------------------------
-- Table structure for act_hi_comment
-- ----------------------------
DROP TABLE IF EXISTS `act_hi_comment`;
CREATE TABLE `act_hi_comment` (
  `ID_` varchar(64) COLLATE utf8_bin NOT NULL,
  `TYPE_` varchar(255) COLLATE utf8_bin DEFAULT NULL,
  `TIME_` datetime(3) NOT NULL,
  `USER_ID_` varchar(255) COLLATE utf8_bin DEFAULT NULL,
  `TASK_ID_` varchar(64) COLLATE utf8_bin DEFAULT NULL,
  `PROC_INST_ID_` varchar(64) COLLATE utf8_bin DEFAULT NULL,
  `ACTION_` varchar(255) COLLATE utf8_bin DEFAULT NULL,
  `MESSAGE_` varchar(4000) COLLATE utf8_bin DEFAULT NULL,
  `FULL_MSG_` longblob,
  PRIMARY KEY (`ID_`)
) ENGINE=InnoDB DEFAULT CHARSET=utf8 COLLATE=utf8_bin;

-- ----------------------------
-- Records of act_hi_comment
-- ----------------------------
INSERT INTO `act_hi_comment` VALUES ('737521', 'comment', '2023-10-11 20:01:17.708', null, '737519', '737511', 'AddComment', '请签字', 0xE8AFB7E7ADBEE5AD97);
INSERT INTO `act_hi_comment` VALUES ('737531', 'comment', '2023-10-11 20:02:18.772', null, '737529', '737511', 'AddComment', '', '');
INSERT INTO `act_hi_comment` VALUES ('740011', 'comment', '2023-10-11 22:57:30.348', null, '740009', '740001', 'AddComment', '', '');
INSERT INTO `act_hi_comment` VALUES ('740020', 'comment', '2023-10-11 22:57:30.395', null, '740019', '740001', 'AddComment', '自动审批', 0xE887AAE58AA8E5AEA1E689B9);
INSERT INTO `act_hi_comment` VALUES ('740032', 'comment', '2023-10-11 23:03:18.821', null, '740030', '740022', 'AddComment', '', '');
INSERT INTO `act_hi_comment` VALUES ('740041', 'comment', '2023-10-11 23:03:18.844', null, '740040', '740022', 'AddComment', '自动审批', 0xE887AAE58AA8E5AEA1E689B9);
INSERT INTO `act_hi_comment` VALUES ('740053', 'comment', '2023-10-11 23:16:01.937', null, '740051', '740043', 'AddComment', '', '');
INSERT INTO `act_hi_comment` VALUES ('740062', 'comment', '2023-10-11 23:16:01.976', null, '740061', '740043', 'AddComment', '自动审批', 0xE887AAE58AA8E5AEA1E689B9);
INSERT INTO `act_hi_comment` VALUES ('740074', 'comment', '2023-10-11 23:19:35.465', null, '740072', '740064', 'AddComment', '', '');
INSERT INTO `act_hi_comment` VALUES ('740083', 'comment', '2023-10-11 23:19:35.485', null, '740082', '740064', 'AddComment', '自动审批', 0xE887AAE58AA8E5AEA1E689B9);

-- ----------------------------
-- Table structure for act_hi_detail
-- ----------------------------
DROP TABLE IF EXISTS `act_hi_detail`;
CREATE TABLE `act_hi_detail` (
  `ID_` varchar(64) COLLATE utf8_bin NOT NULL,
  `TYPE_` varchar(255) COLLATE utf8_bin NOT NULL,
  `PROC_INST_ID_` varchar(64) COLLATE utf8_bin DEFAULT NULL,
  `EXECUTION_ID_` varchar(64) COLLATE utf8_bin DEFAULT NULL,
  `TASK_ID_` varchar(64) COLLATE utf8_bin DEFAULT NULL,
  `ACT_INST_ID_` varchar(64) COLLATE utf8_bin DEFAULT NULL,
  `NAME_` varchar(255) COLLATE utf8_bin NOT NULL,
  `VAR_TYPE_` varchar(255) COLLATE utf8_bin DEFAULT NULL,
  `REV_` int(11) DEFAULT NULL,
  `TIME_` datetime(3) NOT NULL,
  `BYTEARRAY_ID_` varchar(64) COLLATE utf8_bin DEFAULT NULL,
  `DOUBLE_` double DEFAULT NULL,
  `LONG_` bigint(20) DEFAULT NULL,
  `TEXT_` varchar(4000) COLLATE utf8_bin DEFAULT NULL,
  `TEXT2_` varchar(4000) COLLATE utf8_bin DEFAULT NULL,
  PRIMARY KEY (`ID_`),
  KEY `ACT_IDX_HI_DETAIL_PROC_INST` (`PROC_INST_ID_`),
  KEY `ACT_IDX_HI_DETAIL_ACT_INST` (`ACT_INST_ID_`),
  KEY `ACT_IDX_HI_DETAIL_TIME` (`TIME_`),
  KEY `ACT_IDX_HI_DETAIL_NAME` (`NAME_`),
  KEY `ACT_IDX_HI_DETAIL_TASK_ID` (`TASK_ID_`)
) ENGINE=InnoDB DEFAULT CHARSET=utf8 COLLATE=utf8_bin;

-- ----------------------------
-- Records of act_hi_detail
-- ----------------------------

-- ----------------------------
-- Table structure for act_hi_identitylink
-- ----------------------------
DROP TABLE IF EXISTS `act_hi_identitylink`;
CREATE TABLE `act_hi_identitylink` (
  `ID_` varchar(64) COLLATE utf8_bin NOT NULL,
  `GROUP_ID_` varchar(255) COLLATE utf8_bin DEFAULT NULL,
  `TYPE_` varchar(255) COLLATE utf8_bin DEFAULT NULL,
  `USER_ID_` varchar(255) COLLATE utf8_bin DEFAULT NULL,
  `TASK_ID_` varchar(64) COLLATE utf8_bin DEFAULT NULL,
  `PROC_INST_ID_` varchar(64) COLLATE utf8_bin DEFAULT NULL,
  PRIMARY KEY (`ID_`),
  KEY `ACT_IDX_HI_IDENT_LNK_USER` (`USER_ID_`),
  KEY `ACT_IDX_HI_IDENT_LNK_TASK` (`TASK_ID_`),
  KEY `ACT_IDX_HI_IDENT_LNK_PROCINST` (`PROC_INST_ID_`)
) ENGINE=InnoDB DEFAULT CHARSET=utf8 COLLATE=utf8_bin;

-- ----------------------------
-- Records of act_hi_identitylink
-- ----------------------------
INSERT INTO `act_hi_identitylink` VALUES ('737510', null, 'participant', '2', null, '737501');
INSERT INTO `act_hi_identitylink` VALUES ('737520', null, 'participant', '2', null, '737511');
INSERT INTO `act_hi_identitylink` VALUES ('737530', null, 'participant', '3', null, '737511');
INSERT INTO `act_hi_identitylink` VALUES ('740010', null, 'participant', '3', null, '740001');
INSERT INTO `act_hi_identitylink` VALUES ('740031', null, 'participant', '3', null, '740022');
INSERT INTO `act_hi_identitylink` VALUES ('740052', null, 'participant', '3', null, '740043');
INSERT INTO `act_hi_identitylink` VALUES ('740073', null, 'participant', '3', null, '740064');

-- ----------------------------
-- Table structure for act_hi_procinst
-- ----------------------------
DROP TABLE IF EXISTS `act_hi_procinst`;
CREATE TABLE `act_hi_procinst` (
  `ID_` varchar(64) COLLATE utf8_bin NOT NULL,
  `PROC_INST_ID_` varchar(64) COLLATE utf8_bin NOT NULL,
  `BUSINESS_KEY_` varchar(255) COLLATE utf8_bin DEFAULT NULL,
  `PROC_DEF_ID_` varchar(64) COLLATE utf8_bin NOT NULL,
  `START_TIME_` datetime(3) NOT NULL,
  `END_TIME_` datetime(3) DEFAULT NULL,
  `DURATION_` bigint(20) DEFAULT NULL,
  `START_USER_ID_` varchar(255) COLLATE utf8_bin DEFAULT NULL,
  `START_ACT_ID_` varchar(255) COLLATE utf8_bin DEFAULT NULL,
  `END_ACT_ID_` varchar(255) COLLATE utf8_bin DEFAULT NULL,
  `SUPER_PROCESS_INSTANCE_ID_` varchar(64) COLLATE utf8_bin DEFAULT NULL,
  `DELETE_REASON_` varchar(4000) COLLATE utf8_bin DEFAULT NULL,
  `TENANT_ID_` varchar(255) COLLATE utf8_bin DEFAULT '',
  `NAME_` varchar(255) COLLATE utf8_bin DEFAULT NULL,
  PRIMARY KEY (`ID_`),
  UNIQUE KEY `PROC_INST_ID_` (`PROC_INST_ID_`),
  KEY `ACT_IDX_HI_PRO_INST_END` (`END_TIME_`),
  KEY `ACT_IDX_HI_PRO_I_BUSKEY` (`BUSINESS_KEY_`)
) ENGINE=InnoDB DEFAULT CHARSET=utf8 COLLATE=utf8_bin;

-- ----------------------------
-- Records of act_hi_procinst
-- ----------------------------
INSERT INTO `act_hi_procinst` VALUES ('737501', '737501', null, 'XZ01:3:730004', '2023-10-11 20:01:04.355', '2023-10-11 20:01:17.827', '13472', null, 'Event_1a8tv5w', null, null, '', '', null);
INSERT INTO `act_hi_procinst` VALUES ('737511', '737511', null, 'XZ01:3:730004', '2023-10-11 20:01:17.685', '2023-10-11 20:02:18.822', '61137', null, 'Event_1a8tv5w', 'Event_14edcm6', null, null, '', null);
INSERT INTO `act_hi_procinst` VALUES ('740001', '740001', null, 'XZ01:3:730004', '2023-10-11 22:57:30.293', '2023-10-11 22:57:30.427', '134', null, 'Event_1a8tv5w', 'Event_14edcm6', null, null, '', null);
INSERT INTO `act_hi_procinst` VALUES ('740022', '740022', null, 'XZ01:3:730004', '2023-10-11 23:03:18.801', '2023-10-11 23:03:18.865', '64', null, 'Event_1a8tv5w', 'Event_14edcm6', null, null, '', null);
INSERT INTO `act_hi_procinst` VALUES ('740043', '740043', null, 'XZ01:3:730004', '2023-10-11 23:16:01.914', '2023-10-11 23:16:02.000', '86', null, 'Event_1a8tv5w', 'Event_14edcm6', null, null, '', null);
INSERT INTO `act_hi_procinst` VALUES ('740064', '740064', null, 'XZ01:3:730004', '2023-10-11 23:19:35.445', '2023-10-11 23:19:35.498', '53', null, 'Event_1a8tv5w', 'Event_14edcm6', null, null, '', null);

-- ----------------------------
-- Table structure for act_hi_taskinst
-- ----------------------------
DROP TABLE IF EXISTS `act_hi_taskinst`;
CREATE TABLE `act_hi_taskinst` (
  `ID_` varchar(64) COLLATE utf8_bin NOT NULL,
  `PROC_DEF_ID_` varchar(64) COLLATE utf8_bin DEFAULT NULL,
  `TASK_DEF_KEY_` varchar(255) COLLATE utf8_bin DEFAULT NULL,
  `PROC_INST_ID_` varchar(64) COLLATE utf8_bin DEFAULT NULL,
  `EXECUTION_ID_` varchar(64) COLLATE utf8_bin DEFAULT NULL,
  `NAME_` varchar(255) COLLATE utf8_bin DEFAULT NULL,
  `PARENT_TASK_ID_` varchar(64) COLLATE utf8_bin DEFAULT NULL,
  `DESCRIPTION_` varchar(4000) COLLATE utf8_bin DEFAULT NULL,
  `OWNER_` varchar(255) COLLATE utf8_bin DEFAULT NULL,
  `ASSIGNEE_` varchar(255) COLLATE utf8_bin DEFAULT NULL,
  `START_TIME_` datetime(3) NOT NULL,
  `CLAIM_TIME_` datetime(3) DEFAULT NULL,
  `END_TIME_` datetime(3) DEFAULT NULL,
  `DURATION_` bigint(20) DEFAULT NULL,
  `DELETE_REASON_` varchar(4000) COLLATE utf8_bin DEFAULT NULL,
  `PRIORITY_` int(11) DEFAULT NULL,
  `DUE_DATE_` datetime(3) DEFAULT NULL,
  `FORM_KEY_` varchar(255) COLLATE utf8_bin DEFAULT NULL,
  `CATEGORY_` varchar(255) COLLATE utf8_bin DEFAULT NULL,
  `TENANT_ID_` varchar(255) COLLATE utf8_bin DEFAULT '',
  PRIMARY KEY (`ID_`),
  KEY `ACT_IDX_HI_TASK_INST_PROCINST` (`PROC_INST_ID_`)
) ENGINE=InnoDB DEFAULT CHARSET=utf8 COLLATE=utf8_bin;

-- ----------------------------
-- Records of act_hi_taskinst
-- ----------------------------
INSERT INTO `act_hi_taskinst` VALUES ('737509', 'XZ01:3:730004', 'Activity_1i2utm0', '737501', '737506', '发起人', null, null, null, '2', '2023-10-11 20:01:04.384', null, '2023-10-11 20:01:17.808', '13424', '', '50', null, null, null, '');
INSERT INTO `act_hi_taskinst` VALUES ('737519', 'XZ01:3:730004', 'Activity_1i2utm0', '737511', '737516', '发起人', null, null, null, '2', '2023-10-11 20:01:17.687', null, '2023-10-11 20:01:17.721', '34', null, '50', null, null, null, '');
INSERT INTO `act_hi_taskinst` VALUES ('737529', 'XZ01:3:730004', 'Activity_0txdan2', '737511', '737525', '部门主管', null, null, null, '3', '2023-10-11 20:01:17.768', null, '2023-10-11 20:02:18.785', '61017', null, '50', null, null, null, '');
INSERT INTO `act_hi_taskinst` VALUES ('740009', 'XZ01:3:730004', 'Activity_1i2utm0', '740001', '740006', '发起人', null, null, null, '3', '2023-10-11 22:57:30.319', null, '2023-10-11 22:57:30.357', '38', null, '50', null, null, null, '');
INSERT INTO `act_hi_taskinst` VALUES ('740019', 'XZ01:3:730004', 'Activity_0txdan2', '740001', '740015', '部门主管', null, null, null, '3', '2023-10-11 22:57:30.378', null, '2023-10-11 22:57:30.399', '21', null, '50', null, null, null, '');
INSERT INTO `act_hi_taskinst` VALUES ('740030', 'XZ01:3:730004', 'Activity_1i2utm0', '740022', '740027', '发起人', null, null, null, '3', '2023-10-11 23:03:18.803', null, '2023-10-11 23:03:18.827', '24', null, '50', null, null, null, '');
INSERT INTO `act_hi_taskinst` VALUES ('740040', 'XZ01:3:730004', 'Activity_0txdan2', '740022', '740036', '部门主管', null, null, null, '3', '2023-10-11 23:03:18.835', null, '2023-10-11 23:03:18.846', '11', null, '50', null, null, null, '');
INSERT INTO `act_hi_taskinst` VALUES ('740051', 'XZ01:3:730004', 'Activity_1i2utm0', '740043', '740048', '发起人', null, null, null, '3', '2023-10-11 23:16:01.916', null, '2023-10-11 23:16:01.959', '43', null, '50', null, null, null, '');
INSERT INTO `act_hi_taskinst` VALUES ('740061', 'XZ01:3:730004', 'Activity_0txdan2', '740043', '740057', '部门主管', null, null, null, '3', '2023-10-11 23:16:01.968', null, '2023-10-11 23:16:01.978', '10', null, '50', null, null, null, '');
INSERT INTO `act_hi_taskinst` VALUES ('740072', 'XZ01:3:730004', 'Activity_1i2utm0', '740064', '740069', '发起人', null, null, null, '3', '2023-10-11 23:19:35.446', null, '2023-10-11 23:19:35.470', '24', null, '50', null, null, null, '');
INSERT INTO `act_hi_taskinst` VALUES ('740082', 'XZ01:3:730004', 'Activity_0txdan2', '740064', '740078', '部门主管', null, null, null, '3', '2023-10-11 23:19:35.478', null, '2023-10-11 23:19:35.487', '9', null, '50', null, null, null, '');
INSERT INTO `act_hi_taskinst` VALUES ('a7ed6945942440dbb1d256d7ca9fa3a6', null, 'Activity_0txdan2', '737511', null, '部门主管', null, null, null, '4', '2023-10-11 22:23:32.000', null, '2023-10-11 22:24:26.000', '54', null, '50', null, null, null, '');

-- ----------------------------
-- Table structure for act_hi_varinst
-- ----------------------------
DROP TABLE IF EXISTS `act_hi_varinst`;
CREATE TABLE `act_hi_varinst` (
  `ID_` varchar(64) COLLATE utf8_bin NOT NULL,
  `PROC_INST_ID_` varchar(64) COLLATE utf8_bin DEFAULT NULL,
  `EXECUTION_ID_` varchar(64) COLLATE utf8_bin DEFAULT NULL,
  `TASK_ID_` varchar(64) COLLATE utf8_bin DEFAULT NULL,
  `NAME_` varchar(255) COLLATE utf8_bin NOT NULL,
  `VAR_TYPE_` varchar(100) COLLATE utf8_bin DEFAULT NULL,
  `REV_` int(11) DEFAULT NULL,
  `BYTEARRAY_ID_` varchar(64) COLLATE utf8_bin DEFAULT NULL,
  `DOUBLE_` double DEFAULT NULL,
  `LONG_` bigint(20) DEFAULT NULL,
  `TEXT_` varchar(4000) COLLATE utf8_bin DEFAULT NULL,
  `TEXT2_` varchar(4000) COLLATE utf8_bin DEFAULT NULL,
  `CREATE_TIME_` datetime(3) DEFAULT NULL,
  `LAST_UPDATED_TIME_` datetime(3) DEFAULT NULL,
  PRIMARY KEY (`ID_`),
  KEY `ACT_IDX_HI_PROCVAR_PROC_INST` (`PROC_INST_ID_`),
  KEY `ACT_IDX_HI_PROCVAR_NAME_TYPE` (`NAME_`,`VAR_TYPE_`),
  KEY `ACT_IDX_HI_PROCVAR_TASK_ID` (`TASK_ID_`)
) ENGINE=InnoDB DEFAULT CHARSET=utf8 COLLATE=utf8_bin;

-- ----------------------------
-- Records of act_hi_varinst
-- ----------------------------
INSERT INTO `act_hi_varinst` VALUES ('737502', '737501', '737501', null, 'testFlag', 'null', '0', null, null, null, null, null, '2023-10-11 20:01:04.366', '2023-10-11 20:01:04.366');
INSERT INTO `act_hi_varinst` VALUES ('737503', '737501', '737501', null, 'processStatus', 'string', '0', null, null, null, 'SAVE', null, '2023-10-11 20:01:04.367', '2023-10-11 20:01:04.367');
INSERT INTO `act_hi_varinst` VALUES ('737504', '737501', '737501', null, 'deptId', 'string', '0', null, null, null, '101', null, '2023-10-11 20:01:04.367', '2023-10-11 20:01:04.367');
INSERT INTO `act_hi_varinst` VALUES ('737505', '737501', '737501', null, 'employeeId', 'string', '0', null, null, null, '2', null, '2023-10-11 20:01:04.367', '2023-10-11 20:01:04.367');
INSERT INTO `act_hi_varinst` VALUES ('737512', '737511', '737511', null, 'testFlag', 'null', '0', null, null, null, null, null, '2023-10-11 20:01:17.686', '2023-10-11 20:01:17.686');
INSERT INTO `act_hi_varinst` VALUES ('737513', '737511', '737511', null, 'processStatus', 'string', '0', null, null, null, 'RUNNING', null, '2023-10-11 20:01:17.686', '2023-10-11 20:01:17.686');
INSERT INTO `act_hi_varinst` VALUES ('737514', '737511', '737511', null, 'deptId', 'string', '0', null, null, null, '101', null, '2023-10-11 20:01:17.686', '2023-10-11 20:01:17.686');
INSERT INTO `act_hi_varinst` VALUES ('737515', '737511', '737511', null, 'employeeId', 'string', '0', null, null, null, '2', null, '2023-10-11 20:01:17.686', '2023-10-11 20:01:17.686');
INSERT INTO `act_hi_varinst` VALUES ('737522', '737511', '737516', null, 'nrOfInstances', 'integer', '0', null, null, '1', '1', null, '2023-10-11 20:01:17.764', '2023-10-11 20:01:17.764');
INSERT INTO `act_hi_varinst` VALUES ('737523', '737511', '737516', null, 'nrOfCompletedInstances', 'integer', '1', null, null, '1', '1', null, '2023-10-11 20:01:17.764', '2023-10-11 20:02:18.796');
INSERT INTO `act_hi_varinst` VALUES ('737524', '737511', '737516', null, 'nrOfActiveInstances', 'integer', '1', null, null, '0', '0', null, '2023-10-11 20:01:17.764', '2023-10-11 20:02:18.797');
INSERT INTO `act_hi_varinst` VALUES ('737526', '737511', '737525', null, 'loopCounter', 'integer', '0', null, null, '0', '0', null, '2023-10-11 20:01:17.766', '2023-10-11 20:01:17.766');
INSERT INTO `act_hi_varinst` VALUES ('737527', '737511', '737525', null, 'P80800001', 'string', '0', null, null, null, '3', null, '2023-10-11 20:01:17.767', '2023-10-11 20:01:17.767');
INSERT INTO `act_hi_varinst` VALUES ('740002', '740001', '740001', null, 'testFlag', 'null', '0', null, null, null, null, null, '2023-10-11 22:57:30.301', '2023-10-11 22:57:30.301');
INSERT INTO `act_hi_varinst` VALUES ('740003', '740001', '740001', null, 'processStatus', 'string', '0', null, null, null, 'RUNNING', null, '2023-10-11 22:57:30.302', '2023-10-11 22:57:30.302');
INSERT INTO `act_hi_varinst` VALUES ('740004', '740001', '740001', null, 'deptId', 'string', '0', null, null, null, '101', null, '2023-10-11 22:57:30.302', '2023-10-11 22:57:30.302');
INSERT INTO `act_hi_varinst` VALUES ('740005', '740001', '740001', null, 'employeeId', 'string', '0', null, null, null, '3', null, '2023-10-11 22:57:30.302', '2023-10-11 22:57:30.302');
INSERT INTO `act_hi_varinst` VALUES ('740012', '740001', '740006', null, 'nrOfInstances', 'integer', '0', null, null, '1', '1', null, '2023-10-11 22:57:30.375', '2023-10-11 22:57:30.375');
INSERT INTO `act_hi_varinst` VALUES ('740013', '740001', '740006', null, 'nrOfCompletedInstances', 'integer', '0', null, null, '1', '1', null, '2023-10-11 22:57:30.375', '2023-10-11 22:57:30.402');
INSERT INTO `act_hi_varinst` VALUES ('740014', '740001', '740006', null, 'nrOfActiveInstances', 'integer', '0', null, null, '0', '0', null, '2023-10-11 22:57:30.375', '2023-10-11 22:57:30.402');
INSERT INTO `act_hi_varinst` VALUES ('740016', '740001', '740015', null, 'loopCounter', 'integer', '0', null, null, '0', '0', null, '2023-10-11 22:57:30.376', '2023-10-11 22:57:30.376');
INSERT INTO `act_hi_varinst` VALUES ('740017', '740001', '740015', null, 'P80800001', 'string', '0', null, null, null, '3', null, '2023-10-11 22:57:30.377', '2023-10-11 22:57:30.377');
INSERT INTO `act_hi_varinst` VALUES ('740023', '740022', '740022', null, 'testFlag', 'null', '0', null, null, null, null, null, '2023-10-11 23:03:18.802', '2023-10-11 23:03:18.802');
INSERT INTO `act_hi_varinst` VALUES ('740024', '740022', '740022', null, 'processStatus', 'string', '0', null, null, null, 'RUNNING', null, '2023-10-11 23:03:18.802', '2023-10-11 23:03:18.802');
INSERT INTO `act_hi_varinst` VALUES ('740025', '740022', '740022', null, 'deptId', 'string', '0', null, null, null, '101', null, '2023-10-11 23:03:18.802', '2023-10-11 23:03:18.802');
INSERT INTO `act_hi_varinst` VALUES ('740026', '740022', '740022', null, 'employeeId', 'string', '0', null, null, null, '3', null, '2023-10-11 23:03:18.802', '2023-10-11 23:03:18.802');
INSERT INTO `act_hi_varinst` VALUES ('740033', '740022', '740027', null, 'nrOfInstances', 'integer', '0', null, null, '1', '1', null, '2023-10-11 23:03:18.833', '2023-10-11 23:03:18.833');
INSERT INTO `act_hi_varinst` VALUES ('740034', '740022', '740027', null, 'nrOfCompletedInstances', 'integer', '0', null, null, '1', '1', null, '2023-10-11 23:03:18.833', '2023-10-11 23:03:18.848');
INSERT INTO `act_hi_varinst` VALUES ('740035', '740022', '740027', null, 'nrOfActiveInstances', 'integer', '0', null, null, '0', '0', null, '2023-10-11 23:03:18.833', '2023-10-11 23:03:18.848');
INSERT INTO `act_hi_varinst` VALUES ('740037', '740022', '740036', null, 'loopCounter', 'integer', '0', null, null, '0', '0', null, '2023-10-11 23:03:18.834', '2023-10-11 23:03:18.834');
INSERT INTO `act_hi_varinst` VALUES ('740038', '740022', '740036', null, 'P80800001', 'string', '0', null, null, null, '3', null, '2023-10-11 23:03:18.835', '2023-10-11 23:03:18.835');
INSERT INTO `act_hi_varinst` VALUES ('740044', '740043', '740043', null, 'testFlag', 'null', '0', null, null, null, null, null, '2023-10-11 23:16:01.915', '2023-10-11 23:16:01.915');
INSERT INTO `act_hi_varinst` VALUES ('740045', '740043', '740043', null, 'processStatus', 'string', '0', null, null, null, 'RUNNING', null, '2023-10-11 23:16:01.915', '2023-10-11 23:16:01.915');
INSERT INTO `act_hi_varinst` VALUES ('740046', '740043', '740043', null, 'deptId', 'string', '0', null, null, null, '101', null, '2023-10-11 23:16:01.915', '2023-10-11 23:16:01.915');
INSERT INTO `act_hi_varinst` VALUES ('740047', '740043', '740043', null, 'employeeId', 'string', '0', null, null, null, '3', null, '2023-10-11 23:16:01.915', '2023-10-11 23:16:01.915');
INSERT INTO `act_hi_varinst` VALUES ('740054', '740043', '740048', null, 'nrOfInstances', 'integer', '0', null, null, '1', '1', null, '2023-10-11 23:16:01.966', '2023-10-11 23:16:01.966');
INSERT INTO `act_hi_varinst` VALUES ('740055', '740043', '740048', null, 'nrOfCompletedInstances', 'integer', '0', null, null, '1', '1', null, '2023-10-11 23:16:01.966', '2023-10-11 23:16:01.980');
INSERT INTO `act_hi_varinst` VALUES ('740056', '740043', '740048', null, 'nrOfActiveInstances', 'integer', '0', null, null, '0', '0', null, '2023-10-11 23:16:01.966', '2023-10-11 23:16:01.980');
INSERT INTO `act_hi_varinst` VALUES ('740058', '740043', '740057', null, 'loopCounter', 'integer', '0', null, null, '0', '0', null, '2023-10-11 23:16:01.967', '2023-10-11 23:16:01.967');
INSERT INTO `act_hi_varinst` VALUES ('740059', '740043', '740057', null, 'P80800001', 'string', '0', null, null, null, '3', null, '2023-10-11 23:16:01.968', '2023-10-11 23:16:01.968');
INSERT INTO `act_hi_varinst` VALUES ('740065', '740064', '740064', null, 'testFlag', 'null', '0', null, null, null, null, null, '2023-10-11 23:19:35.446', '2023-10-11 23:19:35.446');
INSERT INTO `act_hi_varinst` VALUES ('740066', '740064', '740064', null, 'processStatus', 'string', '0', null, null, null, 'RUNNING', null, '2023-10-11 23:19:35.446', '2023-10-11 23:19:35.446');
INSERT INTO `act_hi_varinst` VALUES ('740067', '740064', '740064', null, 'deptId', 'string', '0', null, null, null, '101', null, '2023-10-11 23:19:35.446', '2023-10-11 23:19:35.446');
INSERT INTO `act_hi_varinst` VALUES ('740068', '740064', '740064', null, 'employeeId', 'string', '0', null, null, null, '3', null, '2023-10-11 23:19:35.446', '2023-10-11 23:19:35.446');
INSERT INTO `act_hi_varinst` VALUES ('740075', '740064', '740069', null, 'nrOfInstances', 'integer', '0', null, null, '1', '1', null, '2023-10-11 23:19:35.476', '2023-10-11 23:19:35.476');
INSERT INTO `act_hi_varinst` VALUES ('740076', '740064', '740069', null, 'nrOfCompletedInstances', 'integer', '0', null, null, '1', '1', null, '2023-10-11 23:19:35.476', '2023-10-11 23:19:35.490');
INSERT INTO `act_hi_varinst` VALUES ('740077', '740064', '740069', null, 'nrOfActiveInstances', 'integer', '0', null, null, '0', '0', null, '2023-10-11 23:19:35.476', '2023-10-11 23:19:35.490');
INSERT INTO `act_hi_varinst` VALUES ('740079', '740064', '740078', null, 'loopCounter', 'integer', '0', null, null, '0', '0', null, '2023-10-11 23:19:35.477', '2023-10-11 23:19:35.477');
INSERT INTO `act_hi_varinst` VALUES ('740080', '740064', '740078', null, 'P80800001', 'string', '0', null, null, null, '3', null, '2023-10-11 23:19:35.478', '2023-10-11 23:19:35.478');

-- ----------------------------
-- Table structure for act_id_group
-- ----------------------------
DROP TABLE IF EXISTS `act_id_group`;
CREATE TABLE `act_id_group` (
  `ID_` varchar(64) COLLATE utf8_bin NOT NULL,
  `REV_` int(11) DEFAULT NULL,
  `NAME_` varchar(255) COLLATE utf8_bin DEFAULT NULL,
  `TYPE_` varchar(255) COLLATE utf8_bin DEFAULT NULL,
  PRIMARY KEY (`ID_`)
) ENGINE=InnoDB DEFAULT CHARSET=utf8 COLLATE=utf8_bin;

-- ----------------------------
-- Records of act_id_group
-- ----------------------------

-- ----------------------------
-- Table structure for act_id_info
-- ----------------------------
DROP TABLE IF EXISTS `act_id_info`;
CREATE TABLE `act_id_info` (
  `ID_` varchar(64) COLLATE utf8_bin NOT NULL,
  `REV_` int(11) DEFAULT NULL,
  `USER_ID_` varchar(64) COLLATE utf8_bin DEFAULT NULL,
  `TYPE_` varchar(64) COLLATE utf8_bin DEFAULT NULL,
  `KEY_` varchar(255) COLLATE utf8_bin DEFAULT NULL,
  `VALUE_` varchar(255) COLLATE utf8_bin DEFAULT NULL,
  `PASSWORD_` longblob,
  `PARENT_ID_` varchar(255) COLLATE utf8_bin DEFAULT NULL,
  PRIMARY KEY (`ID_`)
) ENGINE=InnoDB DEFAULT CHARSET=utf8 COLLATE=utf8_bin;

-- ----------------------------
-- Records of act_id_info
-- ----------------------------

-- ----------------------------
-- Table structure for act_id_membership
-- ----------------------------
DROP TABLE IF EXISTS `act_id_membership`;
CREATE TABLE `act_id_membership` (
  `USER_ID_` varchar(64) COLLATE utf8_bin NOT NULL,
  `GROUP_ID_` varchar(64) COLLATE utf8_bin NOT NULL,
  PRIMARY KEY (`USER_ID_`,`GROUP_ID_`),
  KEY `ACT_FK_MEMB_GROUP` (`GROUP_ID_`),
  CONSTRAINT `ACT_FK_MEMB_GROUP` FOREIGN KEY (`GROUP_ID_`) REFERENCES `act_id_group` (`ID_`),
  CONSTRAINT `ACT_FK_MEMB_USER` FOREIGN KEY (`USER_ID_`) REFERENCES `act_id_user` (`ID_`)
) ENGINE=InnoDB DEFAULT CHARSET=utf8 COLLATE=utf8_bin;

-- ----------------------------
-- Records of act_id_membership
-- ----------------------------

-- ----------------------------
-- Table structure for act_id_user
-- ----------------------------
DROP TABLE IF EXISTS `act_id_user`;
CREATE TABLE `act_id_user` (
  `ID_` varchar(64) COLLATE utf8_bin NOT NULL,
  `REV_` int(11) DEFAULT NULL,
  `FIRST_` varchar(255) COLLATE utf8_bin DEFAULT NULL,
  `LAST_` varchar(255) COLLATE utf8_bin DEFAULT NULL,
  `EMAIL_` varchar(255) COLLATE utf8_bin DEFAULT NULL,
  `PWD_` varchar(255) COLLATE utf8_bin DEFAULT NULL,
  `PICTURE_ID_` varchar(64) COLLATE utf8_bin DEFAULT NULL,
  PRIMARY KEY (`ID_`)
) ENGINE=InnoDB DEFAULT CHARSET=utf8 COLLATE=utf8_bin;

-- ----------------------------
-- Records of act_id_user
-- ----------------------------

-- ----------------------------
-- Table structure for act_overtime_handle_remind
-- ----------------------------
DROP TABLE IF EXISTS `act_overtime_handle_remind`;
CREATE TABLE `act_overtime_handle_remind` (
  `remind_id` varchar(32) COLLATE utf8_bin NOT NULL COMMENT '主键id',
  `process_instance_id` varchar(32) COLLATE utf8_bin DEFAULT NULL COMMENT '流程实例id',
  `status_cd` varchar(2) COLLATE utf8_bin DEFAULT NULL COMMENT '0:有效的 1：无效的',
  `create_time` datetime DEFAULT NULL COMMENT '创建时间',
  PRIMARY KEY (`remind_id`),
  KEY `idx_process_instance_id` (`process_instance_id`) USING BTREE
) ENGINE=InnoDB DEFAULT CHARSET=utf8 COLLATE=utf8_bin COMMENT='流程超时未处理提醒';

-- ----------------------------
-- Records of act_overtime_handle_remind
-- ----------------------------

-- ----------------------------
-- Table structure for act_procdef_info
-- ----------------------------
DROP TABLE IF EXISTS `act_procdef_info`;
CREATE TABLE `act_procdef_info` (
  `ID_` varchar(64) COLLATE utf8_bin NOT NULL,
  `PROC_DEF_ID_` varchar(64) COLLATE utf8_bin NOT NULL,
  `REV_` int(11) DEFAULT NULL,
  `INFO_JSON_ID_` varchar(64) COLLATE utf8_bin DEFAULT NULL,
  PRIMARY KEY (`ID_`),
  UNIQUE KEY `ACT_UNIQ_INFO_PROCDEF` (`PROC_DEF_ID_`),
  KEY `ACT_IDX_INFO_PROCDEF` (`PROC_DEF_ID_`),
  KEY `ACT_FK_INFO_JSON_BA` (`INFO_JSON_ID_`),
  CONSTRAINT `ACT_FK_INFO_JSON_BA` FOREIGN KEY (`INFO_JSON_ID_`) REFERENCES `act_ge_bytearray` (`ID_`),
  CONSTRAINT `ACT_FK_INFO_PROCDEF` FOREIGN KEY (`PROC_DEF_ID_`) REFERENCES `act_re_procdef` (`ID_`)
) ENGINE=InnoDB DEFAULT CHARSET=utf8 COLLATE=utf8_bin;

-- ----------------------------
-- Records of act_procdef_info
-- ----------------------------

-- ----------------------------
-- Table structure for act_process_remind_rel
-- ----------------------------
DROP TABLE IF EXISTS `act_process_remind_rel`;
CREATE TABLE `act_process_remind_rel` (
  `act_process_remind_rel_id` varchar(32) COLLATE utf8_bin NOT NULL COMMENT '流程提醒id',
  `process_code` varchar(32) COLLATE utf8_bin DEFAULT NULL COMMENT '流程code',
  `remind_process_code` varchar(32) COLLATE utf8_bin DEFAULT NULL COMMENT '提醒流程code',
  `remind_date_field` varchar(64) COLLATE utf8_bin DEFAULT NULL COMMENT '流程到期提醒时间字段',
  `proc_num` varchar(64) COLLATE utf8_bin DEFAULT NULL COMMENT '流程num'
) ENGINE=InnoDB DEFAULT CHARSET=utf8 COLLATE=utf8_bin;

-- ----------------------------
-- Records of act_process_remind_rel
-- ----------------------------

-- ----------------------------
-- Table structure for act_re_deployment
-- ----------------------------
DROP TABLE IF EXISTS `act_re_deployment`;
CREATE TABLE `act_re_deployment` (
  `ID_` varchar(64) COLLATE utf8_bin NOT NULL DEFAULT '',
  `NAME_` varchar(255) COLLATE utf8_bin DEFAULT NULL,
  `CATEGORY_` varchar(255) COLLATE utf8_bin DEFAULT NULL,
  `KEY_` varchar(255) COLLATE utf8_bin DEFAULT NULL,
  `TENANT_ID_` varchar(255) COLLATE utf8_bin DEFAULT '',
  `DEPLOY_TIME_` timestamp(3) NULL DEFAULT NULL,
  `ENGINE_VERSION_` varchar(255) COLLATE utf8_bin DEFAULT NULL,
  PRIMARY KEY (`ID_`)
) ENGINE=InnoDB DEFAULT CHARSET=utf8 COLLATE=utf8_bin;

-- ----------------------------
-- Records of act_re_deployment
-- ----------------------------
INSERT INTO `act_re_deployment` VALUES ('707501', null, null, 'XZ01', '', '2023-10-10 20:07:58.905', null);
INSERT INTO `act_re_deployment` VALUES ('707505', null, null, 'XZ01', '', '2023-10-10 20:10:17.010', null);
INSERT INTO `act_re_deployment` VALUES ('722533', null, null, 'XZ01', '', '2023-10-10 21:28:04.505', null);
INSERT INTO `act_re_deployment` VALUES ('727581', null, null, 'XZ01', '', '2023-10-10 22:57:28.435', null);
INSERT INTO `act_re_deployment` VALUES ('730001', null, null, 'XZ01', '', '2023-10-10 23:22:15.605', null);

-- ----------------------------
-- Table structure for act_re_model
-- ----------------------------
DROP TABLE IF EXISTS `act_re_model`;
CREATE TABLE `act_re_model` (
  `ID_` varchar(64) COLLATE utf8_bin NOT NULL,
  `REV_` int(11) DEFAULT NULL,
  `NAME_` varchar(255) COLLATE utf8_bin DEFAULT NULL,
  `KEY_` varchar(255) COLLATE utf8_bin DEFAULT NULL,
  `CATEGORY_` varchar(255) COLLATE utf8_bin DEFAULT NULL,
  `CREATE_TIME_` timestamp(3) NULL DEFAULT NULL,
  `LAST_UPDATE_TIME_` timestamp(3) NULL DEFAULT NULL,
  `VERSION_` int(11) DEFAULT NULL,
  `META_INFO_` varchar(4000) COLLATE utf8_bin DEFAULT NULL,
  `DEPLOYMENT_ID_` varchar(64) COLLATE utf8_bin DEFAULT NULL,
  `EDITOR_SOURCE_VALUE_ID_` varchar(64) COLLATE utf8_bin DEFAULT NULL,
  `EDITOR_SOURCE_EXTRA_VALUE_ID_` varchar(64) COLLATE utf8_bin DEFAULT NULL,
  `TENANT_ID_` varchar(255) COLLATE utf8_bin DEFAULT '',
  PRIMARY KEY (`ID_`),
  KEY `ACT_FK_MODEL_SOURCE` (`EDITOR_SOURCE_VALUE_ID_`),
  KEY `ACT_FK_MODEL_SOURCE_EXTRA` (`EDITOR_SOURCE_EXTRA_VALUE_ID_`),
  KEY `ACT_FK_MODEL_DEPLOYMENT` (`DEPLOYMENT_ID_`),
  CONSTRAINT `ACT_FK_MODEL_DEPLOYMENT` FOREIGN KEY (`DEPLOYMENT_ID_`) REFERENCES `act_re_deployment` (`ID_`),
  CONSTRAINT `ACT_FK_MODEL_SOURCE` FOREIGN KEY (`EDITOR_SOURCE_VALUE_ID_`) REFERENCES `act_ge_bytearray` (`ID_`),
  CONSTRAINT `ACT_FK_MODEL_SOURCE_EXTRA` FOREIGN KEY (`EDITOR_SOURCE_EXTRA_VALUE_ID_`) REFERENCES `act_ge_bytearray` (`ID_`)
) ENGINE=InnoDB DEFAULT CHARSET=utf8 COLLATE=utf8_bin;

-- ----------------------------
-- Records of act_re_model
-- ----------------------------

-- ----------------------------
-- Table structure for act_re_procdef
-- ----------------------------
DROP TABLE IF EXISTS `act_re_procdef`;
CREATE TABLE `act_re_procdef` (
  `ID_` varchar(64) COLLATE utf8_bin NOT NULL,
  `REV_` int(11) DEFAULT NULL,
  `CATEGORY_` varchar(255) COLLATE utf8_bin DEFAULT NULL,
  `NAME_` varchar(255) COLLATE utf8_bin DEFAULT NULL,
  `KEY_` varchar(255) COLLATE utf8_bin NOT NULL,
  `VERSION_` int(11) NOT NULL,
  `DEPLOYMENT_ID_` varchar(64) COLLATE utf8_bin DEFAULT NULL,
  `RESOURCE_NAME_` varchar(4000) COLLATE utf8_bin DEFAULT NULL,
  `DGRM_RESOURCE_NAME_` varchar(4000) COLLATE utf8_bin DEFAULT NULL,
  `DESCRIPTION_` varchar(4000) COLLATE utf8_bin DEFAULT NULL,
  `HAS_START_FORM_KEY_` tinyint(4) DEFAULT NULL,
  `HAS_GRAPHICAL_NOTATION_` tinyint(4) DEFAULT NULL,
  `SUSPENSION_STATE_` int(11) DEFAULT NULL,
  `TENANT_ID_` varchar(255) COLLATE utf8_bin DEFAULT '',
  `ENGINE_VERSION_` varchar(255) COLLATE utf8_bin DEFAULT NULL,
  PRIMARY KEY (`ID_`),
  UNIQUE KEY `ACT_UNIQ_PROCDEF` (`KEY_`,`VERSION_`,`TENANT_ID_`) USING BTREE
) ENGINE=InnoDB DEFAULT CHARSET=utf8 COLLATE=utf8_bin;

-- ----------------------------
-- Records of act_re_procdef
-- ----------------------------
INSERT INTO `act_re_procdef` VALUES ('Process_1:1:707504', '1', 'http://activiti.org/bpmn', null, 'Process_1', '1', '707501', 'procxz01-cslc.bpmn', 'procxz01-cslc.Process_1.png', null, '0', '1', '1', '', null);
INSERT INTO `act_re_procdef` VALUES ('Process_1:2:727584', '1', 'http://activiti.org/bpmn', null, 'Process_1', '2', '727581', 'procxz01-cslc.bpmn', 'procxz01-cslc.Process_1.png', null, '0', '1', '1', '', null);
INSERT INTO `act_re_procdef` VALUES ('XZ01:1:707508', '1', 'http://activiti.org/bpmn', '测试流程', 'XZ01', '1', '707505', 'procxz01-cslc.bpmn', 'procxz01-cslc.XZ01.png', null, '0', '1', '1', '', null);
INSERT INTO `act_re_procdef` VALUES ('XZ01:2:722536', '1', 'http://activiti.org/bpmn', '测试流程', 'XZ01', '2', '722533', 'procxz01-cslc.bpmn', 'procxz01-cslc.XZ01.png', null, '0', '1', '1', '', null);
INSERT INTO `act_re_procdef` VALUES ('XZ01:3:730004', '1', 'http://activiti.org/bpmn', 'XZ01-测试流程', 'XZ01', '3', '730001', 'procxz01-cslc.bpmn', 'procxz01-cslc.XZ01.png', null, '0', '1', '1', '', null);

-- ----------------------------
-- Table structure for act_role_process
-- ----------------------------
DROP TABLE IF EXISTS `act_role_process`;
CREATE TABLE `act_role_process` (
  `act_role_process_id` varchar(32) DEFAULT NULL,
  `role_id` varchar(32) DEFAULT NULL,
  `process_code` varchar(32) DEFAULT NULL
) ENGINE=InnoDB DEFAULT CHARSET=utf8mb4;

-- ----------------------------
-- Records of act_role_process
-- ----------------------------
INSERT INTO `act_role_process` VALUES ('48f57214c007623deffaecbcd5d01dce', '3', 'XZ01');

-- ----------------------------
-- Table structure for act_ru_deadletter_job
-- ----------------------------
DROP TABLE IF EXISTS `act_ru_deadletter_job`;
CREATE TABLE `act_ru_deadletter_job` (
  `ID_` varchar(64) COLLATE utf8_bin NOT NULL,
  `REV_` int(11) DEFAULT NULL,
  `TYPE_` varchar(255) COLLATE utf8_bin NOT NULL,
  `EXCLUSIVE_` tinyint(1) DEFAULT NULL,
  `EXECUTION_ID_` varchar(64) COLLATE utf8_bin DEFAULT NULL,
  `PROCESS_INSTANCE_ID_` varchar(64) COLLATE utf8_bin DEFAULT NULL,
  `PROC_DEF_ID_` varchar(64) COLLATE utf8_bin DEFAULT NULL,
  `EXCEPTION_STACK_ID_` varchar(64) COLLATE utf8_bin DEFAULT NULL,
  `EXCEPTION_MSG_` varchar(4000) COLLATE utf8_bin DEFAULT NULL,
  `DUEDATE_` timestamp(3) NULL DEFAULT NULL,
  `REPEAT_` varchar(255) COLLATE utf8_bin DEFAULT NULL,
  `HANDLER_TYPE_` varchar(255) COLLATE utf8_bin DEFAULT NULL,
  `HANDLER_CFG_` varchar(4000) COLLATE utf8_bin DEFAULT NULL,
  `TENANT_ID_` varchar(255) COLLATE utf8_bin DEFAULT '',
  PRIMARY KEY (`ID_`),
  KEY `ACT_FK_DEADLETTER_JOB_EXECUTION` (`EXECUTION_ID_`),
  KEY `ACT_FK_DEADLETTER_JOB_PROCESS_INSTANCE` (`PROCESS_INSTANCE_ID_`),
  KEY `ACT_FK_DEADLETTER_JOB_PROC_DEF` (`PROC_DEF_ID_`),
  KEY `ACT_FK_DEADLETTER_JOB_EXCEPTION` (`EXCEPTION_STACK_ID_`),
  CONSTRAINT `ACT_FK_DEADLETTER_JOB_EXCEPTION` FOREIGN KEY (`EXCEPTION_STACK_ID_`) REFERENCES `act_ge_bytearray` (`ID_`),
  CONSTRAINT `ACT_FK_DEADLETTER_JOB_EXECUTION` FOREIGN KEY (`EXECUTION_ID_`) REFERENCES `act_ru_execution` (`ID_`),
  CONSTRAINT `ACT_FK_DEADLETTER_JOB_PROCESS_INSTANCE` FOREIGN KEY (`PROCESS_INSTANCE_ID_`) REFERENCES `act_ru_execution` (`ID_`),
  CONSTRAINT `ACT_FK_DEADLETTER_JOB_PROC_DEF` FOREIGN KEY (`PROC_DEF_ID_`) REFERENCES `act_re_procdef` (`ID_`)
) ENGINE=InnoDB DEFAULT CHARSET=utf8 COLLATE=utf8_bin;

-- ----------------------------
-- Records of act_ru_deadletter_job
-- ----------------------------

-- ----------------------------
-- Table structure for act_ru_event_subscr
-- ----------------------------
DROP TABLE IF EXISTS `act_ru_event_subscr`;
CREATE TABLE `act_ru_event_subscr` (
  `ID_` varchar(64) COLLATE utf8_bin NOT NULL,
  `REV_` int(11) DEFAULT NULL,
  `EVENT_TYPE_` varchar(255) COLLATE utf8_bin NOT NULL,
  `EVENT_NAME_` varchar(255) COLLATE utf8_bin DEFAULT NULL,
  `EXECUTION_ID_` varchar(64) COLLATE utf8_bin DEFAULT NULL,
  `PROC_INST_ID_` varchar(64) COLLATE utf8_bin DEFAULT NULL,
  `ACTIVITY_ID_` varchar(64) COLLATE utf8_bin DEFAULT NULL,
  `CONFIGURATION_` varchar(255) COLLATE utf8_bin DEFAULT NULL,
  `CREATED_` timestamp(3) NOT NULL DEFAULT CURRENT_TIMESTAMP(3),
  `PROC_DEF_ID_` varchar(64) COLLATE utf8_bin DEFAULT NULL,
  `TENANT_ID_` varchar(255) COLLATE utf8_bin DEFAULT '',
  PRIMARY KEY (`ID_`),
  KEY `ACT_IDX_EVENT_SUBSCR_CONFIG_` (`CONFIGURATION_`),
  KEY `ACT_FK_EVENT_EXEC` (`EXECUTION_ID_`),
  CONSTRAINT `ACT_FK_EVENT_EXEC` FOREIGN KEY (`EXECUTION_ID_`) REFERENCES `act_ru_execution` (`ID_`)
) ENGINE=InnoDB DEFAULT CHARSET=utf8 COLLATE=utf8_bin;

-- ----------------------------
-- Records of act_ru_event_subscr
-- ----------------------------

-- ----------------------------
-- Table structure for act_ru_execution
-- ----------------------------
DROP TABLE IF EXISTS `act_ru_execution`;
CREATE TABLE `act_ru_execution` (
  `ID_` varchar(64) COLLATE utf8_bin NOT NULL,
  `REV_` int(11) DEFAULT NULL,
  `PROC_INST_ID_` varchar(64) COLLATE utf8_bin DEFAULT NULL,
  `BUSINESS_KEY_` varchar(255) COLLATE utf8_bin DEFAULT NULL,
  `PARENT_ID_` varchar(64) COLLATE utf8_bin DEFAULT NULL,
  `PROC_DEF_ID_` varchar(64) COLLATE utf8_bin DEFAULT NULL,
  `SUPER_EXEC_` varchar(64) COLLATE utf8_bin DEFAULT NULL,
  `ROOT_PROC_INST_ID_` varchar(64) COLLATE utf8_bin DEFAULT NULL,
  `ACT_ID_` varchar(255) COLLATE utf8_bin DEFAULT NULL,
  `IS_ACTIVE_` tinyint(4) DEFAULT NULL,
  `IS_CONCURRENT_` tinyint(4) DEFAULT NULL,
  `IS_SCOPE_` tinyint(4) DEFAULT NULL,
  `IS_EVENT_SCOPE_` tinyint(4) DEFAULT NULL,
  `IS_MI_ROOT_` tinyint(4) DEFAULT NULL,
  `SUSPENSION_STATE_` int(11) DEFAULT NULL,
  `CACHED_ENT_STATE_` int(11) DEFAULT NULL,
  `TENANT_ID_` varchar(255) COLLATE utf8_bin DEFAULT '',
  `NAME_` varchar(255) COLLATE utf8_bin DEFAULT NULL,
  `START_TIME_` datetime(3) DEFAULT NULL,
  `START_USER_ID_` varchar(255) COLLATE utf8_bin DEFAULT NULL,
  `LOCK_TIME_` timestamp(3) NULL DEFAULT NULL,
  `IS_COUNT_ENABLED_` tinyint(4) DEFAULT NULL,
  `EVT_SUBSCR_COUNT_` int(11) DEFAULT NULL,
  `TASK_COUNT_` int(11) DEFAULT NULL,
  `JOB_COUNT_` int(11) DEFAULT NULL,
  `TIMER_JOB_COUNT_` int(11) DEFAULT NULL,
  `SUSP_JOB_COUNT_` int(11) DEFAULT NULL,
  `DEADLETTER_JOB_COUNT_` int(11) DEFAULT NULL,
  `VAR_COUNT_` int(11) DEFAULT NULL,
  `ID_LINK_COUNT_` int(11) DEFAULT NULL,
  PRIMARY KEY (`ID_`),
  KEY `ACT_IDX_EXEC_BUSKEY` (`BUSINESS_KEY_`),
  KEY `ACT_IDC_EXEC_ROOT` (`ROOT_PROC_INST_ID_`),
  KEY `ACT_FK_EXE_PROCINST` (`PROC_INST_ID_`),
  KEY `ACT_FK_EXE_PARENT` (`PARENT_ID_`),
  KEY `ACT_FK_EXE_SUPER` (`SUPER_EXEC_`),
  KEY `ACT_FK_EXE_PROCDEF` (`PROC_DEF_ID_`),
  CONSTRAINT `ACT_FK_EXE_PARENT` FOREIGN KEY (`PARENT_ID_`) REFERENCES `act_ru_execution` (`ID_`) ON DELETE CASCADE,
  CONSTRAINT `ACT_FK_EXE_PROCDEF` FOREIGN KEY (`PROC_DEF_ID_`) REFERENCES `act_re_procdef` (`ID_`),
  CONSTRAINT `ACT_FK_EXE_PROCINST` FOREIGN KEY (`PROC_INST_ID_`) REFERENCES `act_ru_execution` (`ID_`) ON DELETE CASCADE ON UPDATE CASCADE,
  CONSTRAINT `ACT_FK_EXE_SUPER` FOREIGN KEY (`SUPER_EXEC_`) REFERENCES `act_ru_execution` (`ID_`) ON DELETE CASCADE
) ENGINE=InnoDB DEFAULT CHARSET=utf8 COLLATE=utf8_bin;

-- ----------------------------
-- Records of act_ru_execution
-- ----------------------------
INSERT INTO `act_ru_execution` VALUES ('737511', '1', '737511', null, null, null, null, null, null, null, null, null, null, null, null, null, '', null, null, null, null, null, null, null, null, null, null, null, null, null);

-- ----------------------------
-- Table structure for act_ru_identitylink
-- ----------------------------
DROP TABLE IF EXISTS `act_ru_identitylink`;
CREATE TABLE `act_ru_identitylink` (
  `ID_` varchar(64) COLLATE utf8_bin NOT NULL,
  `REV_` int(11) DEFAULT NULL,
  `GROUP_ID_` varchar(255) COLLATE utf8_bin DEFAULT NULL,
  `TYPE_` varchar(255) COLLATE utf8_bin DEFAULT NULL,
  `USER_ID_` varchar(255) COLLATE utf8_bin DEFAULT NULL,
  `TASK_ID_` varchar(64) COLLATE utf8_bin DEFAULT NULL,
  `PROC_INST_ID_` varchar(64) COLLATE utf8_bin DEFAULT NULL,
  `PROC_DEF_ID_` varchar(64) COLLATE utf8_bin DEFAULT NULL,
  PRIMARY KEY (`ID_`),
  KEY `ACT_IDX_IDENT_LNK_USER` (`USER_ID_`),
  KEY `ACT_IDX_IDENT_LNK_GROUP` (`GROUP_ID_`),
  KEY `ACT_IDX_ATHRZ_PROCEDEF` (`PROC_DEF_ID_`),
  KEY `ACT_FK_TSKASS_TASK` (`TASK_ID_`),
  KEY `ACT_FK_IDL_PROCINST` (`PROC_INST_ID_`),
  CONSTRAINT `ACT_FK_ATHRZ_PROCEDEF` FOREIGN KEY (`PROC_DEF_ID_`) REFERENCES `act_re_procdef` (`ID_`),
  CONSTRAINT `ACT_FK_IDL_PROCINST` FOREIGN KEY (`PROC_INST_ID_`) REFERENCES `act_ru_execution` (`ID_`),
  CONSTRAINT `ACT_FK_TSKASS_TASK` FOREIGN KEY (`TASK_ID_`) REFERENCES `act_ru_task` (`ID_`)
) ENGINE=InnoDB DEFAULT CHARSET=utf8 COLLATE=utf8_bin;

-- ----------------------------
-- Records of act_ru_identitylink
-- ----------------------------

-- ----------------------------
-- Table structure for act_ru_job
-- ----------------------------
DROP TABLE IF EXISTS `act_ru_job`;
CREATE TABLE `act_ru_job` (
  `ID_` varchar(64) COLLATE utf8_bin NOT NULL,
  `REV_` int(11) DEFAULT NULL,
  `TYPE_` varchar(255) COLLATE utf8_bin NOT NULL,
  `LOCK_EXP_TIME_` timestamp(3) NULL DEFAULT NULL,
  `LOCK_OWNER_` varchar(255) COLLATE utf8_bin DEFAULT NULL,
  `EXCLUSIVE_` tinyint(1) DEFAULT NULL,
  `EXECUTION_ID_` varchar(64) COLLATE utf8_bin DEFAULT NULL,
  `PROCESS_INSTANCE_ID_` varchar(64) COLLATE utf8_bin DEFAULT NULL,
  `PROC_DEF_ID_` varchar(64) COLLATE utf8_bin DEFAULT NULL,
  `RETRIES_` int(11) DEFAULT NULL,
  `EXCEPTION_STACK_ID_` varchar(64) COLLATE utf8_bin DEFAULT NULL,
  `EXCEPTION_MSG_` varchar(4000) COLLATE utf8_bin DEFAULT NULL,
  `DUEDATE_` timestamp(3) NULL DEFAULT NULL,
  `REPEAT_` varchar(255) COLLATE utf8_bin DEFAULT NULL,
  `HANDLER_TYPE_` varchar(255) COLLATE utf8_bin DEFAULT NULL,
  `HANDLER_CFG_` varchar(4000) COLLATE utf8_bin DEFAULT NULL,
  `TENANT_ID_` varchar(255) COLLATE utf8_bin DEFAULT '',
  PRIMARY KEY (`ID_`),
  KEY `ACT_FK_JOB_EXECUTION` (`EXECUTION_ID_`),
  KEY `ACT_FK_JOB_PROCESS_INSTANCE` (`PROCESS_INSTANCE_ID_`),
  KEY `ACT_FK_JOB_PROC_DEF` (`PROC_DEF_ID_`),
  KEY `ACT_FK_JOB_EXCEPTION` (`EXCEPTION_STACK_ID_`),
  CONSTRAINT `ACT_FK_JOB_EXCEPTION` FOREIGN KEY (`EXCEPTION_STACK_ID_`) REFERENCES `act_ge_bytearray` (`ID_`),
  CONSTRAINT `ACT_FK_JOB_EXECUTION` FOREIGN KEY (`EXECUTION_ID_`) REFERENCES `act_ru_execution` (`ID_`),
  CONSTRAINT `ACT_FK_JOB_PROCESS_INSTANCE` FOREIGN KEY (`PROCESS_INSTANCE_ID_`) REFERENCES `act_ru_execution` (`ID_`),
  CONSTRAINT `ACT_FK_JOB_PROC_DEF` FOREIGN KEY (`PROC_DEF_ID_`) REFERENCES `act_re_procdef` (`ID_`)
) ENGINE=InnoDB DEFAULT CHARSET=utf8 COLLATE=utf8_bin;

-- ----------------------------
-- Records of act_ru_job
-- ----------------------------

-- ----------------------------
-- Table structure for act_ru_suspended_job
-- ----------------------------
DROP TABLE IF EXISTS `act_ru_suspended_job`;
CREATE TABLE `act_ru_suspended_job` (
  `ID_` varchar(64) COLLATE utf8_bin NOT NULL,
  `REV_` int(11) DEFAULT NULL,
  `TYPE_` varchar(255) COLLATE utf8_bin NOT NULL,
  `EXCLUSIVE_` tinyint(1) DEFAULT NULL,
  `EXECUTION_ID_` varchar(64) COLLATE utf8_bin DEFAULT NULL,
  `PROCESS_INSTANCE_ID_` varchar(64) COLLATE utf8_bin DEFAULT NULL,
  `PROC_DEF_ID_` varchar(64) COLLATE utf8_bin DEFAULT NULL,
  `RETRIES_` int(11) DEFAULT NULL,
  `EXCEPTION_STACK_ID_` varchar(64) COLLATE utf8_bin DEFAULT NULL,
  `EXCEPTION_MSG_` varchar(4000) COLLATE utf8_bin DEFAULT NULL,
  `DUEDATE_` timestamp(3) NULL DEFAULT NULL,
  `REPEAT_` varchar(255) COLLATE utf8_bin DEFAULT NULL,
  `HANDLER_TYPE_` varchar(255) COLLATE utf8_bin DEFAULT NULL,
  `HANDLER_CFG_` varchar(4000) COLLATE utf8_bin DEFAULT NULL,
  `TENANT_ID_` varchar(255) COLLATE utf8_bin DEFAULT '',
  PRIMARY KEY (`ID_`),
  KEY `ACT_FK_SUSPENDED_JOB_EXECUTION` (`EXECUTION_ID_`),
  KEY `ACT_FK_SUSPENDED_JOB_PROCESS_INSTANCE` (`PROCESS_INSTANCE_ID_`),
  KEY `ACT_FK_SUSPENDED_JOB_PROC_DEF` (`PROC_DEF_ID_`),
  KEY `ACT_FK_SUSPENDED_JOB_EXCEPTION` (`EXCEPTION_STACK_ID_`),
  CONSTRAINT `ACT_FK_SUSPENDED_JOB_EXCEPTION` FOREIGN KEY (`EXCEPTION_STACK_ID_`) REFERENCES `act_ge_bytearray` (`ID_`),
  CONSTRAINT `ACT_FK_SUSPENDED_JOB_EXECUTION` FOREIGN KEY (`EXECUTION_ID_`) REFERENCES `act_ru_execution` (`ID_`),
  CONSTRAINT `ACT_FK_SUSPENDED_JOB_PROCESS_INSTANCE` FOREIGN KEY (`PROCESS_INSTANCE_ID_`) REFERENCES `act_ru_execution` (`ID_`),
  CONSTRAINT `ACT_FK_SUSPENDED_JOB_PROC_DEF` FOREIGN KEY (`PROC_DEF_ID_`) REFERENCES `act_re_procdef` (`ID_`)
) ENGINE=InnoDB DEFAULT CHARSET=utf8 COLLATE=utf8_bin;

-- ----------------------------
-- Records of act_ru_suspended_job
-- ----------------------------

-- ----------------------------
-- Table structure for act_ru_task
-- ----------------------------
DROP TABLE IF EXISTS `act_ru_task`;
CREATE TABLE `act_ru_task` (
  `ID_` varchar(64) COLLATE utf8_bin NOT NULL,
  `REV_` int(11) DEFAULT NULL,
  `EXECUTION_ID_` varchar(64) COLLATE utf8_bin DEFAULT NULL,
  `PROC_INST_ID_` varchar(64) COLLATE utf8_bin DEFAULT NULL,
  `PROC_DEF_ID_` varchar(64) COLLATE utf8_bin DEFAULT NULL,
  `NAME_` varchar(255) COLLATE utf8_bin DEFAULT NULL,
  `PARENT_TASK_ID_` varchar(64) COLLATE utf8_bin DEFAULT NULL,
  `DESCRIPTION_` varchar(4000) COLLATE utf8_bin DEFAULT NULL,
  `TASK_DEF_KEY_` varchar(255) COLLATE utf8_bin DEFAULT NULL,
  `OWNER_` varchar(255) COLLATE utf8_bin DEFAULT NULL,
  `ASSIGNEE_` varchar(255) COLLATE utf8_bin DEFAULT NULL,
  `DELEGATION_` varchar(64) COLLATE utf8_bin DEFAULT NULL,
  `PRIORITY_` int(11) DEFAULT NULL,
  `CREATE_TIME_` timestamp(3) NULL DEFAULT NULL,
  `DUE_DATE_` datetime(3) DEFAULT NULL,
  `CATEGORY_` varchar(255) COLLATE utf8_bin DEFAULT NULL,
  `SUSPENSION_STATE_` int(11) DEFAULT NULL,
  `TENANT_ID_` varchar(255) COLLATE utf8_bin DEFAULT '',
  `FORM_KEY_` varchar(255) COLLATE utf8_bin DEFAULT NULL,
  `CLAIM_TIME_` datetime(3) DEFAULT NULL,
  PRIMARY KEY (`ID_`),
  KEY `ACT_IDX_TASK_CREATE` (`CREATE_TIME_`),
  KEY `ACT_FK_TASK_EXE` (`EXECUTION_ID_`),
  KEY `ACT_FK_TASK_PROCINST` (`PROC_INST_ID_`),
  KEY `ACT_FK_TASK_PROCDEF` (`PROC_DEF_ID_`),
  CONSTRAINT `ACT_FK_TASK_EXE` FOREIGN KEY (`EXECUTION_ID_`) REFERENCES `act_ru_execution` (`ID_`),
  CONSTRAINT `ACT_FK_TASK_PROCDEF` FOREIGN KEY (`PROC_DEF_ID_`) REFERENCES `act_re_procdef` (`ID_`),
  CONSTRAINT `ACT_FK_TASK_PROCINST` FOREIGN KEY (`PROC_INST_ID_`) REFERENCES `act_ru_execution` (`ID_`)
) ENGINE=InnoDB DEFAULT CHARSET=utf8 COLLATE=utf8_bin;

-- ----------------------------
-- Records of act_ru_task
-- ----------------------------
INSERT INTO `act_ru_task` VALUES ('68df6fa1ff6a454cbef9515bf576de1e', null, null, '737511', null, '部门主管', null, null, 'Activity_0txdan2', null, '101', 'FORWARD', '50', '2023-10-11 22:19:28.000', null, null, '2', '', null, null);

-- ----------------------------
-- Table structure for act_ru_timer_job
-- ----------------------------
DROP TABLE IF EXISTS `act_ru_timer_job`;
CREATE TABLE `act_ru_timer_job` (
  `ID_` varchar(64) COLLATE utf8_bin NOT NULL,
  `REV_` int(11) DEFAULT NULL,
  `TYPE_` varchar(255) COLLATE utf8_bin NOT NULL,
  `LOCK_EXP_TIME_` timestamp(3) NULL DEFAULT NULL,
  `LOCK_OWNER_` varchar(255) COLLATE utf8_bin DEFAULT NULL,
  `EXCLUSIVE_` tinyint(1) DEFAULT NULL,
  `EXECUTION_ID_` varchar(64) COLLATE utf8_bin DEFAULT NULL,
  `PROCESS_INSTANCE_ID_` varchar(64) COLLATE utf8_bin DEFAULT NULL,
  `PROC_DEF_ID_` varchar(64) COLLATE utf8_bin DEFAULT NULL,
  `RETRIES_` int(11) DEFAULT NULL,
  `EXCEPTION_STACK_ID_` varchar(64) COLLATE utf8_bin DEFAULT NULL,
  `EXCEPTION_MSG_` varchar(4000) COLLATE utf8_bin DEFAULT NULL,
  `DUEDATE_` timestamp(3) NULL DEFAULT NULL,
  `REPEAT_` varchar(255) COLLATE utf8_bin DEFAULT NULL,
  `HANDLER_TYPE_` varchar(255) COLLATE utf8_bin DEFAULT NULL,
  `HANDLER_CFG_` varchar(4000) COLLATE utf8_bin DEFAULT NULL,
  `TENANT_ID_` varchar(255) COLLATE utf8_bin DEFAULT '',
  PRIMARY KEY (`ID_`),
  KEY `ACT_FK_TIMER_JOB_EXECUTION` (`EXECUTION_ID_`),
  KEY `ACT_FK_TIMER_JOB_PROCESS_INSTANCE` (`PROCESS_INSTANCE_ID_`),
  KEY `ACT_FK_TIMER_JOB_PROC_DEF` (`PROC_DEF_ID_`),
  KEY `ACT_FK_TIMER_JOB_EXCEPTION` (`EXCEPTION_STACK_ID_`),
  CONSTRAINT `ACT_FK_TIMER_JOB_EXCEPTION` FOREIGN KEY (`EXCEPTION_STACK_ID_`) REFERENCES `act_ge_bytearray` (`ID_`),
  CONSTRAINT `ACT_FK_TIMER_JOB_EXECUTION` FOREIGN KEY (`EXECUTION_ID_`) REFERENCES `act_ru_execution` (`ID_`),
  CONSTRAINT `ACT_FK_TIMER_JOB_PROCESS_INSTANCE` FOREIGN KEY (`PROCESS_INSTANCE_ID_`) REFERENCES `act_ru_execution` (`ID_`),
  CONSTRAINT `ACT_FK_TIMER_JOB_PROC_DEF` FOREIGN KEY (`PROC_DEF_ID_`) REFERENCES `act_re_procdef` (`ID_`)
) ENGINE=InnoDB DEFAULT CHARSET=utf8 COLLATE=utf8_bin;

-- ----------------------------
-- Records of act_ru_timer_job
-- ----------------------------

-- ----------------------------
-- Table structure for act_ru_variable
-- ----------------------------
DROP TABLE IF EXISTS `act_ru_variable`;
CREATE TABLE `act_ru_variable` (
  `ID_` varchar(64) COLLATE utf8_bin NOT NULL,
  `REV_` int(11) DEFAULT NULL,
  `TYPE_` varchar(255) COLLATE utf8_bin NOT NULL,
  `NAME_` varchar(255) COLLATE utf8_bin NOT NULL,
  `EXECUTION_ID_` varchar(64) COLLATE utf8_bin DEFAULT NULL,
  `PROC_INST_ID_` varchar(64) COLLATE utf8_bin DEFAULT NULL,
  `TASK_ID_` varchar(64) COLLATE utf8_bin DEFAULT NULL,
  `BYTEARRAY_ID_` varchar(64) COLLATE utf8_bin DEFAULT NULL,
  `DOUBLE_` double DEFAULT NULL,
  `LONG_` bigint(20) DEFAULT NULL,
  `TEXT_` varchar(4000) COLLATE utf8_bin DEFAULT NULL,
  `TEXT2_` varchar(4000) COLLATE utf8_bin DEFAULT NULL,
  PRIMARY KEY (`ID_`),
  KEY `ACT_IDX_VARIABLE_TASK_ID` (`TASK_ID_`),
  KEY `ACT_FK_VAR_EXE` (`EXECUTION_ID_`),
  KEY `ACT_FK_VAR_PROCINST` (`PROC_INST_ID_`),
  KEY `ACT_FK_VAR_BYTEARRAY` (`BYTEARRAY_ID_`),
  CONSTRAINT `ACT_FK_VAR_BYTEARRAY` FOREIGN KEY (`BYTEARRAY_ID_`) REFERENCES `act_ge_bytearray` (`ID_`),
  CONSTRAINT `ACT_FK_VAR_EXE` FOREIGN KEY (`EXECUTION_ID_`) REFERENCES `act_ru_execution` (`ID_`),
  CONSTRAINT `ACT_FK_VAR_PROCINST` FOREIGN KEY (`PROC_INST_ID_`) REFERENCES `act_ru_execution` (`ID_`)
) ENGINE=InnoDB DEFAULT CHARSET=utf8 COLLATE=utf8_bin;

-- ----------------------------
-- Records of act_ru_variable
-- ----------------------------

-- ----------------------------
-- Table structure for act_task_description
-- ----------------------------
DROP TABLE IF EXISTS `act_task_description`;
CREATE TABLE `act_task_description` (
  `task_desc_id` varchar(32) COLLATE utf8_bin NOT NULL COMMENT '任务描述id',
  `task_description` varchar(255) COLLATE utf8_bin DEFAULT NULL COMMENT '流程标题描述',
  `task_apply_user_name` varchar(10) COLLATE utf8_bin DEFAULT NULL COMMENT '申请人',
  `task_apply_user_id` varchar(32) COLLATE utf8_bin DEFAULT NULL COMMENT '流程发起人id',
  `business_id` varchar(64) COLLATE utf8_bin DEFAULT NULL COMMENT '具体业务id',
  `process_code` varchar(64) COLLATE utf8_bin DEFAULT NULL,
  `proc_instance_id` varchar(64) COLLATE utf8_bin DEFAULT NULL,
  `status_cd` varchar(2) COLLATE utf8_bin DEFAULT NULL COMMENT '流程状态0：使用中 1：已删除',
  `create_time` datetime DEFAULT NULL COMMENT '创建时间',
  `community_id` varchar(30) COLLATE utf8_bin DEFAULT NULL COMMENT '小区id',
  `task_description_supplement` varchar(512) COLLATE utf8_bin DEFAULT NULL COMMENT '流程描述补充',
  PRIMARY KEY (`task_desc_id`),
  KEY `idx_task_desc_id` (`task_desc_id`) USING BTREE,
  KEY `idx_proc_inst_id` (`proc_instance_id`) USING BTREE,
  KEY `idx_task_apply_user_id` (`task_apply_user_id`) USING BTREE
) ENGINE=InnoDB DEFAULT CHARSET=utf8 COLLATE=utf8_bin COMMENT='流程标题描述';

-- ----------------------------
-- Records of act_task_description
-- ----------------------------
INSERT INTO `act_task_description` VALUES ('3293b7a24a6948bda50b77d44fa08514', 'XZ01-测试流程-流程管理-2023-10-11', '流程管理', '2', null, 'XZ01', '737511', '0', '2023-10-11 20:01:18', null, 'XZ01-测试流程-流程管理-2023-10-11（测试流程: 申请人）');
INSERT INTO `act_task_description` VALUES ('3c1c8ad85c29477f9c818e7904a502ff', 'XZ01-测试流程-信息部主管-2023-10-11', '信息部主管', '3', null, 'XZ01', '740022', '0', '2023-10-11 23:03:19', null, 'XZ01-测试流程-信息部主管-2023-10-11（测试流程: 申请人）');
INSERT INTO `act_task_description` VALUES ('911f3c6b795c4048bf25f64f847a9425', 'XZ01-测试流程-流程管理-2023-10-11', '流程管理', '2', null, 'XZ01', '737501', '1', '2023-10-11 20:01:04', null, 'XZ01-测试流程-流程管理-2023-10-11（测试流程: 申请人）');
INSERT INTO `act_task_description` VALUES ('bd16b648d0f94c8f9c9466ab6bf1be66', 'XZ01-测试流程-信息部主管-2023-10-11', '信息部主管', '3', null, 'XZ01', '740064', '0', '2023-10-11 23:19:35', null, 'XZ01-测试流程-信息部主管-2023-10-11（测试流程: 申请人）');
INSERT INTO `act_task_description` VALUES ('cf932a45c02b4f12a0621fec9f74bff2', 'XZ01-测试流程-信息部主管-2023-10-11', '信息部主管', '3', null, 'XZ01', '740001', '0', '2023-10-11 22:57:30', null, 'XZ01-测试流程-信息部主管-2023-10-11（测试流程: 申请人）');
INSERT INTO `act_task_description` VALUES ('e852eec809ec4ebdaafcb4b8df4a4117', 'XZ01-测试流程-信息部主管-2023-10-11', '信息部主管', '3', null, 'XZ01', '740043', '0', '2023-10-11 23:16:02', null, 'XZ01-测试流程-信息部主管-2023-10-11（测试流程: 申请人）');

-- ----------------------------
-- Table structure for act_task_description_form
-- ----------------------------
DROP TABLE IF EXISTS `act_task_description_form`;
CREATE TABLE `act_task_description_form` (
  `task_desc_id` varchar(32) COLLATE utf8_bin NOT NULL COMMENT '任务描述id',
  `form_value` mediumtext COLLATE utf8_bin COMMENT '表单数据',
  PRIMARY KEY (`task_desc_id`),
  KEY `idx_task_desc_id` (`task_desc_id`) USING BTREE
) ENGINE=InnoDB DEFAULT CHARSET=utf8 COLLATE=utf8_bin COMMENT='流程标题描述表单';

-- ----------------------------
-- Records of act_task_description_form
-- ----------------------------
INSERT INTO `act_task_description_form` VALUES ('3293b7a24a6948bda50b77d44fa08514', 0x7B2270726F634E616D65223A22585A30312DE6B58BE8AF95E6B581E7A88B222C2270726F634E756D223A2270726F63787A30312D63736C63222C2270726F63436F6465223A22585A3031222C226170706C794465706172746D656E744E616D65223A22E4BFA1E681AFE983A8222C226170706C794465706172746D656E744964223A3130312C226170706C79557365724964223A322C226170706C79557365724E616D65223A22E6B581E7A88BE7AEA1E79086222C2272656D61726B223A22E6B581E7A88B31222C22636F6D6D656E74223A22E8AFB7E7ADBEE5AD97222C22636F6D6D656E7446696C65223A22222C22737461727454797065223A322C2270726F63657373496E7374616E63654964223A22373337353131227D);
INSERT INTO `act_task_description_form` VALUES ('3c1c8ad85c29477f9c818e7904a502ff', 0x7B2270726F634E616D65223A22585A30312DE6B58BE8AF95E6B581E7A88B222C2270726F634E756D223A2270726F63787A30312D63736C63222C2270726F63436F6465223A22585A3031222C226170706C794465706172746D656E744E616D65223A22E4BFA1E681AFE983A8222C226170706C794465706172746D656E744964223A3130312C226170706C79557365724964223A332C226170706C79557365724E616D65223A22E4BFA1E681AFE983A8E4B8BBE7AEA1222C2272656D61726B223A2231323331222C22636F6D6D656E74223A22222C22636F6D6D656E7446696C65223A22E5BEAEE4BFA1E59BBEE789875F32303233303130343131343631302E6A70672CE5BEAEE4BFA1E59BBEE789875F32303233303130343131343631305F3230323331303131323330323137413032312E6A7067222C22737461727454797065223A322C2270726F63657373496E7374616E63654964223A22373430303232227D);
INSERT INTO `act_task_description_form` VALUES ('911f3c6b795c4048bf25f64f847a9425', 0x7B2270726F634E616D65223A22585A30312DE6B58BE8AF95E6B581E7A88B222C2270726F634E756D223A2270726F63787A30312D63736C63222C2270726F63436F6465223A22585A3031222C226170706C794465706172746D656E744E616D65223A22E4BFA1E681AFE983A8222C226170706C794465706172746D656E744964223A3130312C226170706C79557365724964223A322C226170706C79557365724E616D65223A22E6B581E7A88BE7AEA1E79086222C2272656D61726B223A22E6B581E7A88B31222C22636F6D6D656E74223A22E8AFB7E7ADBEE5AD97222C22636F6D6D656E7446696C65223A22222C22737461727454797065223A312C2270726F63657373496E7374616E63654964223A22373337353031227D);
INSERT INTO `act_task_description_form` VALUES ('bd16b648d0f94c8f9c9466ab6bf1be66', 0x7B2270726F634E616D65223A22585A30312DE6B58BE8AF95E6B581E7A88B222C2270726F634E756D223A2270726F63787A30312D63736C63222C2270726F63436F6465223A22585A3031222C226170706C794465706172746D656E744E616D65223A22E4BFA1E681AFE983A8222C226170706C794465706172746D656E744964223A3130312C226170706C79557365724964223A332C226170706C79557365724E616D65223A22E4BFA1E681AFE983A8E4B8BBE7AEA1222C2272656D61726B223A223132222C22636F6D6D656E74223A22222C22636F6D6D656E7446696C65223A22E6B885E58D952E7064662C2F70726F66696C652F75706C6F61642F323032332F31302F31312FE6B885E58D955F3230323331303131323331393330413032342E706466222C22737461727454797065223A322C2270726F63657373496E7374616E63654964223A22373430303634227D);
INSERT INTO `act_task_description_form` VALUES ('cf932a45c02b4f12a0621fec9f74bff2', 0x7B2270726F634E616D65223A22585A30312DE6B58BE8AF95E6B581E7A88B222C2270726F634E756D223A2270726F63787A30312D63736C63222C2270726F63436F6465223A22585A3031222C226170706C794465706172746D656E744E616D65223A22E4BFA1E681AFE983A8222C226170706C794465706172746D656E744964223A3130312C226170706C79557365724964223A332C226170706C79557365724E616D65223A22E4BFA1E681AFE983A8E4B8BBE7AEA1222C2272656D61726B223A2277656E6A69616E222C22737461727454797065223A322C22636F6D6D656E74223A22222C2270726F63657373496E7374616E63654964223A22373430303031227D);
INSERT INTO `act_task_description_form` VALUES ('e852eec809ec4ebdaafcb4b8df4a4117', 0x7B2270726F634E616D65223A22585A30312DE6B58BE8AF95E6B581E7A88B222C2270726F634E756D223A2270726F63787A30312D63736C63222C2270726F63436F6465223A22585A3031222C226170706C794465706172746D656E744E616D65223A22E4BFA1E681AFE983A8222C226170706C794465706172746D656E744964223A3130312C226170706C79557365724964223A332C226170706C79557365724E616D65223A22E4BFA1E681AFE983A8E4B8BBE7AEA1222C2272656D61726B223A22313231222C22636F6D6D656E74223A22222C22636F6D6D656E7446696C65223A22E5BEAEE4BFA1E59BBEE789875F32303233303130343131343631302E6A70672C2F70726F66696C652F75706C6F61642F323032332F31302F31312FE5BEAEE4BFA1E59BBEE789875F32303233303130343131343631305F3230323331303131323331363030413032332E6A7067222C22737461727454797065223A322C2270726F63657373496E7374616E63654964223A22373430303433227D);

-- ----------------------------
-- Table structure for gen_table
-- ----------------------------
DROP TABLE IF EXISTS `gen_table`;
CREATE TABLE `gen_table` (
  `table_id` bigint(20) NOT NULL AUTO_INCREMENT COMMENT '编号',
  `table_name` varchar(200) DEFAULT '' COMMENT '表名称',
  `table_comment` varchar(500) DEFAULT '' COMMENT '表描述',
  `sub_table_name` varchar(64) DEFAULT NULL COMMENT '关联子表的表名',
  `sub_table_fk_name` varchar(64) DEFAULT NULL COMMENT '子表关联的外键名',
  `class_name` varchar(100) DEFAULT '' COMMENT '实体类名称',
  `tpl_category` varchar(200) DEFAULT 'crud' COMMENT '使用的模板（crud单表操作 tree树表操作）',
  `package_name` varchar(100) DEFAULT NULL COMMENT '生成包路径',
  `module_name` varchar(30) DEFAULT NULL COMMENT '生成模块名',
  `business_name` varchar(30) DEFAULT NULL COMMENT '生成业务名',
  `function_name` varchar(50) DEFAULT NULL COMMENT '生成功能名',
  `function_author` varchar(50) DEFAULT NULL COMMENT '生成功能作者',
  `gen_type` char(1) DEFAULT '0' COMMENT '生成代码方式（0zip压缩包 1自定义路径）',
  `gen_path` varchar(200) DEFAULT '/' COMMENT '生成路径（不填默认项目路径）',
  `options` varchar(1000) DEFAULT NULL COMMENT '其它生成选项',
  `create_by` varchar(64) DEFAULT '' COMMENT '创建者',
  `create_time` datetime DEFAULT NULL COMMENT '创建时间',
  `update_by` varchar(64) DEFAULT '' COMMENT '更新者',
  `update_time` datetime DEFAULT NULL COMMENT '更新时间',
  `remark` varchar(500) DEFAULT NULL COMMENT '备注',
  PRIMARY KEY (`table_id`)
) ENGINE=InnoDB AUTO_INCREMENT=28 DEFAULT CHARSET=utf8mb4 COMMENT='代码生成业务表';

-- ----------------------------
-- Records of gen_table
-- ----------------------------
INSERT INTO `gen_table` VALUES ('4', 'warehouse_goods_category', '物料分类', '', '', 'WarehouseGoodsCategory', 'tree', 'com.xiaoyai.warehouse', 'warehouse', 'goodscategory', '物料分类', 'junyang', '0', '/', '{\"treeCode\":\"category_id\",\"treeName\":\"category_name\",\"treeParentCode\":\"parent_id\",\"parentMenuId\":2149}', 'admin', '2023-09-07 17:26:35', '', '2023-09-25 14:41:54', null);
INSERT INTO `gen_table` VALUES ('5', 'warehouse_supplier', '供应商库', null, null, 'WarehouseSupplier', 'crud', 'com.xiaoyai.warehouse', 'warehouse', 'supplier', '供应商库', 'junyang', '0', '/', '{\"parentMenuId\":2149}', 'admin', '2023-09-07 17:26:35', '', '2023-09-25 14:42:45', null);
INSERT INTO `gen_table` VALUES ('6', 'warehouse_goods', '物品表', '', '', 'WarehouseGoods', 'crud', 'com.xiaoyai.warehouse', 'warehouse', 'goods', '物品', 'junyang', '0', '/', '{\"parentMenuId\":2149}', 'admin', '2023-09-07 18:57:19', '', '2023-09-25 14:41:00', null);
INSERT INTO `gen_table` VALUES ('7', 'warehouse_code', ' 仓库编号表', null, null, 'WarehouseCode', 'crud', 'com.xiaoyai.warehouse', 'warehouse', 'warehousecode', ' 仓库编号', 'junyang', '0', '/', '{}', 'admin', '2023-09-08 14:48:12', '', '2023-09-08 14:50:07', null);
INSERT INTO `gen_table` VALUES ('8', 'warehouse_customer', '客户信息', null, null, 'WarehouseCustomer', 'crud', 'com.xiaoyai.warehouse', 'warehouse', 'warehousecustomer', '客户信息', 'junyang', '0', '/', '{\"parentMenuId\":2149}', 'admin', '2023-09-09 11:04:59', '', '2023-09-25 14:46:39', null);
INSERT INTO `gen_table` VALUES ('9', 'warehouse', '仓库', null, null, 'Warehouse', 'crud', 'com.xiaoyai.warehouse', 'warehouse', 'warehouse', '仓库', 'junyang', '0', '/', '{\"parentMenuId\":2149}', 'admin', '2023-09-09 12:27:12', '', '2023-09-25 14:42:21', null);
INSERT INTO `gen_table` VALUES ('10', 'warehouse_in_receipt', '入库单据表', null, null, 'WarehouseInReceipt', 'crud', 'com.xiaoyai.warehouse', 'warehouse', 'inreceipt', '入库单据', 'junyang', '0', '/', '{\"parentMenuId\":\"2174\"}', 'admin', '2023-09-09 17:45:20', '', '2023-09-25 14:48:03', null);
INSERT INTO `gen_table` VALUES ('11', 'warehouse_in_receipt_detail', ' 物品入库明细表', null, null, 'WarehouseInReceiptDetail', 'crud', 'com.xiaoyai.warehouse', 'warehouse', 'inReceiptDetail', ' 物品入库明细', 'junyang', '0', '/', '{}', 'admin', '2023-09-10 11:48:04', '', '2023-09-10 11:49:58', null);
INSERT INTO `gen_table` VALUES ('12', 'warehouse_goods_trace', '物品溯源', null, null, 'WarehouseGoodsTrace', 'crud', 'com.xiaoyai.warehouse', 'warehouse', 'trace', '物品溯源', 'junyang', '0', '/', '{\"parentMenuId\":2207}', 'admin', '2023-09-10 12:17:54', '', '2023-09-25 14:53:00', null);
INSERT INTO `gen_table` VALUES ('13', 'warehouse_goods_trace_rel', '物品流转记录', null, null, 'WarehouseGoodsTraceRel', 'crud', 'com.xiaoyai.warehouse', 'warehouse', 'rel', '物品流转记录', 'junyang', '0', '/', '{}', 'admin', '2023-09-10 12:17:54', '', '2023-09-10 12:18:36', null);
INSERT INTO `gen_table` VALUES ('14', 'warehouse_stock', '库存表', null, null, 'WarehouseStock', 'crud', 'com.xiaoyai.warehouse', 'warehouse', 'warehousestock', '库存', 'junyang', '0', '/', '{\"parentMenuId\":2207}', 'admin', '2023-09-13 14:12:54', '', '2023-09-25 14:52:27', null);
INSERT INTO `gen_table` VALUES ('15', 'warehouse_store', '门店信息', null, null, 'WarehouseStore', 'crud', 'com.xiaoyai.warehouse', 'warehouse', 'store', '门店信息', 'junyang', '0', '/', '{\"parentMenuId\":2149}', 'admin', '2023-09-13 16:17:11', '', '2023-09-25 15:12:00', null);
INSERT INTO `gen_table` VALUES ('16', 'warehouse_out_receipt', '出库单据', null, null, 'WarehouseOutReceipt', 'crud', 'com.xiaoyai.warehouse', 'warehouse', 'outreceipt', '出库单据', 'junyang', '0', '/', '{\"parentMenuId\":2205}', 'admin', '2023-09-13 16:28:44', '', '2023-09-25 14:50:14', null);
INSERT INTO `gen_table` VALUES ('17', 'warehouse_out_receipt_detail', ' 物品出库明细表', null, null, 'WarehouseOutReceiptDetail', 'crud', 'com.xiaoyai.warehouse', 'warehouse', 'outReceiptDetail', ' 物品出库明细', 'junyang', '0', '/', '{}', 'admin', '2023-09-13 20:26:15', '', '2023-09-13 20:27:04', null);
INSERT INTO `gen_table` VALUES ('18', 'warehouse_transfer_receipt', '调拨单据', null, null, 'WarehouseTransferReceipt', 'crud', 'com.xiaoyai.warehouse', 'warehouse', 'transfer', '调拨单据', 'junyang', '0', '/', '{\"parentMenuId\":2206}', 'admin', '2023-09-16 11:44:17', '', '2023-09-25 14:50:38', null);
INSERT INTO `gen_table` VALUES ('19', 'warehouse_receipt_rel', '调拨关系表', null, null, 'WarehouseReceiptRel', 'crud', 'com.xiaoyai.warehouse', 'warehouse', 'transferrel', '调拨关系', 'junyang', '0', '/', '{\"parentMenuId\":2004}', 'admin', '2023-09-16 11:50:33', '', '2023-09-16 11:51:09', null);
INSERT INTO `gen_table` VALUES ('20', 'warehouse_transfer_receipt_detail', ' 物品调拨明细表', null, null, 'WarehouseTransferReceiptDetail', 'crud', 'com.xiaoyai.warehouse', 'warehouse', 'transfer_detail', ' 物品调拨明细', 'junyang', '0', '/', '{}', 'admin', '2023-09-16 17:20:18', '', '2023-09-16 17:20:39', null);
INSERT INTO `gen_table` VALUES ('21', 'warehouse_apply_receipt_detail', '要货明细表', null, null, 'WarehouseApplyReceiptDetail', 'crud', 'com.xiaoyai.warehouse', 'warehouse', 'apply_receipt_detail', '要货明细', 'junyang', '0', '/', '{\"parentMenuId\":2220}', 'admin', '2023-09-18 22:08:34', '', '2023-09-25 14:51:36', null);
INSERT INTO `gen_table` VALUES ('22', 'warehouse_out_receipt_detail_copy', ' 物品出库明细表', null, null, 'WarehouseOutReceiptDetailCopy', 'crud', 'com.xiaoyai.system', 'system', 'copy', ' 物品出库明细', 'junyang', '0', '/', null, 'admin', '2023-09-18 22:08:34', '', null, null);
INSERT INTO `gen_table` VALUES ('23', 'warehouse_apply_receipt', '要货申请', null, null, 'WarehouseApplyReceipt', 'crud', 'com.xiaoyai.warehouse', 'warehouse', 'apply', '要货申请', 'junyang', '0', '/', '{\"parentMenuId\":\"2005\"}', 'admin', '2023-09-18 22:09:30', '', '2023-09-18 22:10:47', null);
INSERT INTO `gen_table` VALUES ('24', 'warehouse_check_receipt', '库存盘点', null, null, 'WarehouseCheckReceipt', 'crud', 'com.xiaoyai.warehouse', 'warehouse', 'check', '库存盘点', 'junyang', '0', '/', '{\"parentMenuId\":\"2207\"}', 'admin', '2023-10-07 16:31:05', '', '2023-10-07 17:54:24', null);
INSERT INTO `gen_table` VALUES ('25', 'warehouse_check_receipt_detail', '盘点单据明细表', null, null, 'WarehouseCheckReceiptDetail', 'crud', 'com.xiaoyai.warehouse', 'warehouse', 'checkDetail', '盘点单据明细', 'junyang', '0', '/', '{}', 'admin', '2023-10-07 16:31:05', '', '2023-10-07 17:49:08', null);
INSERT INTO `gen_table` VALUES ('26', 'warehouse_stock_warn', '库存预警', null, null, 'WarehouseStockWarn', 'crud', 'com.xiaoyai.warehouse', 'warehouse', 'stock', '库存预警', 'junyang', '0', '/', '{}', 'admin', '2023-10-08 20:26:49', '', '2023-10-08 20:27:25', null);
INSERT INTO `gen_table` VALUES ('27', 'sys_dept_job_title', '部门矩阵表', null, null, 'SysDeptJobTitle', 'crud', 'com.xiaoyai.system', 'system', 'jobtitle', '部门矩阵', 'junyang', '0', '/', '{}', 'lc', '2023-10-10 20:15:10', '', '2023-10-11 22:42:10', null);

-- ----------------------------
-- Table structure for gen_table_column
-- ----------------------------
DROP TABLE IF EXISTS `gen_table_column`;
CREATE TABLE `gen_table_column` (
  `column_id` bigint(20) NOT NULL AUTO_INCREMENT COMMENT '编号',
  `table_id` varchar(64) DEFAULT NULL COMMENT '归属表编号',
  `column_name` varchar(200) DEFAULT NULL COMMENT '列名称',
  `column_comment` varchar(500) DEFAULT NULL COMMENT '列描述',
  `column_type` varchar(100) DEFAULT NULL COMMENT '列类型',
  `java_type` varchar(500) DEFAULT NULL COMMENT 'JAVA类型',
  `java_field` varchar(200) DEFAULT NULL COMMENT 'JAVA字段名',
  `is_pk` char(1) DEFAULT NULL COMMENT '是否主键（1是）',
  `is_increment` char(1) DEFAULT NULL COMMENT '是否自增（1是）',
  `is_required` char(1) DEFAULT NULL COMMENT '是否必填（1是）',
  `is_insert` char(1) DEFAULT NULL COMMENT '是否为插入字段（1是）',
  `is_edit` char(1) DEFAULT NULL COMMENT '是否编辑字段（1是）',
  `is_list` char(1) DEFAULT NULL COMMENT '是否列表字段（1是）',
  `is_query` char(1) DEFAULT NULL COMMENT '是否查询字段（1是）',
  `query_type` varchar(200) DEFAULT 'EQ' COMMENT '查询方式（等于、不等于、大于、小于、范围）',
  `html_type` varchar(200) DEFAULT NULL COMMENT '显示类型（文本框、文本域、下拉框、复选框、单选框、日期控件）',
  `dict_type` varchar(200) DEFAULT '' COMMENT '字典类型',
  `sort` int(11) DEFAULT NULL COMMENT '排序',
  `create_by` varchar(64) DEFAULT '' COMMENT '创建者',
  `create_time` datetime DEFAULT NULL COMMENT '创建时间',
  `update_by` varchar(64) DEFAULT '' COMMENT '更新者',
  `update_time` datetime DEFAULT NULL COMMENT '更新时间',
  PRIMARY KEY (`column_id`)
) ENGINE=InnoDB AUTO_INCREMENT=267 DEFAULT CHARSET=utf8mb4 COMMENT='代码生成业务表字段';

-- ----------------------------
-- Records of gen_table_column
-- ----------------------------
INSERT INTO `gen_table_column` VALUES ('38', '4', 'category_id', '物品类别主键', 'bigint(20)', 'Long', 'categoryId', '1', '1', null, '1', null, null, null, 'EQ', 'input', '', '1', 'admin', '2023-09-07 17:26:35', '', '2023-09-25 14:41:54');
INSERT INTO `gen_table_column` VALUES ('40', '4', 'category_name', '物品类别名称', 'varchar(32)', 'String', 'categoryName', '0', '0', '1', '1', '1', '1', '1', 'LIKE', 'input', '', '3', 'admin', '2023-09-07 17:26:35', '', '2023-09-25 14:41:54');
INSERT INTO `gen_table_column` VALUES ('42', '4', 'order_num', '序号', 'int(10)', 'Integer', 'orderNum', '0', '0', null, '1', '1', '1', '1', 'EQ', 'input', '', '6', 'admin', '2023-09-07 17:26:35', '', '2023-09-25 14:41:54');
INSERT INTO `gen_table_column` VALUES ('43', '4', 'level', '类别所处等级', 'int(10)', 'Integer', 'level', '0', '0', null, '1', '1', '1', '1', 'EQ', 'input', '', '7', 'admin', '2023-09-07 17:26:35', '', '2023-09-25 14:41:54');
INSERT INTO `gen_table_column` VALUES ('44', '4', 'del_flag', '删除标志（0代表存在 1代表删除）', 'char(1)', 'String', 'delFlag', '0', '0', null, '1', null, null, null, 'EQ', 'input', '', '8', 'admin', '2023-09-07 17:26:35', '', '2023-09-25 14:41:54');
INSERT INTO `gen_table_column` VALUES ('45', '4', 'create_by', '创建者', 'varchar(64)', 'String', 'createBy', '0', '0', null, '1', null, null, null, 'EQ', 'input', '', '9', 'admin', '2023-09-07 17:26:35', '', '2023-09-25 14:41:54');
INSERT INTO `gen_table_column` VALUES ('46', '4', 'create_time', '创建时间', 'datetime', 'Date', 'createTime', '0', '0', null, '1', null, null, null, 'EQ', 'datetime', '', '10', 'admin', '2023-09-07 17:26:35', '', '2023-09-25 14:41:54');
INSERT INTO `gen_table_column` VALUES ('47', '4', 'update_by', '更新者', 'varchar(64)', 'String', 'updateBy', '0', '0', null, '1', '1', null, null, 'EQ', 'input', '', '11', 'admin', '2023-09-07 17:26:35', '', '2023-09-25 14:41:54');
INSERT INTO `gen_table_column` VALUES ('48', '4', 'update_time', '更新时间', 'datetime', 'Date', 'updateTime', '0', '0', null, '1', '1', null, null, 'EQ', 'datetime', '', '12', 'admin', '2023-09-07 17:26:35', '', '2023-09-25 14:41:54');
INSERT INTO `gen_table_column` VALUES ('49', '4', 'remark', '备注', 'varchar(500)', 'String', 'remark', '0', '0', null, '1', '1', '1', null, 'EQ', 'textarea', '', '13', 'admin', '2023-09-07 17:26:35', '', '2023-09-25 14:41:54');
INSERT INTO `gen_table_column` VALUES ('50', '5', 'supplier_id', '供应商ID', 'bigint(20)', 'Long', 'supplierId', '1', '1', null, '1', null, null, null, 'EQ', 'input', '', '1', 'admin', '2023-09-07 17:26:35', '', '2023-09-25 14:42:45');
INSERT INTO `gen_table_column` VALUES ('51', '5', 'supplier_name', '名称', 'varchar(255)', 'String', 'supplierName', '0', '0', '1', '1', '1', '1', '1', 'LIKE', 'input', '', '2', 'admin', '2023-09-07 17:26:35', '', '2023-09-25 14:42:45');
INSERT INTO `gen_table_column` VALUES ('52', '5', 'address', '地址', 'varchar(255)', 'String', 'address', '0', '0', '1', '1', '1', '1', '1', 'EQ', 'input', '', '3', 'admin', '2023-09-07 17:26:35', '', '2023-09-25 14:42:45');
INSERT INTO `gen_table_column` VALUES ('53', '5', 'contacts', '联系人', 'varchar(255)', 'String', 'contacts', '0', '0', null, '1', '1', '1', '1', 'EQ', 'input', '', '4', 'admin', '2023-09-07 17:26:35', '', '2023-09-25 14:42:45');
INSERT INTO `gen_table_column` VALUES ('54', '5', 'contacts_phone', '电话', 'varchar(255)', 'String', 'contactsPhone', '0', '0', null, '1', '1', '1', '1', 'EQ', 'input', '', '5', 'admin', '2023-09-07 17:26:35', '', '2023-09-25 14:42:45');
INSERT INTO `gen_table_column` VALUES ('55', '5', 'del_flag', '删除标志（0代表存在 2代表删除）', 'char(1)', 'String', 'delFlag', '0', '0', null, '1', null, null, null, 'EQ', 'input', '', '6', 'admin', '2023-09-07 17:26:35', '', '2023-09-25 14:42:45');
INSERT INTO `gen_table_column` VALUES ('56', '5', 'create_by', '创建者', 'varchar(64)', 'String', 'createBy', '0', '0', null, '1', null, null, null, 'EQ', 'input', '', '7', 'admin', '2023-09-07 17:26:35', '', '2023-09-25 14:42:45');
INSERT INTO `gen_table_column` VALUES ('57', '5', 'create_time', '创建时间', 'datetime', 'Date', 'createTime', '0', '0', null, '1', null, '1', null, 'EQ', 'datetime', '', '8', 'admin', '2023-09-07 17:26:35', '', '2023-09-25 14:42:45');
INSERT INTO `gen_table_column` VALUES ('58', '5', 'update_by', '更新者', 'varchar(64)', 'String', 'updateBy', '0', '0', null, '1', '1', null, null, 'EQ', 'input', '', '9', 'admin', '2023-09-07 17:26:35', '', '2023-09-25 14:42:45');
INSERT INTO `gen_table_column` VALUES ('59', '5', 'update_time', '更新时间', 'datetime', 'Date', 'updateTime', '0', '0', null, '1', '1', null, null, 'EQ', 'datetime', '', '10', 'admin', '2023-09-07 17:26:35', '', '2023-09-25 14:42:45');
INSERT INTO `gen_table_column` VALUES ('60', '5', 'remark', '备注', 'varchar(500)', 'String', 'remark', '0', '0', null, '1', '1', '1', null, 'EQ', 'textarea', '', '11', 'admin', '2023-09-07 17:26:35', '', '2023-09-25 14:42:45');
INSERT INTO `gen_table_column` VALUES ('61', '4', 'ancestors', '祖级列表', 'varchar(1024)', 'String', 'ancestors', '0', '0', null, '1', '1', '1', '1', 'EQ', 'textarea', '', '4', '', '2023-09-07 17:48:51', '', '2023-09-25 14:41:54');
INSERT INTO `gen_table_column` VALUES ('62', '4', 'parent_id', '类别父级id', 'bigint(20)', 'Long', 'parentId', '0', '0', null, '1', '1', '1', '1', 'EQ', 'input', '', '5', '', '2023-09-07 17:48:51', '', '2023-09-25 14:41:54');
INSERT INTO `gen_table_column` VALUES ('63', '6', 'goods_id', '物品id', 'bigint(20)', 'Long', 'goodsId', '1', '1', null, '1', null, null, null, 'EQ', 'input', '', '1', 'admin', '2023-09-07 18:57:19', '', '2023-09-25 14:41:00');
INSERT INTO `gen_table_column` VALUES ('64', '6', 'category_id', '类别ID', 'bigint(20)', 'Long', 'categoryId', '0', '0', null, '1', '1', '1', '1', 'EQ', 'input', '', '2', 'admin', '2023-09-07 18:57:19', '', '2023-09-25 14:41:00');
INSERT INTO `gen_table_column` VALUES ('65', '6', 'category_code', '类别编号', 'varchar(32)', 'String', 'categoryCode', '0', '0', null, '1', '1', '1', '1', 'EQ', 'input', '', '3', 'admin', '2023-09-07 18:57:19', '', '2023-09-25 14:41:00');
INSERT INTO `gen_table_column` VALUES ('66', '6', 'goods_code', '物品编号', 'varchar(64)', 'String', 'goodsCode', '0', '0', null, '1', '1', '1', '1', 'EQ', 'input', '', '4', 'admin', '2023-09-07 18:57:19', '', '2023-09-25 14:41:00');
INSERT INTO `gen_table_column` VALUES ('67', '6', 'goods_name', '物品名称', 'varchar(32)', 'String', 'goodsName', '0', '0', null, '1', '1', '1', '1', 'LIKE', 'input', '', '5', 'admin', '2023-09-07 18:57:19', '', '2023-09-25 14:41:00');
INSERT INTO `gen_table_column` VALUES ('68', '6', 'area', '仓位', 'varchar(32)', 'String', 'area', '0', '0', null, '1', '1', '1', '1', 'EQ', 'input', '', '6', 'admin', '2023-09-07 18:57:19', '', '2023-09-25 14:41:00');
INSERT INTO `gen_table_column` VALUES ('69', '6', 'specification_type', '规格型号', 'int(10)', 'Integer', 'specificationType', '0', '0', null, '1', '1', '1', '1', 'EQ', 'select', 'goods_specification', '7', 'admin', '2023-09-07 18:57:19', '', '2023-09-25 14:41:00');
INSERT INTO `gen_table_column` VALUES ('70', '6', 'unit_type', '计量单位', 'int(10)', 'Integer', 'unitType', '0', '0', null, '1', '1', '1', '1', 'EQ', 'select', 'goods_unit', '8', 'admin', '2023-09-07 18:57:19', '', '2023-09-25 14:41:00');
INSERT INTO `gen_table_column` VALUES ('71', '6', 'color_type', '物品颜色', 'int(10)', 'Integer', 'colorType', '0', '0', null, '1', '1', '1', '1', 'EQ', 'select', 'goods_color', '9', 'admin', '2023-09-07 18:57:19', '', '2023-09-25 14:41:00');
INSERT INTO `gen_table_column` VALUES ('72', '6', 'min_stock', '最小库存', 'decimal(10,2)', 'BigDecimal', 'minStock', '0', '0', null, '1', '1', '1', '1', 'EQ', 'input', '', '10', 'admin', '2023-09-07 18:57:19', '', '2023-09-25 14:41:00');
INSERT INTO `gen_table_column` VALUES ('73', '6', 'max_stock', '最大库存量', 'decimal(10,2)', 'BigDecimal', 'maxStock', '0', '0', null, '1', '1', '1', '1', 'EQ', 'input', '', '11', 'admin', '2023-09-07 18:57:19', '', '2023-09-25 14:41:00');
INSERT INTO `gen_table_column` VALUES ('74', '6', 'goods_picture', '物品图片', 'varchar(255)', 'String', 'goodsPicture', '0', '0', null, '1', '1', '1', '1', 'EQ', 'input', '', '12', 'admin', '2023-09-07 18:57:19', '', '2023-09-25 14:41:00');
INSERT INTO `gen_table_column` VALUES ('75', '6', 'expiration_data_type', '类型', 'int(4)', 'Integer', 'expirationDataType', '0', '0', null, '1', '1', '1', '1', 'EQ', 'select', 'sys_date_type', '14', 'admin', '2023-09-07 18:57:19', '', '2023-09-25 14:41:00');
INSERT INTO `gen_table_column` VALUES ('76', '6', 'expiration_date', '有效期', 'int(10)', 'Integer', 'expirationDate', '0', '0', null, '1', '1', '1', '1', 'EQ', 'input', '', '13', 'admin', '2023-09-07 18:57:19', '', '2023-09-25 14:41:00');
INSERT INTO `gen_table_column` VALUES ('77', '6', 'warranty_data_type', '类型', 'int(4)', 'Integer', 'warrantyDataType', '0', '0', null, '1', '1', '1', '1', 'EQ', 'select', 'sys_date_type', '16', 'admin', '2023-09-07 18:57:19', '', '2023-09-25 14:41:00');
INSERT INTO `gen_table_column` VALUES ('79', '6', 'del_flag', '删除标志（0代表存在 1代表删除）', 'char(1)', 'String', 'delFlag', '0', '0', null, '1', null, null, null, 'EQ', 'input', '', '18', 'admin', '2023-09-07 18:57:19', '', '2023-09-25 14:41:00');
INSERT INTO `gen_table_column` VALUES ('80', '6', 'create_by', '创建者', 'varchar(64)', 'String', 'createBy', '0', '0', null, '1', null, null, null, 'EQ', 'input', '', '19', 'admin', '2023-09-07 18:57:19', '', '2023-09-25 14:41:00');
INSERT INTO `gen_table_column` VALUES ('81', '6', 'create_time', '创建时间', 'datetime', 'Date', 'createTime', '0', '0', null, '1', null, null, null, 'EQ', 'datetime', '', '20', 'admin', '2023-09-07 18:57:19', '', '2023-09-25 14:41:00');
INSERT INTO `gen_table_column` VALUES ('82', '6', 'update_by', '更新者', 'varchar(64)', 'String', 'updateBy', '0', '0', null, '1', '1', null, null, 'EQ', 'input', '', '21', 'admin', '2023-09-07 18:57:19', '', '2023-09-25 14:41:00');
INSERT INTO `gen_table_column` VALUES ('83', '6', 'update_time', '更新时间', 'datetime', 'Date', 'updateTime', '0', '0', null, '1', '1', null, null, 'EQ', 'datetime', '', '22', 'admin', '2023-09-07 18:57:19', '', '2023-09-25 14:41:00');
INSERT INTO `gen_table_column` VALUES ('84', '6', 'remark', '备注', 'varchar(500)', 'String', 'remark', '0', '0', null, '1', '1', '1', null, 'EQ', 'textarea', '', '23', 'admin', '2023-09-07 18:57:19', '', '2023-09-25 14:41:00');
INSERT INTO `gen_table_column` VALUES ('85', '4', 'category_code', '物品类别编号', 'varchar(32)', 'String', 'categoryCode', '0', '0', null, '1', '1', '1', '1', 'EQ', 'input', '', '2', '', '2023-09-08 10:08:23', '', '2023-09-25 14:41:54');
INSERT INTO `gen_table_column` VALUES ('86', '6', 'warranty_data', '质保期', 'int(10)', 'Integer', 'warrantyData', '0', '0', null, '1', '1', '1', '1', 'EQ', 'input', '', '15', '', '2023-09-08 14:22:01', '', '2023-09-25 14:41:00');
INSERT INTO `gen_table_column` VALUES ('87', '6', 'sn_validate', ' 序列号验证', 'tinyint(1)', 'Boolean', 'snValidate', '0', '0', null, '1', '1', '1', '1', 'EQ', 'radio', 'sys_yes_no', '17', '', '2023-09-08 14:22:01', '', '2023-09-25 14:41:00');
INSERT INTO `gen_table_column` VALUES ('88', '7', 'code_type', '编号类型', 'varchar(255)', 'String', 'codeType', '0', '0', null, '1', '1', '1', '1', 'EQ', 'select', '', '1', 'admin', '2023-09-08 14:48:12', '', '2023-09-08 14:50:07');
INSERT INTO `gen_table_column` VALUES ('89', '7', 'code_name', '编号名称', 'varchar(255)', 'String', 'codeName', '0', '0', null, '1', '1', '1', '1', 'LIKE', 'input', '', '2', 'admin', '2023-09-08 14:48:12', '', '2023-09-08 14:50:07');
INSERT INTO `gen_table_column` VALUES ('90', '7', 'code_number', '编号序列', 'int(10)', 'Integer', 'codeNumber', '0', '0', null, '1', '1', '1', '1', 'EQ', 'input', '', '3', 'admin', '2023-09-08 14:48:12', '', '2023-09-08 14:50:07');
INSERT INTO `gen_table_column` VALUES ('91', '8', 'customer_id', null, 'bigint(20)', 'Long', 'customerId', '1', '1', null, '1', null, null, null, 'EQ', 'input', '', '1', 'admin', '2023-09-09 11:04:59', '', '2023-09-25 14:46:39');
INSERT INTO `gen_table_column` VALUES ('92', '8', 'customer_name', '姓名', 'varchar(255)', 'String', 'customerName', '0', '0', '1', '1', '1', '1', '1', 'LIKE', 'input', '', '2', 'admin', '2023-09-09 11:04:59', '', '2023-09-25 14:46:39');
INSERT INTO `gen_table_column` VALUES ('93', '8', 'phone_number', '手机号', 'varchar(32)', 'String', 'phoneNumber', '0', '0', '1', '1', '1', '1', '1', 'EQ', 'input', '', '3', 'admin', '2023-09-09 11:04:59', '', '2023-09-25 14:46:39');
INSERT INTO `gen_table_column` VALUES ('94', '8', 'customer_type', '人员类型', 'varchar(255)', 'String', 'customerType', '0', '0', '1', '1', '1', '1', '1', 'EQ', 'select', 'customer_type', '4', 'admin', '2023-09-09 11:04:59', '', '2023-09-25 14:46:39');
INSERT INTO `gen_table_column` VALUES ('95', '8', 'del_flag', '删除标志（0代表存在 1代表删除）', 'char(1)', 'String', 'delFlag', '0', '0', null, '1', null, null, null, 'EQ', 'input', '', '5', 'admin', '2023-09-09 11:04:59', '', '2023-09-25 14:46:39');
INSERT INTO `gen_table_column` VALUES ('96', '8', 'create_by', '创建者', 'varchar(64)', 'String', 'createBy', '0', '0', null, '1', null, null, null, 'EQ', 'input', '', '6', 'admin', '2023-09-09 11:04:59', '', '2023-09-25 14:46:39');
INSERT INTO `gen_table_column` VALUES ('97', '8', 'create_time', '创建时间', 'datetime', 'Date', 'createTime', '0', '0', null, '1', null, null, null, 'EQ', 'datetime', '', '7', 'admin', '2023-09-09 11:04:59', '', '2023-09-25 14:46:39');
INSERT INTO `gen_table_column` VALUES ('98', '8', 'update_by', '更新者', 'varchar(64)', 'String', 'updateBy', '0', '0', null, '1', '1', null, null, 'EQ', 'input', '', '8', 'admin', '2023-09-09 11:04:59', '', '2023-09-25 14:46:39');
INSERT INTO `gen_table_column` VALUES ('99', '8', 'update_time', '更新时间', 'datetime', 'Date', 'updateTime', '0', '0', null, '1', '1', null, null, 'EQ', 'datetime', '', '9', 'admin', '2023-09-09 11:04:59', '', '2023-09-25 14:46:39');
INSERT INTO `gen_table_column` VALUES ('100', '8', 'remark', '备注', 'varchar(500)', 'String', 'remark', '0', '0', null, '1', '1', '1', null, 'EQ', 'textarea', '', '10', 'admin', '2023-09-09 11:04:59', '', '2023-09-25 14:46:39');
INSERT INTO `gen_table_column` VALUES ('101', '9', 'warehouse_id', '仓库id', 'bigint(20)', 'Long', 'warehouseId', '1', '1', null, '1', null, null, null, 'EQ', 'input', '', '1', 'admin', '2023-09-09 12:27:12', '', '2023-09-25 14:42:21');
INSERT INTO `gen_table_column` VALUES ('102', '9', 'warehouse_code', '仓库编号', 'varchar(32)', 'String', 'warehouseCode', '0', '0', null, '1', '1', '1', '1', 'EQ', 'input', '', '2', 'admin', '2023-09-09 12:27:12', '', '2023-09-25 14:42:21');
INSERT INTO `gen_table_column` VALUES ('103', '9', 'warehouse_name', '仓库名称', 'varchar(32)', 'String', 'warehouseName', '0', '0', null, '1', '1', '1', '1', 'LIKE', 'input', '', '3', 'admin', '2023-09-09 12:27:12', '', '2023-09-25 14:42:21');
INSERT INTO `gen_table_column` VALUES ('104', '9', 'warehouse_address', '仓库地址', 'varchar(255)', 'String', 'warehouseAddress', '0', '0', null, '1', '1', '1', '1', 'EQ', 'input', '', '4', 'admin', '2023-09-09 12:27:12', '', '2023-09-25 14:42:21');
INSERT INTO `gen_table_column` VALUES ('105', '9', 'warehouse_type', '仓库类型', 'char(1)', 'String', 'warehouseType', '0', '0', null, '1', '1', '1', '1', 'EQ', 'select', 'warehouse_type', '5', 'admin', '2023-09-09 12:27:12', '', '2023-09-25 14:42:21');
INSERT INTO `gen_table_column` VALUES ('106', '9', 'del_flag', '删除标志（0代表存在 1代表删除）', 'char(1)', 'String', 'delFlag', '0', '0', null, '1', null, null, null, 'EQ', 'input', '', '6', 'admin', '2023-09-09 12:27:12', '', '2023-09-25 14:42:21');
INSERT INTO `gen_table_column` VALUES ('107', '9', 'create_by', '创建者', 'varchar(64)', 'String', 'createBy', '0', '0', null, '1', null, null, null, 'EQ', 'input', '', '7', 'admin', '2023-09-09 12:27:12', '', '2023-09-25 14:42:21');
INSERT INTO `gen_table_column` VALUES ('108', '9', 'create_time', '创建时间', 'datetime', 'Date', 'createTime', '0', '0', null, '1', null, null, null, 'EQ', 'datetime', '', '8', 'admin', '2023-09-09 12:27:12', '', '2023-09-25 14:42:21');
INSERT INTO `gen_table_column` VALUES ('109', '9', 'update_by', '更新者', 'varchar(64)', 'String', 'updateBy', '0', '0', null, '1', '1', null, null, 'EQ', 'input', '', '9', 'admin', '2023-09-09 12:27:12', '', '2023-09-25 14:42:21');
INSERT INTO `gen_table_column` VALUES ('110', '9', 'update_time', '更新时间', 'datetime', 'Date', 'updateTime', '0', '0', null, '1', '1', null, null, 'EQ', 'datetime', '', '10', 'admin', '2023-09-09 12:27:12', '', '2023-09-25 14:42:21');
INSERT INTO `gen_table_column` VALUES ('111', '9', 'remark', '备注', 'varchar(500)', 'String', 'remark', '0', '0', null, '1', '1', '1', null, 'EQ', 'textarea', '', '11', 'admin', '2023-09-09 12:27:12', '', '2023-09-25 14:42:21');
INSERT INTO `gen_table_column` VALUES ('112', '10', 'warehouse_in_receipt_id', '入库单据id', 'bigint(20)', 'Long', 'warehouseInReceiptId', '1', '1', null, '1', null, null, null, 'EQ', 'input', '', '1', 'admin', '2023-09-09 17:45:20', '', '2023-09-25 14:48:03');
INSERT INTO `gen_table_column` VALUES ('113', '10', 'warehouse_id', '仓库id', 'bigint(20)', 'Long', 'warehouseId', '0', '0', '1', '1', '1', '1', '1', 'EQ', 'input', '', '2', 'admin', '2023-09-09 17:45:20', '', '2023-09-25 14:48:04');
INSERT INTO `gen_table_column` VALUES ('114', '10', 'document_number', '单据编号', 'varchar(32)', 'String', 'documentNumber', '0', '0', '1', '1', '1', '1', '1', 'EQ', 'input', '', '3', 'admin', '2023-09-09 17:45:20', '', '2023-09-25 14:48:04');
INSERT INTO `gen_table_column` VALUES ('115', '10', 'in_warehouse_time', '入库时间', 'datetime', 'Date', 'inWarehouseTime', '0', '0', null, '1', '1', '1', '1', 'BETWEEN', 'datetime', '', '4', 'admin', '2023-09-09 17:45:20', '', '2023-09-25 14:48:04');
INSERT INTO `gen_table_column` VALUES ('116', '10', 'in_warehouse_type', '入库类别', 'varchar(2)', 'String', 'inWarehouseType', '0', '0', null, '1', '1', '1', '1', 'EQ', 'radio', 'inreceipt_type', '5', 'admin', '2023-09-09 17:45:20', '', '2023-09-25 14:48:04');
INSERT INTO `gen_table_column` VALUES ('117', '10', 'audit_time', '审核时间', 'datetime', 'Date', 'auditTime', '0', '0', null, '1', '1', '1', '1', 'EQ', 'datetime', '', '6', 'admin', '2023-09-09 17:45:20', '', '2023-09-25 14:48:04');
INSERT INTO `gen_table_column` VALUES ('118', '10', 'audit_id', '审核人id', 'varchar(32)', 'String', 'auditId', '0', '0', null, '1', '1', '1', '1', 'EQ', 'input', '', '7', 'admin', '2023-09-09 17:45:20', '', '2023-09-25 14:48:04');
INSERT INTO `gen_table_column` VALUES ('119', '10', 'audit_name', '审核人', 'varchar(32)', 'String', 'auditName', '0', '0', null, '1', '1', '1', '1', 'LIKE', 'input', '', '8', 'admin', '2023-09-09 17:45:20', '', '2023-09-25 14:48:04');
INSERT INTO `gen_table_column` VALUES ('120', '10', 'state', '状态 0：草稿   1：待审核 2：已审核', 'varchar(2)', 'String', 'state', '0', '0', null, '1', '1', '1', '1', 'EQ', 'select', 'receipt_state', '9', 'admin', '2023-09-09 17:45:20', '', '2023-09-25 14:48:04');
INSERT INTO `gen_table_column` VALUES ('121', '10', 'del_flag', '删除标志（0代表存在 1代表删除）', 'char(1)', 'String', 'delFlag', '0', '0', null, '1', null, null, null, 'EQ', 'input', '', '10', 'admin', '2023-09-09 17:45:20', '', '2023-09-25 14:48:04');
INSERT INTO `gen_table_column` VALUES ('122', '10', 'create_by', '创建者', 'varchar(64)', 'String', 'createBy', '0', '0', null, '1', null, null, null, 'EQ', 'input', '', '11', 'admin', '2023-09-09 17:45:20', '', '2023-09-25 14:48:04');
INSERT INTO `gen_table_column` VALUES ('123', '10', 'create_time', '创建时间', 'datetime', 'Date', 'createTime', '0', '0', null, '1', null, null, null, 'EQ', 'datetime', '', '12', 'admin', '2023-09-09 17:45:20', '', '2023-09-25 14:48:04');
INSERT INTO `gen_table_column` VALUES ('124', '10', 'update_by', '更新者', 'varchar(64)', 'String', 'updateBy', '0', '0', null, '1', '1', null, null, 'EQ', 'input', '', '13', 'admin', '2023-09-09 17:45:20', '', '2023-09-25 14:48:04');
INSERT INTO `gen_table_column` VALUES ('125', '10', 'update_time', '更新时间', 'datetime', 'Date', 'updateTime', '0', '0', null, '1', '1', null, null, 'EQ', 'datetime', '', '14', 'admin', '2023-09-09 17:45:20', '', '2023-09-25 14:48:04');
INSERT INTO `gen_table_column` VALUES ('126', '10', 'remark', '备注', 'varchar(500)', 'String', 'remark', '0', '0', null, '1', '1', '1', null, 'EQ', 'textarea', '', '15', 'admin', '2023-09-09 17:45:20', '', '2023-09-25 14:48:04');
INSERT INTO `gen_table_column` VALUES ('127', '11', 'in_receipt_detail_id', '入库明细ID', 'bigint(20)', 'Long', 'inReceiptDetailId', '1', '1', null, '1', null, null, null, 'EQ', 'input', '', '1', 'admin', '2023-09-10 11:48:04', '', '2023-09-10 11:49:58');
INSERT INTO `gen_table_column` VALUES ('128', '11', 'in_receipt_id', '入库单据', 'bigint(20)', 'Long', 'inReceiptId', '0', '0', null, '1', '1', '1', '1', 'EQ', 'input', '', '2', 'admin', '2023-09-10 11:48:04', '', '2023-09-10 11:49:58');
INSERT INTO `gen_table_column` VALUES ('129', '11', 'goods_id', '物品ID', 'bigint(20)', 'Long', 'goodsId', '0', '0', '1', '1', '1', '1', '1', 'EQ', 'input', '', '3', 'admin', '2023-09-10 11:48:04', '', '2023-09-10 11:49:58');
INSERT INTO `gen_table_column` VALUES ('130', '11', 'goods_price', '物品单价', 'decimal(10,2)', 'BigDecimal', 'goodsPrice', '0', '0', null, '1', '1', '1', '1', 'EQ', 'input', '', '4', 'admin', '2023-09-10 11:48:04', '', '2023-09-10 11:49:58');
INSERT INTO `gen_table_column` VALUES ('131', '11', 'goods_number', '物品数量', 'decimal(10,2)', 'BigDecimal', 'goodsNumber', '0', '0', null, '1', '1', '1', '1', 'EQ', 'input', '', '5', 'admin', '2023-09-10 11:48:04', '', '2023-09-10 11:49:58');
INSERT INTO `gen_table_column` VALUES ('132', '11', 'goods_amount', '物品金额', 'decimal(10,2)', 'BigDecimal', 'goodsAmount', '0', '0', null, '1', '1', '1', '1', 'EQ', 'input', '', '6', 'admin', '2023-09-10 11:48:04', '', '2023-09-10 11:49:58');
INSERT INTO `gen_table_column` VALUES ('133', '12', 'trace_id', '溯源ID', 'bigint(20)', 'Long', 'traceId', '1', '1', null, '1', null, null, null, 'EQ', 'input', '', '1', 'admin', '2023-09-10 12:17:54', '', '2023-09-25 14:53:00');
INSERT INTO `gen_table_column` VALUES ('134', '12', 'goods_id', '物品ID', 'bigint(20)', 'Long', 'goodsId', '0', '0', '1', '1', '1', '1', '1', 'EQ', 'input', '', '2', 'admin', '2023-09-10 12:17:54', '', '2023-09-25 14:53:00');
INSERT INTO `gen_table_column` VALUES ('135', '12', 'sn_code', '溯源码', 'varchar(255)', 'String', 'snCode', '0', '0', '1', '1', '1', '1', '1', 'EQ', 'input', '', '3', 'admin', '2023-09-10 12:17:54', '', '2023-09-25 14:53:00');
INSERT INTO `gen_table_column` VALUES ('136', '12', 'del_flag', '删除标志（0代表存在 1代表删除）', 'char(1)', 'String', 'delFlag', '0', '0', null, '1', null, null, null, 'EQ', 'input', '', '4', 'admin', '2023-09-10 12:17:54', '', '2023-09-25 14:53:00');
INSERT INTO `gen_table_column` VALUES ('137', '12', 'create_by', '创建者', 'varchar(64)', 'String', 'createBy', '0', '0', null, '1', null, null, null, 'EQ', 'input', '', '5', 'admin', '2023-09-10 12:17:54', '', '2023-09-25 14:53:00');
INSERT INTO `gen_table_column` VALUES ('138', '12', 'create_time', '创建时间', 'datetime', 'Date', 'createTime', '0', '0', null, '1', null, null, null, 'EQ', 'datetime', '', '6', 'admin', '2023-09-10 12:17:54', '', '2023-09-25 14:53:00');
INSERT INTO `gen_table_column` VALUES ('139', '12', 'update_by', '更新者', 'varchar(64)', 'String', 'updateBy', '0', '0', null, '1', '1', null, null, 'EQ', 'input', '', '7', 'admin', '2023-09-10 12:17:54', '', '2023-09-25 14:53:00');
INSERT INTO `gen_table_column` VALUES ('140', '12', 'update_time', '更新时间', 'datetime', 'Date', 'updateTime', '0', '0', null, '1', '1', null, null, 'EQ', 'datetime', '', '8', 'admin', '2023-09-10 12:17:54', '', '2023-09-25 14:53:00');
INSERT INTO `gen_table_column` VALUES ('141', '12', 'remark', '备注', 'varchar(500)', 'String', 'remark', '0', '0', null, '1', '1', '1', null, 'EQ', 'textarea', '', '9', 'admin', '2023-09-10 12:17:54', '', '2023-09-25 14:53:00');
INSERT INTO `gen_table_column` VALUES ('142', '13', 'trace_record_id', '溯源记录id', 'bigint(20)', 'Long', 'traceRecordId', '1', '1', null, '1', null, null, null, 'EQ', 'input', '', '1', 'admin', '2023-09-10 12:17:54', '', '2023-09-10 12:18:36');
INSERT INTO `gen_table_column` VALUES ('143', '13', 'trace_id', '物品溯源id', 'bigint(20)', 'Long', 'traceId', '0', '0', '1', '1', '1', '1', '1', 'EQ', 'input', '', '2', 'admin', '2023-09-10 12:17:54', '', '2023-09-10 12:18:36');
INSERT INTO `gen_table_column` VALUES ('144', '13', 'rel_id', '入库单id，出库单id', 'bigint(20)', 'Long', 'relId', '0', '0', '1', '1', '1', '1', '1', 'EQ', 'input', '', '3', 'admin', '2023-09-10 12:17:54', '', '2023-09-10 12:18:36');
INSERT INTO `gen_table_column` VALUES ('145', '13', 'record_type', '记录类型', 'varchar(4)', 'String', 'recordType', '0', '0', null, '1', '1', '1', '1', 'EQ', 'select', '', '4', 'admin', '2023-09-10 12:17:54', '', '2023-09-10 12:18:36');
INSERT INTO `gen_table_column` VALUES ('146', '13', 'record_time', '记录时间', 'datetime', 'Date', 'recordTime', '0', '0', null, '1', '1', '1', '1', 'EQ', 'datetime', '', '5', 'admin', '2023-09-10 12:17:54', '', '2023-09-10 12:18:36');
INSERT INTO `gen_table_column` VALUES ('147', '14', 'stock_id', '库存id', 'bigint(20)', 'Long', 'stockId', '1', '1', null, '1', null, null, null, 'EQ', 'input', '', '1', 'admin', '2023-09-13 14:12:54', '', '2023-09-25 14:52:27');
INSERT INTO `gen_table_column` VALUES ('148', '14', 'warehouse_id', '仓库id', 'bigint(20)', 'Long', 'warehouseId', '0', '0', null, '1', '1', '1', '1', 'EQ', 'input', '', '2', 'admin', '2023-09-13 14:12:54', '', '2023-09-25 14:52:27');
INSERT INTO `gen_table_column` VALUES ('149', '14', 'goods_id', '物品id', 'bigint(20)', 'Long', 'goodsId', '0', '0', null, '1', '1', '1', '1', 'EQ', 'input', '', '3', 'admin', '2023-09-13 14:12:54', '', '2023-09-25 14:52:27');
INSERT INTO `gen_table_column` VALUES ('150', '14', 'stock_number', '存储物品数量', 'decimal(10,2)', 'BigDecimal', 'stockNumber', '0', '0', null, '1', '1', '1', '1', 'EQ', 'input', '', '4', 'admin', '2023-09-13 14:12:54', '', '2023-09-25 14:52:27');
INSERT INTO `gen_table_column` VALUES ('151', '14', 'unit_price', '该物品的单价（不是均价）', 'decimal(10,2)', 'BigDecimal', 'unitPrice', '0', '0', null, '1', '1', '1', '1', 'EQ', 'input', '', '5', 'admin', '2023-09-13 14:12:54', '', '2023-09-25 14:52:27');
INSERT INTO `gen_table_column` VALUES ('152', '14', 'stock_amount', '存储物品总金额', 'decimal(10,2)', 'BigDecimal', 'stockAmount', '0', '0', null, '1', '1', '1', '1', 'EQ', 'input', '', '6', 'admin', '2023-09-13 14:12:54', '', '2023-09-25 14:52:27');
INSERT INTO `gen_table_column` VALUES ('153', '14', 'goods_deadline_time', '到期时间', 'datetime', 'Date', 'goodsDeadlineTime', '0', '0', null, '1', '1', '1', '1', 'EQ', 'datetime', '', '7', 'admin', '2023-09-13 14:12:54', '', '2023-09-25 14:52:27');
INSERT INTO `gen_table_column` VALUES ('154', '15', 'store_id', '门店ID', 'bigint(20)', 'Long', 'storeId', '1', '1', null, '1', null, null, null, 'EQ', 'input', '', '1', 'admin', '2023-09-13 16:17:11', '', '2023-09-25 15:12:00');
INSERT INTO `gen_table_column` VALUES ('155', '15', 'store_name', '名称', 'varchar(255)', 'String', 'storeName', '0', '0', null, '1', '1', '1', '1', 'LIKE', 'input', '', '2', 'admin', '2023-09-13 16:17:11', '', '2023-09-25 15:12:00');
INSERT INTO `gen_table_column` VALUES ('156', '15', 'address', '地址', 'varchar(255)', 'String', 'address', '0', '0', null, '1', '1', '1', '1', 'LIKE', 'input', '', '3', 'admin', '2023-09-13 16:17:11', '', '2023-09-25 15:12:00');
INSERT INTO `gen_table_column` VALUES ('157', '15', 'contacts', '联系人', 'varchar(255)', 'String', 'contacts', '0', '0', null, '1', '1', '1', '1', 'LIKE', 'input', '', '4', 'admin', '2023-09-13 16:17:11', '', '2023-09-25 15:12:00');
INSERT INTO `gen_table_column` VALUES ('158', '15', 'contacts_phone', '联系电话', 'varchar(255)', 'String', 'contactsPhone', '0', '0', null, '1', '1', '1', '1', 'LIKE', 'input', '', '5', 'admin', '2023-09-13 16:17:11', '', '2023-09-25 15:12:00');
INSERT INTO `gen_table_column` VALUES ('159', '16', 'warehouse_out_receipt_id', '出库单据id', 'bigint(20)', 'Long', 'warehouseOutReceiptId', '1', '0', null, '1', null, null, null, 'EQ', 'input', '', '1', 'admin', '2023-09-13 16:28:44', '', '2023-09-25 14:50:14');
INSERT INTO `gen_table_column` VALUES ('160', '16', 'warehouse_id', '仓库id', 'bigint(20)', 'Long', 'warehouseId', '0', '0', '1', '1', '1', '1', '1', 'EQ', 'input', '', '2', 'admin', '2023-09-13 16:28:44', '', '2023-09-25 14:50:14');
INSERT INTO `gen_table_column` VALUES ('161', '16', 'document_number', '单据编号', 'varchar(32)', 'String', 'documentNumber', '0', '0', '1', '1', '1', '1', '1', 'EQ', 'input', '', '3', 'admin', '2023-09-13 16:28:44', '', '2023-09-25 14:50:14');
INSERT INTO `gen_table_column` VALUES ('162', '16', 'out_warehouse_time', '出库时间', 'datetime', 'Date', 'outWarehouseTime', '0', '0', null, '1', '1', '1', '1', 'BETWEEN', 'datetime', '', '4', 'admin', '2023-09-13 16:28:44', '', '2023-09-25 14:50:14');
INSERT INTO `gen_table_column` VALUES ('163', '16', 'out_warehouse_type', '出库类别', 'varchar(4)', 'String', 'outWarehouseType', '0', '0', '1', '1', '1', '1', '1', 'EQ', 'select', 'outreceipt_type', '5', 'admin', '2023-09-13 16:28:44', '', '2023-09-25 14:50:14');
INSERT INTO `gen_table_column` VALUES ('164', '16', 'receive_time', '领料日期', 'datetime', 'Date', 'receiveTime', '0', '0', null, '1', '1', '1', '1', 'EQ', 'datetime', '', '6', 'admin', '2023-09-13 16:28:44', '', '2023-09-25 14:50:14');
INSERT INTO `gen_table_column` VALUES ('165', '16', 'receive_id', '领料人id', 'varchar(32)', 'String', 'receiveId', '0', '0', '1', '1', '1', '1', '1', 'EQ', 'input', '', '7', 'admin', '2023-09-13 16:28:44', '', '2023-09-25 14:50:14');
INSERT INTO `gen_table_column` VALUES ('166', '16', 'receive_name', '领料人', 'varchar(32)', 'String', 'receiveName', '0', '0', '1', '1', '1', '1', '1', 'LIKE', 'input', '', '8', 'admin', '2023-09-13 16:28:44', '', '2023-09-25 14:50:14');
INSERT INTO `gen_table_column` VALUES ('167', '16', 'audit_time', '审核时间', 'datetime', 'Date', 'auditTime', '0', '0', null, '1', '1', '1', '1', 'EQ', 'datetime', '', '9', 'admin', '2023-09-13 16:28:44', '', '2023-09-25 14:50:14');
INSERT INTO `gen_table_column` VALUES ('168', '16', 'audit_id', '审核人id', 'varchar(32)', 'String', 'auditId', '0', '0', null, '1', '1', '1', '1', 'EQ', 'input', '', '10', 'admin', '2023-09-13 16:28:44', '', '2023-09-25 14:50:14');
INSERT INTO `gen_table_column` VALUES ('169', '16', 'audit_name', '审核人', 'varchar(32)', 'String', 'auditName', '0', '0', null, '1', '1', '1', '1', 'LIKE', 'input', '', '11', 'admin', '2023-09-13 16:28:44', '', '2023-09-25 14:50:14');
INSERT INTO `gen_table_column` VALUES ('170', '16', 'state', '单据状态  0：保存  1：审核通过', 'varchar(2)', 'String', 'state', '0', '0', null, '1', '1', '1', '1', 'EQ', 'select', 'receipt_state', '12', 'admin', '2023-09-13 16:28:44', '', '2023-09-25 14:50:14');
INSERT INTO `gen_table_column` VALUES ('171', '16', 'del_flag', '删除标志（0代表存在 1代表删除）', 'char(1)', 'String', 'delFlag', '0', '0', null, '1', null, null, null, 'EQ', 'input', '', '13', 'admin', '2023-09-13 16:28:44', '', '2023-09-25 14:50:14');
INSERT INTO `gen_table_column` VALUES ('172', '16', 'create_by', '创建者', 'varchar(64)', 'String', 'createBy', '0', '0', null, '1', null, null, null, 'EQ', 'input', '', '14', 'admin', '2023-09-13 16:28:44', '', '2023-09-25 14:50:14');
INSERT INTO `gen_table_column` VALUES ('173', '16', 'create_time', '创建时间', 'datetime', 'Date', 'createTime', '0', '0', null, '1', null, null, null, 'EQ', 'datetime', '', '15', 'admin', '2023-09-13 16:28:44', '', '2023-09-25 14:50:14');
INSERT INTO `gen_table_column` VALUES ('174', '16', 'update_by', '更新者', 'varchar(64)', 'String', 'updateBy', '0', '0', null, '1', '1', null, null, 'EQ', 'input', '', '16', 'admin', '2023-09-13 16:28:44', '', '2023-09-25 14:50:14');
INSERT INTO `gen_table_column` VALUES ('175', '16', 'update_time', '更新时间', 'datetime', 'Date', 'updateTime', '0', '0', null, '1', '1', null, null, 'EQ', 'datetime', '', '17', 'admin', '2023-09-13 16:28:44', '', '2023-09-25 14:50:14');
INSERT INTO `gen_table_column` VALUES ('176', '16', 'remark', '备注', 'varchar(500)', 'String', 'remark', '0', '0', null, '1', '1', '1', null, 'EQ', 'textarea', '', '18', 'admin', '2023-09-13 16:28:44', '', '2023-09-25 14:50:14');
INSERT INTO `gen_table_column` VALUES ('177', '17', 'out_receipt_detail_id', '入库明细ID', 'bigint(20)', 'Long', 'outReceiptDetailId', '1', '1', null, '1', null, null, null, 'EQ', 'input', '', '1', 'admin', '2023-09-13 20:26:15', '', '2023-09-13 20:27:04');
INSERT INTO `gen_table_column` VALUES ('178', '17', 'out_receipt_id', '入库单据', 'bigint(20)', 'Long', 'outReceiptId', '0', '0', null, '1', '1', '1', '1', 'EQ', 'input', '', '2', 'admin', '2023-09-13 20:26:15', '', '2023-09-13 20:27:04');
INSERT INTO `gen_table_column` VALUES ('179', '17', 'goods_id', '物品ID', 'bigint(20)', 'Long', 'goodsId', '0', '0', '1', '1', '1', '1', '1', 'EQ', 'input', '', '3', 'admin', '2023-09-13 20:26:15', '', '2023-09-13 20:27:04');
INSERT INTO `gen_table_column` VALUES ('180', '17', 'goods_price', '物品单价', 'decimal(10,2)', 'BigDecimal', 'goodsPrice', '0', '0', null, '1', '1', '1', '1', 'EQ', 'input', '', '4', 'admin', '2023-09-13 20:26:15', '', '2023-09-13 20:27:04');
INSERT INTO `gen_table_column` VALUES ('181', '17', 'goods_number', '物品数量', 'decimal(10,2)', 'BigDecimal', 'goodsNumber', '0', '0', null, '1', '1', '1', '1', 'EQ', 'input', '', '5', 'admin', '2023-09-13 20:26:15', '', '2023-09-13 20:27:04');
INSERT INTO `gen_table_column` VALUES ('182', '17', 'goods_amount', '物品金额', 'decimal(10,2)', 'BigDecimal', 'goodsAmount', '0', '0', null, '1', '1', '1', '1', 'EQ', 'input', '', '6', 'admin', '2023-09-13 20:26:15', '', '2023-09-13 20:27:04');
INSERT INTO `gen_table_column` VALUES ('183', '18', 'warehouse_transfer_receipt_id', '调拨单据id', 'bigint(20)', 'Long', 'warehouseTransferReceiptId', '1', '1', null, '1', null, null, null, 'EQ', 'input', '', '1', 'admin', '2023-09-16 11:44:17', '', '2023-09-25 14:50:38');
INSERT INTO `gen_table_column` VALUES ('184', '18', 'transfer_out_warehouse_id', '调出仓库id', 'bigint(20)', 'Long', 'transferOutWarehouseId', '0', '0', null, '1', '1', '1', '1', 'EQ', 'input', '', '2', 'admin', '2023-09-16 11:44:17', '', '2023-09-25 14:50:38');
INSERT INTO `gen_table_column` VALUES ('185', '18', 'transfer_in_warehouse_id', '调入仓库id', 'bigint(20)', 'Long', 'transferInWarehouseId', '0', '0', null, '1', '1', '1', '1', 'EQ', 'input', '', '3', 'admin', '2023-09-16 11:44:17', '', '2023-09-25 14:50:38');
INSERT INTO `gen_table_column` VALUES ('186', '18', 'document_number', '单据编号', 'varchar(32)', 'String', 'documentNumber', '0', '0', null, '1', '1', '1', '1', 'EQ', 'input', '', '4', 'admin', '2023-09-16 11:44:17', '', '2023-09-25 14:50:38');
INSERT INTO `gen_table_column` VALUES ('187', '18', 'transfer_warehouse_time', '调拨时间', 'datetime', 'Date', 'transferWarehouseTime', '0', '0', null, '1', '1', '1', '1', 'EQ', 'datetime', '', '5', 'admin', '2023-09-16 11:44:17', '', '2023-09-25 14:50:38');
INSERT INTO `gen_table_column` VALUES ('188', '18', 'transfer_type', '调拨类别', 'varchar(4)', 'String', 'transferType', '0', '0', null, '1', '1', '1', '1', 'EQ', 'select', 'transfer_type', '6', 'admin', '2023-09-16 11:44:17', '', '2023-09-25 14:50:38');
INSERT INTO `gen_table_column` VALUES ('189', '18', 'state', '单据状态', 'varchar(1)', 'String', 'state', '0', '0', null, '1', '1', '1', '1', 'EQ', 'input', 'receipt_state', '7', 'admin', '2023-09-16 11:44:17', '', '2023-09-25 14:50:38');
INSERT INTO `gen_table_column` VALUES ('190', '18', 'audit_time', '审核时间', 'datetime', 'Date', 'auditTime', '0', '0', null, '1', '1', '1', '1', 'EQ', 'datetime', '', '8', 'admin', '2023-09-16 11:44:17', '', '2023-09-25 14:50:38');
INSERT INTO `gen_table_column` VALUES ('191', '18', 'audit_id', '审核人id', 'varchar(32)', 'String', 'auditId', '0', '0', null, '1', '1', '1', '1', 'EQ', 'input', '', '9', 'admin', '2023-09-16 11:44:17', '', '2023-09-25 14:50:38');
INSERT INTO `gen_table_column` VALUES ('192', '18', 'audit_name', '审核人', 'varchar(32)', 'String', 'auditName', '0', '0', null, '1', '1', '1', '1', 'LIKE', 'input', '', '10', 'admin', '2023-09-16 11:44:17', '', '2023-09-25 14:50:38');
INSERT INTO `gen_table_column` VALUES ('193', '18', 'del_flag', '删除标志（0代表存在 1代表删除）', 'char(1)', 'String', 'delFlag', '0', '0', null, '1', null, null, null, 'EQ', 'input', '', '11', 'admin', '2023-09-16 11:44:17', '', '2023-09-25 14:50:38');
INSERT INTO `gen_table_column` VALUES ('194', '18', 'create_by', '创建者', 'varchar(64)', 'String', 'createBy', '0', '0', null, '1', null, null, null, 'EQ', 'input', '', '12', 'admin', '2023-09-16 11:44:17', '', '2023-09-25 14:50:38');
INSERT INTO `gen_table_column` VALUES ('195', '18', 'create_time', '创建时间', 'datetime', 'Date', 'createTime', '0', '0', null, '1', null, null, null, 'EQ', 'datetime', '', '13', 'admin', '2023-09-16 11:44:17', '', '2023-09-25 14:50:38');
INSERT INTO `gen_table_column` VALUES ('196', '18', 'update_by', '更新者', 'varchar(64)', 'String', 'updateBy', '0', '0', null, '1', '1', null, null, 'EQ', 'input', '', '14', 'admin', '2023-09-16 11:44:17', '', '2023-09-25 14:50:38');
INSERT INTO `gen_table_column` VALUES ('197', '18', 'update_time', '更新时间', 'datetime', 'Date', 'updateTime', '0', '0', null, '1', '1', null, null, 'EQ', 'datetime', '', '15', 'admin', '2023-09-16 11:44:17', '', '2023-09-25 14:50:38');
INSERT INTO `gen_table_column` VALUES ('198', '18', 'remark', '备注', 'varchar(500)', 'String', 'remark', '0', '0', null, '1', '1', '1', null, 'EQ', 'textarea', '', '16', 'admin', '2023-09-16 11:44:17', '', '2023-09-25 14:50:38');
INSERT INTO `gen_table_column` VALUES ('199', '19', 'rel_id', '关系id', 'bigint(32)', 'Long', 'relId', '1', '1', null, '1', null, null, null, 'EQ', 'input', '', '1', 'admin', '2023-09-16 11:50:33', '', '2023-09-16 11:51:09');
INSERT INTO `gen_table_column` VALUES ('200', '19', 'transfer_id', '调拨单id', 'bigint(32)', 'Long', 'transferId', '0', '0', null, '1', '1', '1', '1', 'EQ', 'input', '', '2', 'admin', '2023-09-16 11:50:33', '', '2023-09-16 11:51:09');
INSERT INTO `gen_table_column` VALUES ('201', '19', 'transfer_document_number', '调拨单编号', 'varchar(32)', 'String', 'transferDocumentNumber', '0', '0', null, '1', '1', '1', '1', 'EQ', 'input', '', '3', 'admin', '2023-09-16 11:50:33', '', '2023-09-16 11:51:09');
INSERT INTO `gen_table_column` VALUES ('202', '19', 'in_id', '入库单id', 'bigint(32)', 'Long', 'inId', '0', '0', null, '1', '1', '1', '1', 'EQ', 'input', '', '4', 'admin', '2023-09-16 11:50:33', '', '2023-09-16 11:51:09');
INSERT INTO `gen_table_column` VALUES ('203', '19', 'in_document_number', '入库单编号', 'varchar(32)', 'String', 'inDocumentNumber', '0', '0', null, '1', '1', '1', '1', 'EQ', 'input', '', '5', 'admin', '2023-09-16 11:50:33', '', '2023-09-16 11:51:09');
INSERT INTO `gen_table_column` VALUES ('204', '19', 'out_id', '出库id', 'bigint(32)', 'Long', 'outId', '0', '0', null, '1', '1', '1', '1', 'EQ', 'input', '', '6', 'admin', '2023-09-16 11:50:33', '', '2023-09-16 11:51:09');
INSERT INTO `gen_table_column` VALUES ('205', '19', 'out_document_number', '出库编号', 'varchar(32)', 'String', 'outDocumentNumber', '0', '0', null, '1', '1', '1', '1', 'EQ', 'input', '', '7', 'admin', '2023-09-16 11:50:33', '', '2023-09-16 11:51:09');
INSERT INTO `gen_table_column` VALUES ('206', '20', 'transfer_receipt_detail_id', '入库明细ID', 'bigint(20)', 'Long', 'transferReceiptDetailId', '1', '1', null, '1', null, null, null, 'EQ', 'input', '', '1', 'admin', '2023-09-16 17:20:18', '', '2023-09-16 17:20:39');
INSERT INTO `gen_table_column` VALUES ('207', '20', 'transfer_receipt_id', '入库单据', 'bigint(20)', 'Long', 'transferReceiptId', '0', '0', '1', '1', '1', '1', '1', 'EQ', 'input', '', '2', 'admin', '2023-09-16 17:20:18', '', '2023-09-16 17:20:39');
INSERT INTO `gen_table_column` VALUES ('208', '20', 'goods_id', '物品ID', 'bigint(20)', 'Long', 'goodsId', '0', '0', '1', '1', '1', '1', '1', 'EQ', 'input', '', '3', 'admin', '2023-09-16 17:20:18', '', '2023-09-16 17:20:39');
INSERT INTO `gen_table_column` VALUES ('209', '20', 'goods_price', '物品单价', 'decimal(10,2)', 'BigDecimal', 'goodsPrice', '0', '0', null, '1', '1', '1', '1', 'EQ', 'input', '', '4', 'admin', '2023-09-16 17:20:18', '', '2023-09-16 17:20:39');
INSERT INTO `gen_table_column` VALUES ('210', '20', 'goods_number', '物品数量', 'decimal(10,2)', 'BigDecimal', 'goodsNumber', '0', '0', null, '1', '1', '1', '1', 'EQ', 'input', '', '5', 'admin', '2023-09-16 17:20:18', '', '2023-09-16 17:20:39');
INSERT INTO `gen_table_column` VALUES ('211', '20', 'goods_amount', '物品金额', 'decimal(10,2)', 'BigDecimal', 'goodsAmount', '0', '0', null, '1', '1', '1', '1', 'EQ', 'input', '', '6', 'admin', '2023-09-16 17:20:18', '', '2023-09-16 17:20:39');
INSERT INTO `gen_table_column` VALUES ('212', '20', 'goods_deadline_time', '物品有效期', 'datetime', 'Date', 'goodsDeadlineTime', '0', '0', null, '1', '1', '1', '1', 'EQ', 'datetime', '', '7', 'admin', '2023-09-16 17:20:18', '', '2023-09-16 17:20:39');
INSERT INTO `gen_table_column` VALUES ('213', '21', 'apply_receipt_detail_id', '入库明细ID', 'bigint(20)', 'Long', 'applyReceiptDetailId', '1', '1', null, '1', null, null, null, 'EQ', 'input', '', '1', 'admin', '2023-09-18 22:08:34', '', '2023-09-25 14:51:36');
INSERT INTO `gen_table_column` VALUES ('214', '21', 'apply_receipt_id', '入库单据', 'bigint(20)', 'Long', 'applyReceiptId', '0', '0', null, '1', '1', '1', '1', 'EQ', 'input', '', '2', 'admin', '2023-09-18 22:08:34', '', '2023-09-25 14:51:36');
INSERT INTO `gen_table_column` VALUES ('215', '21', 'goods_id', '物品ID', 'bigint(20)', 'Long', 'goodsId', '0', '0', '1', '1', '1', '1', '1', 'EQ', 'input', '', '3', 'admin', '2023-09-18 22:08:34', '', '2023-09-25 14:51:36');
INSERT INTO `gen_table_column` VALUES ('216', '21', 'goods_price', '物品单价', 'decimal(10,2)', 'BigDecimal', 'goodsPrice', '0', '0', null, '1', '1', '1', '1', 'EQ', 'input', '', '4', 'admin', '2023-09-18 22:08:34', '', '2023-09-25 14:51:36');
INSERT INTO `gen_table_column` VALUES ('217', '21', 'goods_number', '物品数量', 'decimal(10,2)', 'BigDecimal', 'goodsNumber', '0', '0', null, '1', '1', '1', '1', 'EQ', 'input', '', '5', 'admin', '2023-09-18 22:08:34', '', '2023-09-25 14:51:36');
INSERT INTO `gen_table_column` VALUES ('218', '21', 'goods_amount', '物品金额', 'decimal(10,2)', 'BigDecimal', 'goodsAmount', '0', '0', null, '1', '1', '1', '1', 'EQ', 'input', '', '6', 'admin', '2023-09-18 22:08:34', '', '2023-09-25 14:51:36');
INSERT INTO `gen_table_column` VALUES ('219', '21', 'goods_deadline_time', '物品有效期', 'datetime', 'Date', 'goodsDeadlineTime', '0', '0', null, '1', '1', '1', '1', 'EQ', 'datetime', '', '7', 'admin', '2023-09-18 22:08:34', '', '2023-09-25 14:51:36');
INSERT INTO `gen_table_column` VALUES ('220', '22', 'out_receipt_detail_id', '入库明细ID', 'bigint(20)', 'Long', 'outReceiptDetailId', '1', '1', null, '1', null, null, null, 'EQ', 'input', '', '1', 'admin', '2023-09-18 22:08:34', '', null);
INSERT INTO `gen_table_column` VALUES ('221', '22', 'out_receipt_id', '入库单据', 'bigint(20)', 'Long', 'outReceiptId', '0', '0', null, '1', '1', '1', '1', 'EQ', 'input', '', '2', 'admin', '2023-09-18 22:08:34', '', null);
INSERT INTO `gen_table_column` VALUES ('222', '22', 'goods_id', '物品ID', 'bigint(20)', 'Long', 'goodsId', '0', '0', '1', '1', '1', '1', '1', 'EQ', 'input', '', '3', 'admin', '2023-09-18 22:08:34', '', null);
INSERT INTO `gen_table_column` VALUES ('223', '22', 'goods_price', '物品单价', 'decimal(10,2)', 'BigDecimal', 'goodsPrice', '0', '0', null, '1', '1', '1', '1', 'EQ', 'input', '', '4', 'admin', '2023-09-18 22:08:34', '', null);
INSERT INTO `gen_table_column` VALUES ('224', '22', 'goods_number', '物品数量', 'decimal(10,2)', 'BigDecimal', 'goodsNumber', '0', '0', null, '1', '1', '1', '1', 'EQ', 'input', '', '5', 'admin', '2023-09-18 22:08:34', '', null);
INSERT INTO `gen_table_column` VALUES ('225', '22', 'goods_amount', '物品金额', 'decimal(10,2)', 'BigDecimal', 'goodsAmount', '0', '0', null, '1', '1', '1', '1', 'EQ', 'input', '', '6', 'admin', '2023-09-18 22:08:34', '', null);
INSERT INTO `gen_table_column` VALUES ('226', '22', 'goods_deadline_time', '物品有效期', 'datetime', 'Date', 'goodsDeadlineTime', '0', '0', null, '1', '1', '1', '1', 'EQ', 'datetime', '', '7', 'admin', '2023-09-18 22:08:34', '', null);
INSERT INTO `gen_table_column` VALUES ('227', '23', 'apply_receipt_id', '要货申请', 'bigint(20)', 'Long', 'applyReceiptId', '1', '1', null, '1', null, null, null, 'EQ', 'input', '', '1', 'admin', '2023-09-18 22:09:30', '', '2023-09-18 22:10:47');
INSERT INTO `gen_table_column` VALUES ('228', '23', 'apply_user_id', '要货人ID', 'bigint(20)', 'Long', 'applyUserId', '0', '0', null, '1', '1', '1', '1', 'EQ', 'input', '', '2', 'admin', '2023-09-18 22:09:30', '', '2023-09-18 22:10:47');
INSERT INTO `gen_table_column` VALUES ('229', '23', 'document_number', '单据编号', 'varchar(32)', 'String', 'documentNumber', '0', '0', null, '1', '1', '1', '1', 'EQ', 'input', '', '3', 'admin', '2023-09-18 22:09:30', '', '2023-09-18 22:10:47');
INSERT INTO `gen_table_column` VALUES ('230', '23', 'apply_time', '出库时间', 'datetime', 'Date', 'applyTime', '0', '0', null, '1', '1', '1', '1', 'BETWEEN', 'datetime', '', '4', 'admin', '2023-09-18 22:09:30', '', '2023-09-18 22:10:47');
INSERT INTO `gen_table_column` VALUES ('231', '23', 'state', '单据状态  0：保存  1：审核通过', 'varchar(2)', 'String', 'state', '0', '0', null, '1', '1', '1', '1', 'EQ', 'input', '', '5', 'admin', '2023-09-18 22:09:30', '', '2023-09-18 22:10:47');
INSERT INTO `gen_table_column` VALUES ('232', '23', 'del_flag', '删除标志（0代表存在 1代表删除）', 'char(1)', 'String', 'delFlag', '0', '0', null, '1', null, null, null, 'EQ', 'input', '', '6', 'admin', '2023-09-18 22:09:30', '', '2023-09-18 22:10:47');
INSERT INTO `gen_table_column` VALUES ('233', '23', 'create_by', '创建者', 'varchar(64)', 'String', 'createBy', '0', '0', null, '1', null, null, null, 'EQ', 'input', '', '7', 'admin', '2023-09-18 22:09:30', '', '2023-09-18 22:10:47');
INSERT INTO `gen_table_column` VALUES ('234', '23', 'create_time', '创建时间', 'datetime', 'Date', 'createTime', '0', '0', null, '1', null, null, null, 'EQ', 'datetime', '', '8', 'admin', '2023-09-18 22:09:30', '', '2023-09-18 22:10:47');
INSERT INTO `gen_table_column` VALUES ('235', '23', 'update_by', '更新者', 'varchar(64)', 'String', 'updateBy', '0', '0', null, '1', '1', null, null, 'EQ', 'input', '', '9', 'admin', '2023-09-18 22:09:30', '', '2023-09-18 22:10:47');
INSERT INTO `gen_table_column` VALUES ('236', '23', 'update_time', '更新时间', 'datetime', 'Date', 'updateTime', '0', '0', null, '1', '1', null, null, 'EQ', 'datetime', '', '10', 'admin', '2023-09-18 22:09:30', '', '2023-09-18 22:10:47');
INSERT INTO `gen_table_column` VALUES ('237', '23', 'remark', '备注', 'varchar(500)', 'String', 'remark', '0', '0', null, '1', '1', '1', null, 'EQ', 'textarea', '', '11', 'admin', '2023-09-18 22:09:30', '', '2023-09-18 22:10:47');
INSERT INTO `gen_table_column` VALUES ('238', '24', 'check_receipt_id', '盘点ID', 'bigint(20)', 'Long', 'checkReceiptId', '1', '0', null, '1', null, null, null, 'EQ', 'input', '', '1', 'admin', '2023-10-07 16:31:05', '', '2023-10-07 17:54:24');
INSERT INTO `gen_table_column` VALUES ('239', '24', 'check_user_id', '盘点人ID', 'bigint(20)', 'Long', 'checkUserId', '0', '0', null, '1', '1', '1', '1', 'EQ', 'input', '', '2', 'admin', '2023-10-07 16:31:05', '', '2023-10-07 17:54:24');
INSERT INTO `gen_table_column` VALUES ('240', '24', 'warehouse_id', '仓库id', 'bigint(20)', 'Long', 'warehouseId', '0', '0', null, '1', '1', '1', '1', 'EQ', 'input', '', '3', 'admin', '2023-10-07 16:31:05', '', '2023-10-07 17:54:24');
INSERT INTO `gen_table_column` VALUES ('241', '24', 'document_number', null, 'varchar(32)', 'String', 'documentNumber', '0', '0', null, '1', '1', '1', '1', 'EQ', 'input', '', '4', 'admin', '2023-10-07 16:31:05', '', '2023-10-07 17:54:24');
INSERT INTO `gen_table_column` VALUES ('242', '24', 'check_time', '盘点时间', 'datetime', 'Date', 'checkTime', '0', '0', null, '1', '1', '1', '1', 'BETWEEN', 'datetime', '', '5', 'admin', '2023-10-07 16:31:05', '', '2023-10-07 17:54:24');
INSERT INTO `gen_table_column` VALUES ('243', '24', 'del_flag', '删除标志（0代表存在 1代表删除）', 'char(1)', 'String', 'delFlag', '0', '0', null, '1', null, null, null, 'EQ', 'input', '', '6', 'admin', '2023-10-07 16:31:05', '', '2023-10-07 17:54:24');
INSERT INTO `gen_table_column` VALUES ('244', '24', 'create_by', '创建者', 'varchar(32)', 'String', 'createBy', '0', '0', null, '1', null, null, null, 'EQ', 'input', '', '7', 'admin', '2023-10-07 16:31:05', '', '2023-10-07 17:54:24');
INSERT INTO `gen_table_column` VALUES ('245', '24', 'create_time', '创建时间', 'datetime', 'Date', 'createTime', '0', '0', null, '1', null, null, null, 'EQ', 'datetime', '', '8', 'admin', '2023-10-07 16:31:05', '', '2023-10-07 17:54:24');
INSERT INTO `gen_table_column` VALUES ('246', '24', 'update_by', '更新者', 'varchar(32)', 'String', 'updateBy', '0', '0', null, '1', '1', null, null, 'EQ', 'input', '', '9', 'admin', '2023-10-07 16:31:05', '', '2023-10-07 17:54:24');
INSERT INTO `gen_table_column` VALUES ('247', '24', 'update_time', '更新时间', 'datetime', 'Date', 'updateTime', '0', '0', null, '1', '1', null, null, 'EQ', 'datetime', '', '10', 'admin', '2023-10-07 16:31:05', '', '2023-10-07 17:54:24');
INSERT INTO `gen_table_column` VALUES ('248', '24', 'remark', '备注', 'varchar(500)', 'String', 'remark', '0', '0', null, '1', '1', '1', null, 'EQ', 'textarea', '', '11', 'admin', '2023-10-07 16:31:05', '', '2023-10-07 17:54:24');
INSERT INTO `gen_table_column` VALUES ('249', '25', 'check_receipt_detail_id', '入库明细ID', 'bigint(20)', 'Long', 'checkReceiptDetailId', '1', '1', null, '1', null, null, null, 'EQ', 'input', '', '1', 'admin', '2023-10-07 16:31:05', '', '2023-10-07 17:49:08');
INSERT INTO `gen_table_column` VALUES ('250', '25', 'check_receipt_id', '入库单据', 'bigint(20)', 'Long', 'checkReceiptId', '0', '0', null, '1', '1', '1', '1', 'EQ', 'input', '', '2', 'admin', '2023-10-07 16:31:05', '', '2023-10-07 17:49:08');
INSERT INTO `gen_table_column` VALUES ('251', '25', 'goods_id', '物品ID', 'bigint(20)', 'Long', 'goodsId', '0', '0', '1', '1', '1', '1', '1', 'EQ', 'input', '', '3', 'admin', '2023-10-07 16:31:05', '', '2023-10-07 17:49:08');
INSERT INTO `gen_table_column` VALUES ('252', '25', 'goods_change_number', '盘点变化数量', 'decimal(10,2)', 'BigDecimal', 'goodsChangeNumber', '0', '0', null, '1', '1', '1', '1', 'EQ', 'input', '', '4', 'admin', '2023-10-07 16:31:05', '', '2023-10-07 17:49:08');
INSERT INTO `gen_table_column` VALUES ('253', '25', 'goods_old_number', '物品原数量', 'decimal(10,2)', 'BigDecimal', 'goodsOldNumber', '0', '0', null, '1', '1', '1', '1', 'EQ', 'input', '', '5', 'admin', '2023-10-07 16:31:05', '', '2023-10-07 17:49:08');
INSERT INTO `gen_table_column` VALUES ('254', '25', 'goods_new_number', '物品盘点后数量', 'decimal(10,2)', 'BigDecimal', 'goodsNewNumber', '0', '0', null, '1', '1', '1', '1', 'EQ', 'input', '', '6', 'admin', '2023-10-07 16:31:05', '', '2023-10-07 17:49:08');
INSERT INTO `gen_table_column` VALUES ('255', '25', 'remark', '备注', 'varchar(255)', 'String', 'remark', '0', '0', null, '1', '1', '1', null, 'EQ', 'input', '', '7', 'admin', '2023-10-07 16:31:05', '', '2023-10-07 17:49:08');
INSERT INTO `gen_table_column` VALUES ('256', '26', 'warn_id', null, 'bigint(20)', 'Long', 'warnId', '1', '1', null, '1', null, null, null, 'EQ', 'input', '', '1', 'admin', '2023-10-08 20:26:49', '', '2023-10-08 20:27:25');
INSERT INTO `gen_table_column` VALUES ('257', '26', 'goods_id', null, 'bigint(20)', 'Long', 'goodsId', '0', '0', null, '1', '1', '1', '1', 'EQ', 'input', '', '2', 'admin', '2023-10-08 20:26:49', '', '2023-10-08 20:27:25');
INSERT INTO `gen_table_column` VALUES ('258', '26', 'goods_name', null, 'varchar(255)', 'String', 'goodsName', '0', '0', null, '1', '1', '1', '1', 'LIKE', 'input', '', '3', 'admin', '2023-10-08 20:26:49', '', '2023-10-08 20:27:25');
INSERT INTO `gen_table_column` VALUES ('259', '26', 'stock_number', null, 'decimal(10,0)', 'Long', 'stockNumber', '0', '0', null, '1', '1', '1', '1', 'EQ', 'input', '', '4', 'admin', '2023-10-08 20:26:49', '', '2023-10-08 20:27:25');
INSERT INTO `gen_table_column` VALUES ('260', '26', 'warehouse_id', null, 'bigint(20)', 'Long', 'warehouseId', '0', '0', null, '1', '1', '1', '1', 'EQ', 'input', '', '5', 'admin', '2023-10-08 20:26:49', '', '2023-10-08 20:27:25');
INSERT INTO `gen_table_column` VALUES ('261', '26', 'max_stock', null, 'decimal(10,0)', 'Long', 'maxStock', '0', '0', null, '1', '1', '1', '1', 'EQ', 'input', '', '6', 'admin', '2023-10-08 20:26:49', '', '2023-10-08 20:27:25');
INSERT INTO `gen_table_column` VALUES ('262', '26', 'min_stock', null, 'decimal(10,0)', 'Long', 'minStock', '0', '0', null, '1', '1', '1', '1', 'EQ', 'input', '', '7', 'admin', '2023-10-08 20:26:49', '', '2023-10-08 20:27:25');
INSERT INTO `gen_table_column` VALUES ('263', '26', 'warn_time', null, 'datetime', 'Date', 'warnTime', '0', '0', null, '1', '1', '1', '1', 'EQ', 'datetime', '', '8', 'admin', '2023-10-08 20:26:49', '', '2023-10-08 20:27:25');
INSERT INTO `gen_table_column` VALUES ('264', '27', 'dept_id', null, 'bigint(20)', 'Long', 'deptId', '1', '0', null, '1', null, null, null, 'EQ', 'input', '', '1', 'lc', '2023-10-10 20:15:10', '', '2023-10-11 22:42:10');
INSERT INTO `gen_table_column` VALUES ('265', '27', 'user_id', null, 'bigint(20)', 'Long', 'userId', '0', '0', '1', '1', '1', '1', '1', 'EQ', 'fileUpload', '', '2', 'lc', '2023-10-10 20:15:10', '', '2023-10-11 22:42:10');
INSERT INTO `gen_table_column` VALUES ('266', '27', 'job_title_code', null, 'varchar(255)', 'String', 'jobTitleCode', '0', '0', '1', '1', '1', '1', '1', 'EQ', 'input', '', '3', 'lc', '2023-10-10 20:15:10', '', '2023-10-11 22:42:10');

-- ----------------------------
-- Table structure for qrtz_calendars
-- ----------------------------
DROP TABLE IF EXISTS `qrtz_calendars`;
CREATE TABLE `qrtz_calendars` (
  `sched_name` varchar(120) NOT NULL COMMENT '调度名称',
  `calendar_name` varchar(200) NOT NULL COMMENT '日历名称',
  `calendar` blob NOT NULL COMMENT '存放持久化calendar对象',
  PRIMARY KEY (`sched_name`,`calendar_name`)
) ENGINE=InnoDB DEFAULT CHARSET=utf8mb4 COMMENT='日历信息表';

-- ----------------------------
-- Records of qrtz_calendars
-- ----------------------------

-- ----------------------------
-- Table structure for qrtz_cron_triggers
-- ----------------------------
DROP TABLE IF EXISTS `qrtz_cron_triggers`;
CREATE TABLE `qrtz_cron_triggers` (
  `sched_name` varchar(120) NOT NULL COMMENT '调度名称',
  `trigger_name` varchar(200) NOT NULL COMMENT 'qrtz_triggers表trigger_name的外键',
  `trigger_group` varchar(200) NOT NULL COMMENT 'qrtz_triggers表trigger_group的外键',
  `cron_expression` varchar(200) NOT NULL COMMENT 'cron表达式',
  `time_zone_id` varchar(80) DEFAULT NULL COMMENT '时区',
  PRIMARY KEY (`sched_name`,`trigger_name`,`trigger_group`),
  CONSTRAINT `qrtz_cron_triggers_ibfk_1` FOREIGN KEY (`sched_name`, `trigger_name`, `trigger_group`) REFERENCES `qrtz_triggers` (`sched_name`, `trigger_name`, `trigger_group`)
) ENGINE=InnoDB DEFAULT CHARSET=utf8mb4 COMMENT='Cron类型的触发器表';

-- ----------------------------
-- Records of qrtz_cron_triggers
-- ----------------------------

-- ----------------------------
-- Table structure for qrtz_fired_triggers
-- ----------------------------
DROP TABLE IF EXISTS `qrtz_fired_triggers`;
CREATE TABLE `qrtz_fired_triggers` (
  `sched_name` varchar(120) NOT NULL COMMENT '调度名称',
  `entry_id` varchar(95) NOT NULL COMMENT '调度器实例id',
  `trigger_name` varchar(200) NOT NULL COMMENT 'qrtz_triggers表trigger_name的外键',
  `trigger_group` varchar(200) NOT NULL COMMENT 'qrtz_triggers表trigger_group的外键',
  `instance_name` varchar(200) NOT NULL COMMENT '调度器实例名',
  `fired_time` bigint(13) NOT NULL COMMENT '触发的时间',
  `sched_time` bigint(13) NOT NULL COMMENT '定时器制定的时间',
  `priority` int(11) NOT NULL COMMENT '优先级',
  `state` varchar(16) NOT NULL COMMENT '状态',
  `job_name` varchar(200) DEFAULT NULL COMMENT '任务名称',
  `job_group` varchar(200) DEFAULT NULL COMMENT '任务组名',
  `is_nonconcurrent` varchar(1) DEFAULT NULL COMMENT '是否并发',
  `requests_recovery` varchar(1) DEFAULT NULL COMMENT '是否接受恢复执行',
  PRIMARY KEY (`sched_name`,`entry_id`)
) ENGINE=InnoDB DEFAULT CHARSET=utf8mb4 COMMENT='已触发的触发器表';

-- ----------------------------
-- Records of qrtz_fired_triggers
-- ----------------------------

-- ----------------------------
-- Table structure for qrtz_job_details
-- ----------------------------
DROP TABLE IF EXISTS `qrtz_job_details`;
CREATE TABLE `qrtz_job_details` (
  `sched_name` varchar(120) NOT NULL COMMENT '调度名称',
  `job_name` varchar(200) NOT NULL COMMENT '任务名称',
  `job_group` varchar(200) NOT NULL COMMENT '任务组名',
  `description` varchar(250) DEFAULT NULL COMMENT '相关介绍',
  `job_class_name` varchar(250) NOT NULL COMMENT '执行任务类名称',
  `is_durable` varchar(1) NOT NULL COMMENT '是否持久化',
  `is_nonconcurrent` varchar(1) NOT NULL COMMENT '是否并发',
  `is_update_data` varchar(1) NOT NULL COMMENT '是否更新数据',
  `requests_recovery` varchar(1) NOT NULL COMMENT '是否接受恢复执行',
  `job_data` blob COMMENT '存放持久化job对象',
  PRIMARY KEY (`sched_name`,`job_name`,`job_group`)
) ENGINE=InnoDB DEFAULT CHARSET=utf8mb4 COMMENT='任务详细信息表';

-- ----------------------------
-- Records of qrtz_job_details
-- ----------------------------

-- ----------------------------
-- Table structure for qrtz_locks
-- ----------------------------
DROP TABLE IF EXISTS `qrtz_locks`;
CREATE TABLE `qrtz_locks` (
  `sched_name` varchar(120) NOT NULL COMMENT '调度名称',
  `lock_name` varchar(40) NOT NULL COMMENT '悲观锁名称',
  PRIMARY KEY (`sched_name`,`lock_name`)
) ENGINE=InnoDB DEFAULT CHARSET=utf8mb4 COMMENT='存储的悲观锁信息表';

-- ----------------------------
-- Records of qrtz_locks
-- ----------------------------

-- ----------------------------
-- Table structure for qrtz_paused_trigger_grps
-- ----------------------------
DROP TABLE IF EXISTS `qrtz_paused_trigger_grps`;
CREATE TABLE `qrtz_paused_trigger_grps` (
  `sched_name` varchar(120) NOT NULL COMMENT '调度名称',
  `trigger_group` varchar(200) NOT NULL COMMENT 'qrtz_triggers表trigger_group的外键',
  PRIMARY KEY (`sched_name`,`trigger_group`)
) ENGINE=InnoDB DEFAULT CHARSET=utf8mb4 COMMENT='暂停的触发器表';

-- ----------------------------
-- Records of qrtz_paused_trigger_grps
-- ----------------------------

-- ----------------------------
-- Table structure for qrtz_scheduler_state
-- ----------------------------
DROP TABLE IF EXISTS `qrtz_scheduler_state`;
CREATE TABLE `qrtz_scheduler_state` (
  `sched_name` varchar(120) NOT NULL COMMENT '调度名称',
  `instance_name` varchar(200) NOT NULL COMMENT '实例名称',
  `last_checkin_time` bigint(13) NOT NULL COMMENT '上次检查时间',
  `checkin_interval` bigint(13) NOT NULL COMMENT '检查间隔时间',
  PRIMARY KEY (`sched_name`,`instance_name`)
) ENGINE=InnoDB DEFAULT CHARSET=utf8mb4 COMMENT='调度器状态表';

-- ----------------------------
-- Records of qrtz_scheduler_state
-- ----------------------------

-- ----------------------------
-- Table structure for qrtz_simple_triggers
-- ----------------------------
DROP TABLE IF EXISTS `qrtz_simple_triggers`;
CREATE TABLE `qrtz_simple_triggers` (
  `sched_name` varchar(120) NOT NULL COMMENT '调度名称',
  `trigger_name` varchar(200) NOT NULL COMMENT 'qrtz_triggers表trigger_name的外键',
  `trigger_group` varchar(200) NOT NULL COMMENT 'qrtz_triggers表trigger_group的外键',
  `repeat_count` bigint(7) NOT NULL COMMENT '重复的次数统计',
  `repeat_interval` bigint(12) NOT NULL COMMENT '重复的间隔时间',
  `times_triggered` bigint(10) NOT NULL COMMENT '已经触发的次数',
  PRIMARY KEY (`sched_name`,`trigger_name`,`trigger_group`),
  CONSTRAINT `qrtz_simple_triggers_ibfk_1` FOREIGN KEY (`sched_name`, `trigger_name`, `trigger_group`) REFERENCES `qrtz_triggers` (`sched_name`, `trigger_name`, `trigger_group`)
) ENGINE=InnoDB DEFAULT CHARSET=utf8mb4 COMMENT='简单触发器的信息表';

-- ----------------------------
-- Records of qrtz_simple_triggers
-- ----------------------------

-- ----------------------------
-- Table structure for qrtz_simprop_triggers
-- ----------------------------
DROP TABLE IF EXISTS `qrtz_simprop_triggers`;
CREATE TABLE `qrtz_simprop_triggers` (
  `sched_name` varchar(120) NOT NULL COMMENT '调度名称',
  `trigger_name` varchar(200) NOT NULL COMMENT 'qrtz_triggers表trigger_name的外键',
  `trigger_group` varchar(200) NOT NULL COMMENT 'qrtz_triggers表trigger_group的外键',
  `str_prop_1` varchar(512) DEFAULT NULL COMMENT 'String类型的trigger的第一个参数',
  `str_prop_2` varchar(512) DEFAULT NULL COMMENT 'String类型的trigger的第二个参数',
  `str_prop_3` varchar(512) DEFAULT NULL COMMENT 'String类型的trigger的第三个参数',
  `int_prop_1` int(11) DEFAULT NULL COMMENT 'int类型的trigger的第一个参数',
  `int_prop_2` int(11) DEFAULT NULL COMMENT 'int类型的trigger的第二个参数',
  `long_prop_1` bigint(20) DEFAULT NULL COMMENT 'long类型的trigger的第一个参数',
  `long_prop_2` bigint(20) DEFAULT NULL COMMENT 'long类型的trigger的第二个参数',
  `dec_prop_1` decimal(13,4) DEFAULT NULL COMMENT 'decimal类型的trigger的第一个参数',
  `dec_prop_2` decimal(13,4) DEFAULT NULL COMMENT 'decimal类型的trigger的第二个参数',
  `bool_prop_1` varchar(1) DEFAULT NULL COMMENT 'Boolean类型的trigger的第一个参数',
  `bool_prop_2` varchar(1) DEFAULT NULL COMMENT 'Boolean类型的trigger的第二个参数',
  PRIMARY KEY (`sched_name`,`trigger_name`,`trigger_group`),
  CONSTRAINT `qrtz_simprop_triggers_ibfk_1` FOREIGN KEY (`sched_name`, `trigger_name`, `trigger_group`) REFERENCES `qrtz_triggers` (`sched_name`, `trigger_name`, `trigger_group`)
) ENGINE=InnoDB DEFAULT CHARSET=utf8mb4 COMMENT='同步机制的行锁表';

-- ----------------------------
-- Records of qrtz_simprop_triggers
-- ----------------------------

-- ----------------------------
-- Table structure for qrtz_triggers
-- ----------------------------
DROP TABLE IF EXISTS `qrtz_triggers`;
CREATE TABLE `qrtz_triggers` (
  `sched_name` varchar(120) NOT NULL COMMENT '调度名称',
  `trigger_name` varchar(200) NOT NULL COMMENT '触发器的名字',
  `trigger_group` varchar(200) NOT NULL COMMENT '触发器所属组的名字',
  `job_name` varchar(200) NOT NULL COMMENT 'qrtz_job_details表job_name的外键',
  `job_group` varchar(200) NOT NULL COMMENT 'qrtz_job_details表job_group的外键',
  `description` varchar(250) DEFAULT NULL COMMENT '相关介绍',
  `next_fire_time` bigint(13) DEFAULT NULL COMMENT '上一次触发时间（毫秒）',
  `prev_fire_time` bigint(13) DEFAULT NULL COMMENT '下一次触发时间（默认为-1表示不触发）',
  `priority` int(11) DEFAULT NULL COMMENT '优先级',
  `trigger_state` varchar(16) NOT NULL COMMENT '触发器状态',
  `trigger_type` varchar(8) NOT NULL COMMENT '触发器的类型',
  `start_time` bigint(13) NOT NULL COMMENT '开始时间',
  `end_time` bigint(13) DEFAULT NULL COMMENT '结束时间',
  `calendar_name` varchar(200) DEFAULT NULL COMMENT '日程表名称',
  `misfire_instr` smallint(2) DEFAULT NULL COMMENT '补偿执行的策略',
  `job_data` blob COMMENT '存放持久化job对象',
  PRIMARY KEY (`sched_name`,`trigger_name`,`trigger_group`),
  KEY `sched_name` (`sched_name`,`job_name`,`job_group`),
  CONSTRAINT `qrtz_triggers_ibfk_1` FOREIGN KEY (`sched_name`, `job_name`, `job_group`) REFERENCES `qrtz_job_details` (`sched_name`, `job_name`, `job_group`)
) ENGINE=InnoDB DEFAULT CHARSET=utf8mb4 COMMENT='触发器详细信息表';

-- ----------------------------
-- Records of qrtz_triggers
-- ----------------------------

-- ----------------------------
-- Table structure for sys_config
-- ----------------------------
DROP TABLE IF EXISTS `sys_config`;
CREATE TABLE `sys_config` (
  `config_id` int(5) NOT NULL AUTO_INCREMENT COMMENT '参数主键',
  `config_name` varchar(100) DEFAULT '' COMMENT '参数名称',
  `config_key` varchar(100) DEFAULT '' COMMENT '参数键名',
  `config_value` varchar(500) DEFAULT '' COMMENT '参数键值',
  `config_type` char(1) DEFAULT 'N' COMMENT '系统内置（Y是 N否）',
  `create_by` varchar(64) DEFAULT '' COMMENT '创建者',
  `create_time` datetime DEFAULT NULL COMMENT '创建时间',
  `update_by` varchar(64) DEFAULT '' COMMENT '更新者',
  `update_time` datetime DEFAULT NULL COMMENT '更新时间',
  `remark` varchar(500) DEFAULT NULL COMMENT '备注',
  PRIMARY KEY (`config_id`)
) ENGINE=InnoDB AUTO_INCREMENT=6 DEFAULT CHARSET=utf8mb4 COMMENT='参数配置表';

-- ----------------------------
-- Records of sys_config
-- ----------------------------
INSERT INTO `sys_config` VALUES ('1', '主框架页-默认皮肤样式名称', 'sys.index.skinName', 'skin-blue', 'Y', 'admin', '2023-09-04 09:52:16', '', null, '蓝色 skin-blue、绿色 skin-green、紫色 skin-purple、红色 skin-red、黄色 skin-yellow');
INSERT INTO `sys_config` VALUES ('2', '用户管理-账号初始密码', 'sys.user.initPassword', '123456', 'Y', 'admin', '2023-09-04 09:52:16', '', null, '初始化密码 123456');
INSERT INTO `sys_config` VALUES ('3', '主框架页-侧边栏主题', 'sys.index.sideTheme', 'theme-dark', 'Y', 'admin', '2023-09-04 09:52:16', '', null, '深色主题theme-dark，浅色主题theme-light');
INSERT INTO `sys_config` VALUES ('4', '账号自助-验证码开关', 'sys.account.captchaEnabled', 'true', 'Y', 'admin', '2023-09-04 09:52:16', '', null, '是否开启验证码功能（true开启，false关闭）');
INSERT INTO `sys_config` VALUES ('5', '账号自助-是否开启用户注册功能', 'sys.account.registerUser', 'false', 'Y', 'admin', '2023-09-04 09:52:16', '', null, '是否开启注册用户功能（true开启，false关闭）');

-- ----------------------------
-- Table structure for sys_dept
-- ----------------------------
DROP TABLE IF EXISTS `sys_dept`;
CREATE TABLE `sys_dept` (
  `dept_id` bigint(20) NOT NULL AUTO_INCREMENT COMMENT '部门id',
  `parent_id` bigint(20) DEFAULT '0' COMMENT '父部门id',
  `ancestors` varchar(50) DEFAULT '' COMMENT '祖级列表',
  `dept_name` varchar(30) DEFAULT '' COMMENT '部门名称',
  `order_num` int(4) DEFAULT '0' COMMENT '显示顺序',
  `leader` varchar(20) DEFAULT NULL COMMENT '负责人',
  `phone` varchar(11) DEFAULT NULL COMMENT '联系电话',
  `email` varchar(50) DEFAULT NULL COMMENT '邮箱',
  `status` char(1) DEFAULT '0' COMMENT '部门状态（0正常 1停用）',
  `del_flag` char(1) DEFAULT '0' COMMENT '删除标志（0代表存在 2代表删除）',
  `create_by` varchar(64) DEFAULT '' COMMENT '创建者',
  `create_time` datetime DEFAULT NULL COMMENT '创建时间',
  `update_by` varchar(64) DEFAULT '' COMMENT '更新者',
  `update_time` datetime DEFAULT NULL COMMENT '更新时间',
  PRIMARY KEY (`dept_id`)
) ENGINE=InnoDB AUTO_INCREMENT=102 DEFAULT CHARSET=utf8mb4 COMMENT='部门表';

-- ----------------------------
-- Records of sys_dept
-- ----------------------------
INSERT INTO `sys_dept` VALUES ('100', '0', '0', '飞修科技有限公司', '0', '', '', '', '0', '0', 'admin', '2023-09-04 09:52:09', 'admin', '2023-09-25 20:36:44');
INSERT INTO `sys_dept` VALUES ('101', '100', '0,100', '信息部', '1', '', '', '', '0', '0', 'admin', '2023-09-04 09:52:09', 'admin', '2023-09-25 20:37:03');

-- ----------------------------
-- Table structure for sys_dept_job_title
-- ----------------------------
DROP TABLE IF EXISTS `sys_dept_job_title`;
CREATE TABLE `sys_dept_job_title` (
  `dept_id` bigint(20) NOT NULL,
  `user_id` bigint(20) NOT NULL,
  `job_title_code` varchar(255) NOT NULL,
  PRIMARY KEY (`dept_id`)
) ENGINE=InnoDB DEFAULT CHARSET=utf8mb4 COMMENT='部门矩阵表';

-- ----------------------------
-- Records of sys_dept_job_title
-- ----------------------------
INSERT INTO `sys_dept_job_title` VALUES ('101', '3', '80800001');

-- ----------------------------
-- Table structure for sys_dict_data
-- ----------------------------
DROP TABLE IF EXISTS `sys_dict_data`;
CREATE TABLE `sys_dict_data` (
  `dict_code` bigint(20) NOT NULL AUTO_INCREMENT COMMENT '字典编码',
  `dict_sort` int(4) DEFAULT '0' COMMENT '字典排序',
  `dict_label` varchar(100) DEFAULT '' COMMENT '字典标签',
  `dict_value` varchar(100) DEFAULT '' COMMENT '字典键值',
  `dict_type` varchar(100) DEFAULT '' COMMENT '字典类型',
  `css_class` varchar(100) DEFAULT NULL COMMENT '样式属性（其他样式扩展）',
  `list_class` varchar(100) DEFAULT NULL COMMENT '表格回显样式',
  `is_default` char(1) DEFAULT 'N' COMMENT '是否默认（Y是 N否）',
  `status` char(1) DEFAULT '0' COMMENT '状态（0正常 1停用）',
  `create_by` varchar(64) DEFAULT '' COMMENT '创建者',
  `create_time` datetime DEFAULT NULL COMMENT '创建时间',
  `update_by` varchar(64) DEFAULT '' COMMENT '更新者',
  `update_time` datetime DEFAULT NULL COMMENT '更新时间',
  `remark` varchar(500) DEFAULT NULL COMMENT '备注',
  PRIMARY KEY (`dict_code`)
) ENGINE=InnoDB AUTO_INCREMENT=70 DEFAULT CHARSET=utf8mb4 COMMENT='字典数据表';

-- ----------------------------
-- Records of sys_dict_data
-- ----------------------------
INSERT INTO `sys_dict_data` VALUES ('1', '1', '男', '0', 'sys_user_sex', '', '', 'Y', '0', 'admin', '2023-09-04 09:52:15', '', null, '性别男');
INSERT INTO `sys_dict_data` VALUES ('2', '2', '女', '1', 'sys_user_sex', '', '', 'N', '0', 'admin', '2023-09-04 09:52:15', '', null, '性别女');
INSERT INTO `sys_dict_data` VALUES ('3', '3', '未知', '2', 'sys_user_sex', '', '', 'N', '0', 'admin', '2023-09-04 09:52:15', '', null, '性别未知');
INSERT INTO `sys_dict_data` VALUES ('4', '1', '显示', '0', 'sys_show_hide', '', 'primary', 'Y', '0', 'admin', '2023-09-04 09:52:15', '', null, '显示菜单');
INSERT INTO `sys_dict_data` VALUES ('5', '2', '隐藏', '1', 'sys_show_hide', '', 'danger', 'N', '0', 'admin', '2023-09-04 09:52:15', '', null, '隐藏菜单');
INSERT INTO `sys_dict_data` VALUES ('6', '1', '正常', '0', 'sys_normal_disable', '', 'primary', 'Y', '0', 'admin', '2023-09-04 09:52:15', '', null, '正常状态');
INSERT INTO `sys_dict_data` VALUES ('7', '2', '停用', '1', 'sys_normal_disable', '', 'danger', 'N', '0', 'admin', '2023-09-04 09:52:15', '', null, '停用状态');
INSERT INTO `sys_dict_data` VALUES ('8', '1', '正常', '0', 'sys_job_status', '', 'primary', 'Y', '0', 'admin', '2023-09-04 09:52:15', '', null, '正常状态');
INSERT INTO `sys_dict_data` VALUES ('9', '2', '暂停', '1', 'sys_job_status', '', 'danger', 'N', '0', 'admin', '2023-09-04 09:52:15', '', null, '停用状态');
INSERT INTO `sys_dict_data` VALUES ('10', '1', '默认', 'DEFAULT', 'sys_job_group', '', '', 'Y', '0', 'admin', '2023-09-04 09:52:15', '', null, '默认分组');
INSERT INTO `sys_dict_data` VALUES ('11', '2', '系统', 'SYSTEM', 'sys_job_group', '', '', 'N', '0', 'admin', '2023-09-04 09:52:15', '', null, '系统分组');
INSERT INTO `sys_dict_data` VALUES ('12', '1', '是', 'Y', 'sys_yes_no', '', 'primary', 'Y', '0', 'admin', '2023-09-04 09:52:15', '', null, '系统默认是');
INSERT INTO `sys_dict_data` VALUES ('13', '2', '否', 'N', 'sys_yes_no', '', 'danger', 'N', '0', 'admin', '2023-09-04 09:52:15', '', null, '系统默认否');
INSERT INTO `sys_dict_data` VALUES ('14', '1', '通知', '1', 'sys_notice_type', '', 'warning', 'Y', '0', 'admin', '2023-09-04 09:52:15', '', null, '通知');
INSERT INTO `sys_dict_data` VALUES ('15', '2', '公告', '2', 'sys_notice_type', '', 'success', 'N', '0', 'admin', '2023-09-04 09:52:15', '', null, '公告');
INSERT INTO `sys_dict_data` VALUES ('16', '1', '正常', '0', 'sys_notice_status', '', 'primary', 'Y', '0', 'admin', '2023-09-04 09:52:15', '', null, '正常状态');
INSERT INTO `sys_dict_data` VALUES ('17', '2', '关闭', '1', 'sys_notice_status', '', 'danger', 'N', '0', 'admin', '2023-09-04 09:52:15', '', null, '关闭状态');
INSERT INTO `sys_dict_data` VALUES ('18', '99', '其他', '0', 'sys_oper_type', '', 'info', 'N', '0', 'admin', '2023-09-04 09:52:15', '', null, '其他操作');
INSERT INTO `sys_dict_data` VALUES ('19', '1', '新增', '1', 'sys_oper_type', '', 'info', 'N', '0', 'admin', '2023-09-04 09:52:15', '', null, '新增操作');
INSERT INTO `sys_dict_data` VALUES ('20', '2', '修改', '2', 'sys_oper_type', '', 'info', 'N', '0', 'admin', '2023-09-04 09:52:15', '', null, '修改操作');
INSERT INTO `sys_dict_data` VALUES ('21', '3', '删除', '3', 'sys_oper_type', '', 'danger', 'N', '0', 'admin', '2023-09-04 09:52:15', '', null, '删除操作');
INSERT INTO `sys_dict_data` VALUES ('22', '4', '授权', '4', 'sys_oper_type', '', 'primary', 'N', '0', 'admin', '2023-09-04 09:52:15', '', null, '授权操作');
INSERT INTO `sys_dict_data` VALUES ('23', '5', '导出', '5', 'sys_oper_type', '', 'warning', 'N', '0', 'admin', '2023-09-04 09:52:15', '', null, '导出操作');
INSERT INTO `sys_dict_data` VALUES ('24', '6', '导入', '6', 'sys_oper_type', '', 'warning', 'N', '0', 'admin', '2023-09-04 09:52:15', '', null, '导入操作');
INSERT INTO `sys_dict_data` VALUES ('25', '7', '强退', '7', 'sys_oper_type', '', 'danger', 'N', '0', 'admin', '2023-09-04 09:52:15', '', null, '强退操作');
INSERT INTO `sys_dict_data` VALUES ('26', '8', '生成代码', '8', 'sys_oper_type', '', 'warning', 'N', '0', 'admin', '2023-09-04 09:52:15', '', null, '生成操作');
INSERT INTO `sys_dict_data` VALUES ('27', '9', '清空数据', '9', 'sys_oper_type', '', 'danger', 'N', '0', 'admin', '2023-09-04 09:52:15', '', null, '清空操作');
INSERT INTO `sys_dict_data` VALUES ('28', '1', '成功', '0', 'sys_common_status', '', 'primary', 'N', '0', 'admin', '2023-09-04 09:52:15', '', null, '正常状态');
INSERT INTO `sys_dict_data` VALUES ('29', '2', '失败', '1', 'sys_common_status', '', 'danger', 'N', '0', 'admin', '2023-09-04 09:52:15', '', null, '停用状态');
INSERT INTO `sys_dict_data` VALUES ('30', '1', '年', '1', 'sys_date_type', null, 'default', 'N', '0', 'admin', '2023-09-07 19:01:22', 'admin', '2023-09-09 23:40:47', null);
INSERT INTO `sys_dict_data` VALUES ('31', '2', '月', '2', 'sys_date_type', null, 'default', 'N', '0', 'admin', '2023-09-07 19:01:30', 'admin', '2023-09-09 23:40:58', null);
INSERT INTO `sys_dict_data` VALUES ('32', '3', '天', '3', 'sys_date_type', null, 'default', 'N', '0', 'admin', '2023-09-07 19:01:41', 'admin', '2023-09-09 23:41:06', null);
INSERT INTO `sys_dict_data` VALUES ('33', '0', '大功率', '1', 'goods_specification', null, 'default', 'N', '0', 'admin', '2023-09-07 19:03:55', 'admin', '2023-09-15 15:29:09', null);
INSERT INTO `sys_dict_data` VALUES ('34', '0', '米', '1', 'goods_unit', null, 'default', 'N', '0', 'admin', '2023-09-07 19:04:16', '', null, null);
INSERT INTO `sys_dict_data` VALUES ('35', '0', '黄', '1', 'goods_color', '', 'default', 'N', '0', 'admin', '2023-09-07 19:04:34', 'admin', '2023-09-16 16:50:00', null);
INSERT INTO `sys_dict_data` VALUES ('36', '1', '维修师傅', '1', 'customer_type', null, 'default', 'N', '0', 'admin', '2023-09-09 11:08:03', '', null, null);
INSERT INTO `sys_dict_data` VALUES ('37', '1', '总部仓库', '1', 'warehouse_type', null, 'default', 'N', '0', 'admin', '2023-09-09 12:31:17', '', null, null);
INSERT INTO `sys_dict_data` VALUES ('38', '2', '个人仓库', '2', 'warehouse_type', null, 'default', 'N', '0', 'admin', '2023-09-09 12:33:16', '', null, null);
INSERT INTO `sys_dict_data` VALUES ('39', '1', '采购入库', '1', 'inreceipt_type', null, 'default', 'N', '0', 'admin', '2023-09-09 17:49:47', '', null, null);
INSERT INTO `sys_dict_data` VALUES ('40', '98', '调拨入库', '98', 'inreceipt_type', null, 'default', 'N', '0', 'admin', '2023-09-09 17:50:01', 'admin', '2023-09-17 20:14:46', null);
INSERT INTO `sys_dict_data` VALUES ('41', '1', '草稿', '1', 'receipt_state', null, 'warning', 'N', '0', 'admin', '2023-09-09 17:55:55', 'admin', '2023-09-10 21:14:56', null);
INSERT INTO `sys_dict_data` VALUES ('42', '3', '待审核', '3', 'receipt_state', null, 'primary', 'N', '0', 'admin', '2023-09-09 17:56:04', 'admin', '2023-09-16 17:39:36', null);
INSERT INTO `sys_dict_data` VALUES ('43', '4', '已完成', '4', 'receipt_state', null, 'success', 'N', '0', 'admin', '2023-09-09 17:56:23', 'admin', '2023-09-16 17:39:47', null);
INSERT INTO `sys_dict_data` VALUES ('44', '2', '待扫码', '2', 'receipt_state', null, 'danger', 'N', '0', 'admin', '2023-09-10 22:11:06', 'admin', '2023-09-16 17:39:27', null);
INSERT INTO `sys_dict_data` VALUES ('45', '1', '维修出库', '1', 'outreceipt_type', null, 'default', 'N', '0', 'admin', '2023-09-13 16:30:48', '', null, null);
INSERT INTO `sys_dict_data` VALUES ('46', '2', '个', '2', 'goods_unit', null, 'default', 'N', '0', 'admin', '2023-09-15 15:27:15', '', null, null);
INSERT INTO `sys_dict_data` VALUES ('47', '3', '只', '3', 'goods_unit', null, 'default', 'N', '0', 'admin', '2023-09-15 15:27:24', '', null, null);
INSERT INTO `sys_dict_data` VALUES ('48', '4', '箱', '4', 'goods_unit', null, 'default', 'N', '0', 'admin', '2023-09-15 15:27:39', '', null, null);
INSERT INTO `sys_dict_data` VALUES ('49', '2', '黑', '2', 'goods_color', null, 'default', 'N', '0', 'admin', '2023-09-15 15:27:51', '', null, null);
INSERT INTO `sys_dict_data` VALUES ('50', '2', '大码', '2', 'goods_specification', null, 'default', 'N', '0', 'admin', '2023-09-15 15:28:38', '', null, null);
INSERT INTO `sys_dict_data` VALUES ('52', '1', '领料调拨', '1', 'transfer_type', null, 'default', 'N', '0', 'admin', '2023-09-16 11:46:37', '', null, null);
INSERT INTO `sys_dict_data` VALUES ('53', '99', '调拨出库', '99', 'outreceipt_type', null, 'default', 'N', '0', 'admin', '2023-09-17 20:15:32', 'admin', '2023-09-17 20:15:47', null);
INSERT INTO `sys_dict_data` VALUES ('54', '0', '待审核', '1', 'apply_state', null, 'warning', 'N', '0', 'admin', '2023-09-19 16:51:16', '', null, null);
INSERT INTO `sys_dict_data` VALUES ('55', '0', '待出库', '2', 'apply_state', null, 'primary', 'N', '0', 'admin', '2023-09-19 16:51:44', 'admin', '2023-09-19 16:52:08', null);
INSERT INTO `sys_dict_data` VALUES ('56', '0', '已出库', '3', 'apply_state', null, 'success', 'N', '0', 'admin', '2023-09-19 16:51:57', '', null, null);
INSERT INTO `sys_dict_data` VALUES ('57', '0', '草稿', '0', 'apply_state', null, 'danger', 'N', '0', 'admin', '2023-09-20 15:35:57', '', null, null);
INSERT INTO `sys_dict_data` VALUES ('58', '100', '要货出库', '100', 'outreceipt_type', null, 'default', 'N', '0', 'admin', '2023-09-20 15:41:07', 'admin', '2023-09-20 15:41:13', null);
INSERT INTO `sys_dict_data` VALUES ('59', '0', '待扫码', '0', 'trace_state', null, 'warning', 'N', '0', 'admin', '2023-09-23 22:23:24', 'admin', '2023-09-23 22:24:19', null);
INSERT INTO `sys_dict_data` VALUES ('60', '1', '已入库', '1', 'trace_state', null, 'primary', 'N', '0', 'admin', '2023-09-23 22:23:36', 'admin', '2023-09-23 22:24:37', null);
INSERT INTO `sys_dict_data` VALUES ('61', '2', '已出库', '2', 'trace_state', null, 'success', 'N', '0', 'admin', '2023-09-23 22:23:50', 'admin', '2023-09-23 22:24:45', null);
INSERT INTO `sys_dict_data` VALUES ('62', '3', '已使用', '3', 'trace_state', null, 'info', 'N', '0', 'admin', '2023-09-23 22:24:01', 'admin', '2023-09-23 22:24:50', null);
INSERT INTO `sys_dict_data` VALUES ('63', '1', '盘点中', '1', 'check_state', null, 'primary', 'N', '0', 'admin', '2023-10-07 18:02:30', '', null, null);
INSERT INTO `sys_dict_data` VALUES ('64', '2', '已完成', '2', 'check_state', null, 'success', 'N', '0', 'admin', '2023-10-07 18:02:42', 'admin', '2023-10-07 18:02:51', null);
INSERT INTO `sys_dict_data` VALUES ('65', '1', '部门主管', '80800001', 'dept_job_type', null, 'default', 'N', '0', 'admin', '2023-10-10 16:27:07', '', null, null);
INSERT INTO `sys_dict_data` VALUES ('66', '2', '部门经理', '80800002', 'dept_job_type', null, 'default', 'N', '0', 'admin', '2023-10-10 16:27:19', '', null, null);
INSERT INTO `sys_dict_data` VALUES ('67', '3', '部门总监', '80800003', 'dept_job_type', null, 'default', 'N', '0', 'admin', '2023-10-10 16:32:19', '', null, null);
INSERT INTO `sys_dict_data` VALUES ('68', '1', '考勤专员', '90900001', 'org_job_type', null, 'default', 'N', '0', 'admin', '2023-10-10 16:38:15', '', null, null);
INSERT INTO `sys_dict_data` VALUES ('69', '2', '人事专员', '90900002', 'org_job_type', null, 'default', 'N', '0', 'admin', '2023-10-10 16:38:33', '', null, null);

-- ----------------------------
-- Table structure for sys_dict_type
-- ----------------------------
DROP TABLE IF EXISTS `sys_dict_type`;
CREATE TABLE `sys_dict_type` (
  `dict_id` bigint(20) NOT NULL AUTO_INCREMENT COMMENT '字典主键',
  `dict_name` varchar(100) DEFAULT '' COMMENT '字典名称',
  `dict_type` varchar(100) DEFAULT '' COMMENT '字典类型',
  `status` char(1) DEFAULT '0' COMMENT '状态（0正常 1停用）',
  `create_by` varchar(64) DEFAULT '' COMMENT '创建者',
  `create_time` datetime DEFAULT NULL COMMENT '创建时间',
  `update_by` varchar(64) DEFAULT '' COMMENT '更新者',
  `update_time` datetime DEFAULT NULL COMMENT '更新时间',
  `remark` varchar(500) DEFAULT NULL COMMENT '备注',
  PRIMARY KEY (`dict_id`),
  UNIQUE KEY `dict_type` (`dict_type`)
) ENGINE=InnoDB AUTO_INCREMENT=26 DEFAULT CHARSET=utf8mb4 COMMENT='字典类型表';

-- ----------------------------
-- Records of sys_dict_type
-- ----------------------------
INSERT INTO `sys_dict_type` VALUES ('1', '用户性别', 'sys_user_sex', '0', 'admin', '2023-09-04 09:52:14', '', null, '用户性别列表');
INSERT INTO `sys_dict_type` VALUES ('2', '菜单状态', 'sys_show_hide', '0', 'admin', '2023-09-04 09:52:14', '', null, '菜单状态列表');
INSERT INTO `sys_dict_type` VALUES ('3', '系统开关', 'sys_normal_disable', '0', 'admin', '2023-09-04 09:52:14', '', null, '系统开关列表');
INSERT INTO `sys_dict_type` VALUES ('4', '任务状态', 'sys_job_status', '0', 'admin', '2023-09-04 09:52:15', '', null, '任务状态列表');
INSERT INTO `sys_dict_type` VALUES ('5', '任务分组', 'sys_job_group', '0', 'admin', '2023-09-04 09:52:15', '', null, '任务分组列表');
INSERT INTO `sys_dict_type` VALUES ('6', '系统是否', 'sys_yes_no', '0', 'admin', '2023-09-04 09:52:15', '', null, '系统是否列表');
INSERT INTO `sys_dict_type` VALUES ('7', '通知类型', 'sys_notice_type', '0', 'admin', '2023-09-04 09:52:15', '', null, '通知类型列表');
INSERT INTO `sys_dict_type` VALUES ('8', '通知状态', 'sys_notice_status', '0', 'admin', '2023-09-04 09:52:15', '', null, '通知状态列表');
INSERT INTO `sys_dict_type` VALUES ('9', '操作类型', 'sys_oper_type', '0', 'admin', '2023-09-04 09:52:15', '', null, '操作类型列表');
INSERT INTO `sys_dict_type` VALUES ('10', '系统状态', 'sys_common_status', '0', 'admin', '2023-09-04 09:52:15', '', null, '登录状态列表');
INSERT INTO `sys_dict_type` VALUES ('11', '物品单位', 'goods_unit', '0', 'admin', '2023-09-07 18:58:57', '', null, null);
INSERT INTO `sys_dict_type` VALUES ('12', '物品规格', 'goods_specification', '0', 'admin', '2023-09-07 18:59:30', '', null, null);
INSERT INTO `sys_dict_type` VALUES ('13', '物品颜色', 'goods_color', '0', 'admin', '2023-09-07 18:59:54', '', null, null);
INSERT INTO `sys_dict_type` VALUES ('14', '时间类型', 'sys_date_type', '0', 'admin', '2023-09-07 19:00:50', '', null, null);
INSERT INTO `sys_dict_type` VALUES ('15', '客户类型', 'customer_type', '0', 'admin', '2023-09-09 11:07:47', '', null, null);
INSERT INTO `sys_dict_type` VALUES ('16', '仓库类型', 'warehouse_type', '0', 'admin', '2023-09-09 12:30:30', '', null, '仓库类型');
INSERT INTO `sys_dict_type` VALUES ('17', '入库类型', 'inreceipt_type', '0', 'admin', '2023-09-09 17:49:34', '', null, ' 入库类型');
INSERT INTO `sys_dict_type` VALUES ('18', '单据状态', 'receipt_state', '0', 'admin', '2023-09-09 17:55:41', '', null, '单据状态');
INSERT INTO `sys_dict_type` VALUES ('19', '出库类型', 'outreceipt_type', '0', 'admin', '2023-09-13 16:30:16', 'admin', '2023-09-13 16:30:28', '出库类型');
INSERT INTO `sys_dict_type` VALUES ('20', '调拨类型', 'transfer_type', '0', 'admin', '2023-09-16 11:46:03', '', null, '调拨类型');
INSERT INTO `sys_dict_type` VALUES ('21', '要货状态', 'apply_state', '0', 'admin', '2023-09-19 16:50:20', '', null, '要货单据状态');
INSERT INTO `sys_dict_type` VALUES ('22', '溯源状态', 'trace_state', '0', 'admin', '2023-09-23 22:08:31', '', null, null);
INSERT INTO `sys_dict_type` VALUES ('23', '盘点状态', 'check_state', '0', 'admin', '2023-10-07 18:02:06', '', null, '盘点状态');
INSERT INTO `sys_dict_type` VALUES ('24', '部门矩阵', 'dept_job_type', '0', 'admin', '2023-10-10 16:26:19', '', null, '部门矩阵');
INSERT INTO `sys_dict_type` VALUES ('25', '机构矩阵', 'org_job_type', '0', 'admin', '2023-10-10 16:32:55', '', null, '机构矩阵');

-- ----------------------------
-- Table structure for sys_job
-- ----------------------------
DROP TABLE IF EXISTS `sys_job`;
CREATE TABLE `sys_job` (
  `job_id` bigint(20) NOT NULL AUTO_INCREMENT COMMENT '任务ID',
  `job_name` varchar(64) NOT NULL DEFAULT '' COMMENT '任务名称',
  `job_group` varchar(64) NOT NULL DEFAULT 'DEFAULT' COMMENT '任务组名',
  `invoke_target` varchar(500) NOT NULL COMMENT '调用目标字符串',
  `cron_expression` varchar(255) DEFAULT '' COMMENT 'cron执行表达式',
  `misfire_policy` varchar(20) DEFAULT '3' COMMENT '计划执行错误策略（1立即执行 2执行一次 3放弃执行）',
  `concurrent` char(1) DEFAULT '1' COMMENT '是否并发执行（0允许 1禁止）',
  `status` char(1) DEFAULT '0' COMMENT '状态（0正常 1暂停）',
  `create_by` varchar(64) DEFAULT '' COMMENT '创建者',
  `create_time` datetime DEFAULT NULL COMMENT '创建时间',
  `update_by` varchar(64) DEFAULT '' COMMENT '更新者',
  `update_time` datetime DEFAULT NULL COMMENT '更新时间',
  `remark` varchar(500) DEFAULT '' COMMENT '备注信息',
  PRIMARY KEY (`job_id`,`job_name`,`job_group`)
) ENGINE=InnoDB AUTO_INCREMENT=5 DEFAULT CHARSET=utf8mb4 COMMENT='定时任务调度表';

-- ----------------------------
-- Records of sys_job
-- ----------------------------
INSERT INTO `sys_job` VALUES ('1', '系统默认（无参）', 'DEFAULT', 'testTask.ryNoParams', '0/10 * * * * ?', '3', '1', '1', 'admin', '2023-09-06 19:50:36', 'admin', '2023-10-08 20:02:35', '');
INSERT INTO `sys_job` VALUES ('2', '系统默认（有参）', 'DEFAULT', 'ryTask.ryParams(\'ry\')', '0/15 * * * * ?', '3', '1', '1', 'admin', '2023-09-06 19:50:36', '', null, '');
INSERT INTO `sys_job` VALUES ('3', '系统默认（多参）', 'DEFAULT', 'ryTask.ryMultipleParams(\'ry\', true, 2000L, 316.50D, 100)', '0/20 * * * * ?', '3', '1', '1', 'admin', '2023-09-06 19:50:36', '', null, '');
INSERT INTO `sys_job` VALUES ('4', '库存预警', 'SYSTEM', 'warehouseTask.StockWarnJob()', '0 0 1 * * ?', '3', '1', '1', 'admin', '2023-10-08 20:48:05', '', null, '');

-- ----------------------------
-- Table structure for sys_job_log
-- ----------------------------
DROP TABLE IF EXISTS `sys_job_log`;
CREATE TABLE `sys_job_log` (
  `job_log_id` bigint(20) NOT NULL AUTO_INCREMENT COMMENT '任务日志ID',
  `job_name` varchar(64) NOT NULL COMMENT '任务名称',
  `job_group` varchar(64) NOT NULL COMMENT '任务组名',
  `invoke_target` varchar(500) NOT NULL COMMENT '调用目标字符串',
  `job_message` varchar(500) DEFAULT NULL COMMENT '日志信息',
  `status` char(1) DEFAULT '0' COMMENT '执行状态（0正常 1失败）',
  `exception_info` varchar(2000) DEFAULT '' COMMENT '异常信息',
  `create_time` datetime DEFAULT NULL COMMENT '创建时间',
  PRIMARY KEY (`job_log_id`)
) ENGINE=InnoDB AUTO_INCREMENT=12 DEFAULT CHARSET=utf8mb4 COMMENT='定时任务调度日志表';

-- ----------------------------
-- Records of sys_job_log
-- ----------------------------
INSERT INTO `sys_job_log` VALUES ('1', '系统默认（无参）', 'DEFAULT', 'testTask.ryNoParams', '系统默认（无参） 总共耗时：5967毫秒', '0', '', '2023-10-08 20:02:50');
INSERT INTO `sys_job_log` VALUES ('2', '库存预警', 'SYSTEM', 'warehouseTask.StockWarnJob()', '库存预警 总共耗时：19毫秒', '1', 'java.lang.reflect.InvocationTargetException\r\n	at sun.reflect.NativeMethodAccessorImpl.invoke0(Native Method)\r\n	at sun.reflect.NativeMethodAccessorImpl.invoke(NativeMethodAccessorImpl.java:62)\r\n	at sun.reflect.DelegatingMethodAccessorImpl.invoke(DelegatingMethodAccessorImpl.java:43)\r\n	at java.lang.reflect.Method.invoke(Method.java:498)\r\n	at com.xiaoyai.quartz.util.JobInvokeUtil.invokeMethod(JobInvokeUtil.java:61)\r\n	at com.xiaoyai.quartz.util.JobInvokeUtil.invokeMethod(JobInvokeUtil.java:33)\r\n	at com.xiaoyai.quartz.util.QuartzDisallowConcurrentExecution.doExecute(QuartzDisallowConcurrentExecution.java:19)\r\n	at com.xiaoyai.quartz.util.AbstractQuartzJob.execute(AbstractQuartzJob.java:44)\r\n	at org.quartz.core.JobRunShell.run(JobRunShell.java:202)\r\n	at org.quartz.simpl.SimpleThreadPool$WorkerThread.run(SimpleThreadPool.java:573)\r\nCaused by: org.mybatis.spring.MyBatisSystemException: nested exception is org.apache.ibatis.builder.BuilderException: The expression \'goodsIds\' evaluated to a null value.\r\n	at org.mybatis.spring.MyBatisExceptionTranslator.translateExceptionIfPossible(MyBatisExceptionTranslator.java:92)\r\n	at org.mybatis.spring.SqlSessionTemplate$SqlSessionInterceptor.invoke(SqlSessionTemplate.java:440)\r\n	at com.sun.proxy.$Proxy133.selectList(Unknown Source)\r\n	at org.mybatis.spring.SqlSessionTemplate.selectList(SqlSessionTemplate.java:223)\r\n	at com.baomidou.mybatisplus.core.override.MybatisMapperMethod.executeForMany(MybatisMapperMethod.java:173)\r\n	at com.baomidou.mybatisplus.core.override.MybatisMapperMethod.execute(MybatisMapperMethod.java:78)\r\n	at com.baomidou.mybatisplus.core.override.MybatisMapperProxy$PlainMethodInvoker.invoke(MybatisMapperProxy.java:148)\r\n	at com.baomidou.mybatisplus.core.override.MybatisMapperProxy.invoke(MybatisMapperProxy.java:89)\r\n	at com.sun.proxy.$Proxy175.selectWarehouseStockSummaryList(Unknown Source)\r\n	at com.xiaoyai.warehouse.service.impl.WarehouseStockServiceImpl.selectWarehouseStockSummaryList(WarehouseStockServiceImpl.java:105)\r', '2023-10-08 20:48:10');
INSERT INTO `sys_job_log` VALUES ('3', '库存预警', 'SYSTEM', 'warehouseTask.StockWarnJob()', '库存预警 总共耗时：79毫秒', '1', 'java.lang.reflect.InvocationTargetException\r\n	at sun.reflect.NativeMethodAccessorImpl.invoke0(Native Method)\r\n	at sun.reflect.NativeMethodAccessorImpl.invoke(NativeMethodAccessorImpl.java:62)\r\n	at sun.reflect.DelegatingMethodAccessorImpl.invoke(DelegatingMethodAccessorImpl.java:43)\r\n	at java.lang.reflect.Method.invoke(Method.java:498)\r\n	at com.xiaoyai.quartz.util.JobInvokeUtil.invokeMethod(JobInvokeUtil.java:61)\r\n	at com.xiaoyai.quartz.util.JobInvokeUtil.invokeMethod(JobInvokeUtil.java:33)\r\n	at com.xiaoyai.quartz.util.QuartzDisallowConcurrentExecution.doExecute(QuartzDisallowConcurrentExecution.java:19)\r\n	at com.xiaoyai.quartz.util.AbstractQuartzJob.execute(AbstractQuartzJob.java:44)\r\n	at org.quartz.core.JobRunShell.run(JobRunShell.java:202)\r\n	at org.quartz.simpl.SimpleThreadPool$WorkerThread.run(SimpleThreadPool.java:573)\r\nCaused by: org.mybatis.spring.MyBatisSystemException: nested exception is org.apache.ibatis.exceptions.PersistenceException: \r\n### Error updating database.  Cause: com.baomidou.mybatisplus.core.exceptions.MybatisPlusException: Prohibition of full table deletion\r\n### The error may exist in com/xiaoyai/warehouse/mapper/WarehouseStockWarnMapper.java (best guess)\r\n### The error may involve com.xiaoyai.warehouse.mapper.WarehouseStockWarnMapper.delete\r\n### The error occurred while executing an update\r\n### Cause: com.baomidou.mybatisplus.core.exceptions.MybatisPlusException: Prohibition of full table deletion\r\n	at org.mybatis.spring.MyBatisExceptionTranslator.translateExceptionIfPossible(MyBatisExceptionTranslator.java:92)\r\n	at org.mybatis.spring.SqlSessionTemplate$SqlSessionInterceptor.invoke(SqlSessionTemplate.java:440)\r\n	at com.sun.proxy.$Proxy133.delete(Unknown Source)\r\n	at org.mybatis.spring.SqlSessionTemplate.delete(SqlSessionTemplate.java:303)\r\n	at com.baomidou.mybatisplus.core.override.MybatisMapperMethod.execute(MybatisMapperMethod.java:70)\r\n	at com.baomidou.mybatisplus.core.override.MybatisMapperProxy$PlainMethodInvoker.invoke(MybatisMapperPro', '2023-10-08 20:50:22');
INSERT INTO `sys_job_log` VALUES ('4', '库存预警', 'SYSTEM', 'warehouseTask.StockWarnJob()', '库存预警 总共耗时：17671毫秒', '1', 'java.lang.reflect.InvocationTargetException\r\n	at sun.reflect.NativeMethodAccessorImpl.invoke0(Native Method)\r\n	at sun.reflect.NativeMethodAccessorImpl.invoke(NativeMethodAccessorImpl.java:62)\r\n	at sun.reflect.DelegatingMethodAccessorImpl.invoke(DelegatingMethodAccessorImpl.java:43)\r\n	at java.lang.reflect.Method.invoke(Method.java:498)\r\n	at com.xiaoyai.quartz.util.JobInvokeUtil.invokeMethod(JobInvokeUtil.java:61)\r\n	at com.xiaoyai.quartz.util.JobInvokeUtil.invokeMethod(JobInvokeUtil.java:33)\r\n	at com.xiaoyai.quartz.util.QuartzDisallowConcurrentExecution.doExecute(QuartzDisallowConcurrentExecution.java:19)\r\n	at com.xiaoyai.quartz.util.AbstractQuartzJob.execute(AbstractQuartzJob.java:44)\r\n	at org.quartz.core.JobRunShell.run(JobRunShell.java:202)\r\n	at org.quartz.simpl.SimpleThreadPool$WorkerThread.run(SimpleThreadPool.java:573)\r\nCaused by: org.mybatis.spring.MyBatisSystemException: nested exception is org.apache.ibatis.exceptions.PersistenceException: \r\n### Error updating database.  Cause: com.baomidou.mybatisplus.core.exceptions.MybatisPlusException: Prohibition of full table deletion\r\n### The error may exist in com/xiaoyai/warehouse/mapper/WarehouseStockWarnMapper.java (best guess)\r\n### The error may involve com.xiaoyai.warehouse.mapper.WarehouseStockWarnMapper.delete\r\n### The error occurred while executing an update\r\n### Cause: com.baomidou.mybatisplus.core.exceptions.MybatisPlusException: Prohibition of full table deletion\r\n	at org.mybatis.spring.MyBatisExceptionTranslator.translateExceptionIfPossible(MyBatisExceptionTranslator.java:92)\r\n	at org.mybatis.spring.SqlSessionTemplate$SqlSessionInterceptor.invoke(SqlSessionTemplate.java:440)\r\n	at com.sun.proxy.$Proxy133.delete(Unknown Source)\r\n	at org.mybatis.spring.SqlSessionTemplate.delete(SqlSessionTemplate.java:303)\r\n	at com.baomidou.mybatisplus.core.override.MybatisMapperMethod.execute(MybatisMapperMethod.java:70)\r\n	at com.baomidou.mybatisplus.core.override.MybatisMapperProxy$PlainMethodInvoker.invoke(MybatisMapperPro', '2023-10-08 20:51:19');
INSERT INTO `sys_job_log` VALUES ('5', '库存预警', 'SYSTEM', 'warehouseTask.StockWarnJob()', '库存预警 总共耗时：11375毫秒', '1', 'java.lang.reflect.InvocationTargetException\r\n	at sun.reflect.NativeMethodAccessorImpl.invoke0(Native Method)\r\n	at sun.reflect.NativeMethodAccessorImpl.invoke(NativeMethodAccessorImpl.java:62)\r\n	at sun.reflect.DelegatingMethodAccessorImpl.invoke(DelegatingMethodAccessorImpl.java:43)\r\n	at java.lang.reflect.Method.invoke(Method.java:498)\r\n	at com.xiaoyai.quartz.util.JobInvokeUtil.invokeMethod(JobInvokeUtil.java:61)\r\n	at com.xiaoyai.quartz.util.JobInvokeUtil.invokeMethod(JobInvokeUtil.java:33)\r\n	at com.xiaoyai.quartz.util.QuartzDisallowConcurrentExecution.doExecute(QuartzDisallowConcurrentExecution.java:19)\r\n	at com.xiaoyai.quartz.util.AbstractQuartzJob.execute(AbstractQuartzJob.java:44)\r\n	at org.quartz.core.JobRunShell.run(JobRunShell.java:202)\r\n	at org.quartz.simpl.SimpleThreadPool$WorkerThread.run(SimpleThreadPool.java:573)\r\nCaused by: org.mybatis.spring.MyBatisSystemException: nested exception is org.apache.ibatis.exceptions.PersistenceException: \r\n### Error updating database.  Cause: com.baomidou.mybatisplus.core.exceptions.MybatisPlusException: Prohibition of full table deletion\r\n### The error may exist in com/xiaoyai/warehouse/mapper/WarehouseStockWarnMapper.java (best guess)\r\n### The error may involve com.xiaoyai.warehouse.mapper.WarehouseStockWarnMapper.delete\r\n### The error occurred while executing an update\r\n### Cause: com.baomidou.mybatisplus.core.exceptions.MybatisPlusException: Prohibition of full table deletion\r\n	at org.mybatis.spring.MyBatisExceptionTranslator.translateExceptionIfPossible(MyBatisExceptionTranslator.java:92)\r\n	at org.mybatis.spring.SqlSessionTemplate$SqlSessionInterceptor.invoke(SqlSessionTemplate.java:440)\r\n	at com.sun.proxy.$Proxy133.delete(Unknown Source)\r\n	at org.mybatis.spring.SqlSessionTemplate.delete(SqlSessionTemplate.java:303)\r\n	at com.baomidou.mybatisplus.core.override.MybatisMapperMethod.execute(MybatisMapperMethod.java:70)\r\n	at com.baomidou.mybatisplus.core.override.MybatisMapperProxy$PlainMethodInvoker.invoke(MybatisMapperPro', '2023-10-08 20:52:31');
INSERT INTO `sys_job_log` VALUES ('6', '库存预警', 'SYSTEM', 'warehouseTask.StockWarnJob()', '库存预警 总共耗时：43毫秒', '0', '', '2023-10-08 20:53:51');
INSERT INTO `sys_job_log` VALUES ('7', '库存预警', 'SYSTEM', 'warehouseTask.StockWarnJob()', '库存预警 总共耗时：72毫秒', '1', 'java.lang.reflect.InvocationTargetException\r\n	at sun.reflect.NativeMethodAccessorImpl.invoke0(Native Method)\r\n	at sun.reflect.NativeMethodAccessorImpl.invoke(NativeMethodAccessorImpl.java:62)\r\n	at sun.reflect.DelegatingMethodAccessorImpl.invoke(DelegatingMethodAccessorImpl.java:43)\r\n	at java.lang.reflect.Method.invoke(Method.java:498)\r\n	at com.xiaoyai.quartz.util.JobInvokeUtil.invokeMethod(JobInvokeUtil.java:61)\r\n	at com.xiaoyai.quartz.util.JobInvokeUtil.invokeMethod(JobInvokeUtil.java:33)\r\n	at com.xiaoyai.quartz.util.QuartzDisallowConcurrentExecution.doExecute(QuartzDisallowConcurrentExecution.java:19)\r\n	at com.xiaoyai.quartz.util.AbstractQuartzJob.execute(AbstractQuartzJob.java:44)\r\n	at org.quartz.core.JobRunShell.run(JobRunShell.java:202)\r\n	at org.quartz.simpl.SimpleThreadPool$WorkerThread.run(SimpleThreadPool.java:573)\r\nCaused by: org.mybatis.spring.MyBatisSystemException: nested exception is org.apache.ibatis.exceptions.PersistenceException: \r\n### Error updating database.  Cause: com.baomidou.mybatisplus.core.exceptions.MybatisPlusException: Prohibition of full table deletion\r\n### The error may exist in com/xiaoyai/warehouse/mapper/WarehouseStockWarnMapper.java (best guess)\r\n### The error may involve com.xiaoyai.warehouse.mapper.WarehouseStockWarnMapper.delete\r\n### The error occurred while executing an update\r\n### Cause: com.baomidou.mybatisplus.core.exceptions.MybatisPlusException: Prohibition of full table deletion\r\n	at org.mybatis.spring.MyBatisExceptionTranslator.translateExceptionIfPossible(MyBatisExceptionTranslator.java:92)\r\n	at org.mybatis.spring.SqlSessionTemplate$SqlSessionInterceptor.invoke(SqlSessionTemplate.java:440)\r\n	at com.sun.proxy.$Proxy133.delete(Unknown Source)\r\n	at org.mybatis.spring.SqlSessionTemplate.delete(SqlSessionTemplate.java:303)\r\n	at com.baomidou.mybatisplus.core.override.MybatisMapperMethod.execute(MybatisMapperMethod.java:70)\r\n	at com.baomidou.mybatisplus.core.override.MybatisMapperProxy$PlainMethodInvoker.invoke(MybatisMapperPro', '2023-10-08 20:58:17');
INSERT INTO `sys_job_log` VALUES ('8', '库存预警', 'SYSTEM', 'warehouseTask.StockWarnJob()', '库存预警 总共耗时：60毫秒', '1', 'java.lang.reflect.InvocationTargetException\r\n	at sun.reflect.NativeMethodAccessorImpl.invoke0(Native Method)\r\n	at sun.reflect.NativeMethodAccessorImpl.invoke(NativeMethodAccessorImpl.java:62)\r\n	at sun.reflect.DelegatingMethodAccessorImpl.invoke(DelegatingMethodAccessorImpl.java:43)\r\n	at java.lang.reflect.Method.invoke(Method.java:498)\r\n	at com.xiaoyai.quartz.util.JobInvokeUtil.invokeMethod(JobInvokeUtil.java:61)\r\n	at com.xiaoyai.quartz.util.JobInvokeUtil.invokeMethod(JobInvokeUtil.java:33)\r\n	at com.xiaoyai.quartz.util.QuartzDisallowConcurrentExecution.doExecute(QuartzDisallowConcurrentExecution.java:19)\r\n	at com.xiaoyai.quartz.util.AbstractQuartzJob.execute(AbstractQuartzJob.java:44)\r\n	at org.quartz.core.JobRunShell.run(JobRunShell.java:202)\r\n	at org.quartz.simpl.SimpleThreadPool$WorkerThread.run(SimpleThreadPool.java:573)\r\nCaused by: org.mybatis.spring.MyBatisSystemException: nested exception is org.apache.ibatis.exceptions.PersistenceException: \r\n### Error updating database.  Cause: com.baomidou.mybatisplus.core.exceptions.MybatisPlusException: Prohibition of full table deletion\r\n### The error may exist in file [D:\\Work\\Magic\\warehouse\\trunk\\3.Source\\service\\warehouse-system\\target\\classes\\mapper\\warehouse\\WarehouseStockWarnMapper.xml]\r\n### The error may involve com.xiaoyai.warehouse.mapper.WarehouseStockWarnMapper.deleteAll\r\n### The error occurred while executing an update\r\n### Cause: com.baomidou.mybatisplus.core.exceptions.MybatisPlusException: Prohibition of full table deletion\r\n	at org.mybatis.spring.MyBatisExceptionTranslator.translateExceptionIfPossible(MyBatisExceptionTranslator.java:92)\r\n	at org.mybatis.spring.SqlSessionTemplate$SqlSessionInterceptor.invoke(SqlSessionTemplate.java:440)\r\n	at com.sun.proxy.$Proxy133.delete(Unknown Source)\r\n	at org.mybatis.spring.SqlSessionTemplate.delete(SqlSessionTemplate.java:303)\r\n	at com.baomidou.mybatisplus.core.override.MybatisMapperMethod.execute(MybatisMapperMethod.java:70)\r\n	at com.baomidou.mybatisplus.core.overrid', '2023-10-08 21:02:44');
INSERT INTO `sys_job_log` VALUES ('9', '库存预警', 'SYSTEM', 'warehouseTask.StockWarnJob()', '库存预警 总共耗时：10毫秒', '1', 'java.lang.reflect.InvocationTargetException\r\n	at sun.reflect.NativeMethodAccessorImpl.invoke0(Native Method)\r\n	at sun.reflect.NativeMethodAccessorImpl.invoke(NativeMethodAccessorImpl.java:62)\r\n	at sun.reflect.DelegatingMethodAccessorImpl.invoke(DelegatingMethodAccessorImpl.java:43)\r\n	at java.lang.reflect.Method.invoke(Method.java:498)\r\n	at com.xiaoyai.quartz.util.JobInvokeUtil.invokeMethod(JobInvokeUtil.java:61)\r\n	at com.xiaoyai.quartz.util.JobInvokeUtil.invokeMethod(JobInvokeUtil.java:33)\r\n	at com.xiaoyai.quartz.util.QuartzDisallowConcurrentExecution.doExecute(QuartzDisallowConcurrentExecution.java:19)\r\n	at com.xiaoyai.quartz.util.AbstractQuartzJob.execute(AbstractQuartzJob.java:44)\r\n	at org.quartz.core.JobRunShell.run(JobRunShell.java:202)\r\n	at org.quartz.simpl.SimpleThreadPool$WorkerThread.run(SimpleThreadPool.java:573)\r\nCaused by: org.mybatis.spring.MyBatisSystemException: nested exception is org.apache.ibatis.exceptions.PersistenceException: \r\n### Error updating database.  Cause: com.baomidou.mybatisplus.core.exceptions.MybatisPlusException: Prohibition of full table deletion\r\n### The error may exist in file [D:\\Work\\Magic\\warehouse\\trunk\\3.Source\\service\\warehouse-system\\target\\classes\\mapper\\warehouse\\WarehouseStockWarnMapper.xml]\r\n### The error may involve com.xiaoyai.warehouse.mapper.WarehouseStockWarnMapper.deleteAll\r\n### The error occurred while executing an update\r\n### Cause: com.baomidou.mybatisplus.core.exceptions.MybatisPlusException: Prohibition of full table deletion\r\n	at org.mybatis.spring.MyBatisExceptionTranslator.translateExceptionIfPossible(MyBatisExceptionTranslator.java:92)\r\n	at org.mybatis.spring.SqlSessionTemplate$SqlSessionInterceptor.invoke(SqlSessionTemplate.java:440)\r\n	at com.sun.proxy.$Proxy133.delete(Unknown Source)\r\n	at org.mybatis.spring.SqlSessionTemplate.delete(SqlSessionTemplate.java:303)\r\n	at com.baomidou.mybatisplus.core.override.MybatisMapperMethod.execute(MybatisMapperMethod.java:70)\r\n	at com.baomidou.mybatisplus.core.overrid', '2023-10-08 21:02:58');
INSERT INTO `sys_job_log` VALUES ('10', '库存预警', 'SYSTEM', 'warehouseTask.StockWarnJob()', '库存预警 总共耗时：83毫秒', '0', '', '2023-10-08 21:03:55');
INSERT INTO `sys_job_log` VALUES ('11', '库存预警', 'SYSTEM', 'warehouseTask.StockWarnJob()', '库存预警 总共耗时：28毫秒', '0', '', '2023-10-08 21:05:03');

-- ----------------------------
-- Table structure for sys_logininfor
-- ----------------------------
DROP TABLE IF EXISTS `sys_logininfor`;
CREATE TABLE `sys_logininfor` (
  `info_id` bigint(20) NOT NULL AUTO_INCREMENT COMMENT '访问ID',
  `user_name` varchar(50) DEFAULT '' COMMENT '用户账号',
  `ipaddr` varchar(128) DEFAULT '' COMMENT '登录IP地址',
  `login_location` varchar(255) DEFAULT '' COMMENT '登录地点',
  `browser` varchar(50) DEFAULT '' COMMENT '浏览器类型',
  `os` varchar(50) DEFAULT '' COMMENT '操作系统',
  `status` char(1) DEFAULT '0' COMMENT '登录状态（0成功 1失败）',
  `msg` varchar(255) DEFAULT '' COMMENT '提示消息',
  `login_time` datetime DEFAULT NULL COMMENT '访问时间',
  PRIMARY KEY (`info_id`)
) ENGINE=InnoDB AUTO_INCREMENT=410 DEFAULT CHARSET=utf8mb4 COMMENT='系统访问记录';

-- ----------------------------
-- Records of sys_logininfor
-- ----------------------------
INSERT INTO `sys_logininfor` VALUES ('100', 'admin', '127.0.0.1', '内网IP', 'Chrome 11', 'Windows 10', '1', '验证码已失效', '2023-09-04 13:51:31');
INSERT INTO `sys_logininfor` VALUES ('101', 'admin', '127.0.0.1', '内网IP', 'Chrome 11', 'Windows 10', '1', '密码输入错误1次', '2023-09-04 13:51:35');
INSERT INTO `sys_logininfor` VALUES ('102', 'admin', '127.0.0.1', '内网IP', 'Chrome 11', 'Windows 10', '1', '用户不存在/密码错误', '2023-09-04 13:51:35');
INSERT INTO `sys_logininfor` VALUES ('103', 'admin', '127.0.0.1', '内网IP', 'Chrome 11', 'Windows 10', '1', '验证码错误', '2023-09-04 13:51:40');
INSERT INTO `sys_logininfor` VALUES ('104', 'admin', '127.0.0.1', '内网IP', 'Chrome 11', 'Windows 10', '0', '登录成功', '2023-09-04 13:51:43');
INSERT INTO `sys_logininfor` VALUES ('105', 'admin', '127.0.0.1', '内网IP', 'Chrome 11', 'Windows 10', '0', '登录成功', '2023-09-06 19:51:03');
INSERT INTO `sys_logininfor` VALUES ('106', 'admin', '127.0.0.1', '内网IP', 'Chrome 11', 'Windows 10', '0', '登录成功', '2023-09-07 08:35:19');
INSERT INTO `sys_logininfor` VALUES ('107', 'admin', '127.0.0.1', '内网IP', 'Chrome 11', 'Windows 10', '0', '退出成功', '2023-09-07 08:36:42');
INSERT INTO `sys_logininfor` VALUES ('108', 'admin', '127.0.0.1', '内网IP', 'Chrome 11', 'Windows 10', '0', '登录成功', '2023-09-07 08:37:31');
INSERT INTO `sys_logininfor` VALUES ('109', 'admin', '127.0.0.1', '内网IP', 'Chrome 11', 'Windows 10', '0', '登录成功', '2023-09-07 10:50:08');
INSERT INTO `sys_logininfor` VALUES ('110', 'admin', '127.0.0.1', '内网IP', 'Chrome 11', 'Windows 10', '0', '登录成功', '2023-09-07 14:49:01');
INSERT INTO `sys_logininfor` VALUES ('111', 'admin', '127.0.0.1', '内网IP', 'Chrome 11', 'Windows 10', '0', '登录成功', '2023-09-07 20:14:48');
INSERT INTO `sys_logininfor` VALUES ('112', 'admin', '127.0.0.1', '内网IP', 'Chrome 11', 'Windows 10', '0', '登录成功', '2023-09-07 21:37:38');
INSERT INTO `sys_logininfor` VALUES ('113', 'admin', '127.0.0.1', '内网IP', 'Chrome 11', 'Windows 10', '0', '登录成功', '2023-09-08 09:05:16');
INSERT INTO `sys_logininfor` VALUES ('114', 'admin', '127.0.0.1', '内网IP', 'Chrome 11', 'Windows 10', '1', '用户不存在/密码错误', '2023-09-08 14:18:32');
INSERT INTO `sys_logininfor` VALUES ('115', 'admin', '127.0.0.1', '内网IP', 'Chrome 11', 'Windows 10', '1', '密码输入错误1次', '2023-09-08 14:18:32');
INSERT INTO `sys_logininfor` VALUES ('116', 'admin', '127.0.0.1', '内网IP', 'Chrome 11', 'Windows 10', '1', '验证码错误', '2023-09-08 14:18:32');
INSERT INTO `sys_logininfor` VALUES ('117', 'admin', '127.0.0.1', '内网IP', 'Chrome 11', 'Windows 10', '1', '密码输入错误2次', '2023-09-08 14:18:35');
INSERT INTO `sys_logininfor` VALUES ('118', 'admin', '127.0.0.1', '内网IP', 'Chrome 11', 'Windows 10', '1', '用户不存在/密码错误', '2023-09-08 14:18:35');
INSERT INTO `sys_logininfor` VALUES ('119', 'admin', '127.0.0.1', '内网IP', 'Chrome 11', 'Windows 10', '0', '登录成功', '2023-09-08 14:18:40');
INSERT INTO `sys_logininfor` VALUES ('120', 'admin', '127.0.0.1', '内网IP', 'Chrome 11', 'Windows 10', '0', '登录成功', '2023-09-08 15:23:13');
INSERT INTO `sys_logininfor` VALUES ('121', 'admin', '127.0.0.1', '内网IP', 'Chrome 11', 'Windows 10', '0', '登录成功', '2023-09-08 15:55:43');
INSERT INTO `sys_logininfor` VALUES ('122', 'admin', '127.0.0.1', '内网IP', 'Chrome 11', 'Windows 10', '0', '登录成功', '2023-09-08 16:31:22');
INSERT INTO `sys_logininfor` VALUES ('123', 'admin', '127.0.0.1', '内网IP', 'Chrome 11', 'Windows 10', '0', '登录成功', '2023-09-08 17:25:50');
INSERT INTO `sys_logininfor` VALUES ('124', 'admin', '127.0.0.1', '内网IP', 'Chrome 11', 'Windows 10', '0', '登录成功', '2023-09-09 10:46:41');
INSERT INTO `sys_logininfor` VALUES ('125', 'admin', '127.0.0.1', '内网IP', 'Chrome 11', 'Windows 10', '0', '登录成功', '2023-09-09 12:23:55');
INSERT INTO `sys_logininfor` VALUES ('126', 'admin', '127.0.0.1', '内网IP', 'Chrome 11', 'Windows 10', '1', '用户不存在/密码错误', '2023-09-09 17:25:42');
INSERT INTO `sys_logininfor` VALUES ('127', 'admin', '127.0.0.1', '内网IP', 'Chrome 11', 'Windows 10', '1', '密码输入错误1次', '2023-09-09 17:25:42');
INSERT INTO `sys_logininfor` VALUES ('128', 'admin', '127.0.0.1', '内网IP', 'Chrome 11', 'Windows 10', '0', '登录成功', '2023-09-09 17:25:48');
INSERT INTO `sys_logininfor` VALUES ('129', 'admin', '^http(s?)://(.*).bing\\.com/(.*)', '内网IP', 'Chrome 11', 'Windows 10', '1', '验证码已失效', '2023-09-09 18:27:32');
INSERT INTO `sys_logininfor` VALUES ('130', 'admin', '^http(s?)://(.*).bing\\.com/(.*)', '内网IP', 'Chrome 11', 'Windows 10', '0', '登录成功', '2023-09-09 18:27:44');
INSERT INTO `sys_logininfor` VALUES ('131', 'admin', '127.0.0.1', '内网IP', 'Chrome 11', 'Windows 10', '0', '登录成功', '2023-09-09 19:24:25');
INSERT INTO `sys_logininfor` VALUES ('132', 'admin', '127.0.0.1', '内网IP', 'Chrome 11', 'Windows 10', '1', '用户不存在/密码错误', '2023-09-09 21:00:35');
INSERT INTO `sys_logininfor` VALUES ('133', 'admin', '127.0.0.1', '内网IP', 'Chrome 11', 'Windows 10', '1', '密码输入错误1次', '2023-09-09 21:00:35');
INSERT INTO `sys_logininfor` VALUES ('134', 'admin', '127.0.0.1', '内网IP', 'Chrome 11', 'Windows 10', '0', '登录成功', '2023-09-09 21:00:41');
INSERT INTO `sys_logininfor` VALUES ('135', 'admin', '^http(s?)://(.*).bing\\.com/(.*)', '内网IP', 'Chrome 11', 'Windows 10', '0', '登录成功', '2023-09-09 23:18:53');
INSERT INTO `sys_logininfor` VALUES ('136', 'admin', '^http(s?)://(.*).bing\\.com/(.*)', '内网IP', 'Chrome 11', 'Windows 10', '1', '用户不存在/密码错误', '2023-09-09 23:35:02');
INSERT INTO `sys_logininfor` VALUES ('137', 'admin', '^http(s?)://(.*).bing\\.com/(.*)', '内网IP', 'Chrome 11', 'Windows 10', '1', '密码输入错误1次', '2023-09-09 23:35:02');
INSERT INTO `sys_logininfor` VALUES ('138', 'admin', '^http(s?)://(.*).bing\\.com/(.*)', '内网IP', 'Chrome 11', 'Windows 10', '0', '登录成功', '2023-09-09 23:35:07');
INSERT INTO `sys_logininfor` VALUES ('139', 'admin', '127.0.0.1', '内网IP', 'Chrome 11', 'Windows 10', '0', '登录成功', '2023-09-09 23:37:48');
INSERT INTO `sys_logininfor` VALUES ('140', 'admin', '127.0.0.1', '内网IP', 'Chrome 11', 'Windows 10', '1', '用户不存在/密码错误', '2023-09-10 10:14:00');
INSERT INTO `sys_logininfor` VALUES ('141', 'admin', '127.0.0.1', '内网IP', 'Chrome 11', 'Windows 10', '1', '密码输入错误1次', '2023-09-10 10:14:00');
INSERT INTO `sys_logininfor` VALUES ('142', 'admin', '127.0.0.1', '内网IP', 'Chrome 11', 'Windows 10', '1', '验证码错误', '2023-09-10 10:14:06');
INSERT INTO `sys_logininfor` VALUES ('143', 'admin', '127.0.0.1', '内网IP', 'Chrome 11', 'Windows 10', '0', '登录成功', '2023-09-10 10:14:09');
INSERT INTO `sys_logininfor` VALUES ('144', 'admin', '127.0.0.1', '内网IP', 'Chrome 11', 'Windows 10', '1', '验证码已失效', '2023-09-10 11:27:42');
INSERT INTO `sys_logininfor` VALUES ('145', 'admin', '127.0.0.1', '内网IP', 'Chrome 11', 'Windows 10', '0', '登录成功', '2023-09-10 11:27:45');
INSERT INTO `sys_logininfor` VALUES ('146', 'admin', '127.0.0.1', '内网IP', 'Chrome 11', 'Windows 10', '1', '用户不存在/密码错误', '2023-09-10 20:39:04');
INSERT INTO `sys_logininfor` VALUES ('147', 'admin', '127.0.0.1', '内网IP', 'Chrome 11', 'Windows 10', '1', '密码输入错误1次', '2023-09-10 20:39:04');
INSERT INTO `sys_logininfor` VALUES ('148', 'admin', '127.0.0.1', '内网IP', 'Chrome 11', 'Windows 10', '1', '验证码错误', '2023-09-10 20:39:09');
INSERT INTO `sys_logininfor` VALUES ('149', 'admin', '127.0.0.1', '内网IP', 'Chrome 11', 'Windows 10', '1', '验证码错误', '2023-09-10 20:39:11');
INSERT INTO `sys_logininfor` VALUES ('150', 'admin', '127.0.0.1', '内网IP', 'Chrome 11', 'Windows 10', '1', '验证码错误', '2023-09-10 20:39:13');
INSERT INTO `sys_logininfor` VALUES ('151', 'admin', '127.0.0.1', '内网IP', 'Chrome 11', 'Windows 10', '0', '登录成功', '2023-09-10 20:39:16');
INSERT INTO `sys_logininfor` VALUES ('152', 'admin', '127.0.0.1', '内网IP', 'Chrome 11', 'Windows 10', '1', '密码输入错误1次', '2023-09-11 08:39:20');
INSERT INTO `sys_logininfor` VALUES ('153', 'admin', '127.0.0.1', '内网IP', 'Chrome 11', 'Windows 10', '1', '用户不存在/密码错误', '2023-09-11 08:39:20');
INSERT INTO `sys_logininfor` VALUES ('154', 'admin', '127.0.0.1', '内网IP', 'Chrome 11', 'Windows 10', '0', '登录成功', '2023-09-11 08:39:25');
INSERT INTO `sys_logininfor` VALUES ('155', 'admin', '127.0.0.1', '内网IP', 'Chrome 11', 'Windows 10', '1', '用户不存在/密码错误', '2023-09-11 10:26:41');
INSERT INTO `sys_logininfor` VALUES ('156', 'admin', '127.0.0.1', '内网IP', 'Chrome 11', 'Windows 10', '1', '密码输入错误1次', '2023-09-11 10:26:41');
INSERT INTO `sys_logininfor` VALUES ('157', 'admin', '127.0.0.1', '内网IP', 'Chrome 11', 'Windows 10', '1', '密码输入错误2次', '2023-09-11 10:26:49');
INSERT INTO `sys_logininfor` VALUES ('158', 'admin', '127.0.0.1', '内网IP', 'Chrome 11', 'Windows 10', '1', '用户不存在/密码错误', '2023-09-11 10:26:49');
INSERT INTO `sys_logininfor` VALUES ('159', 'admin', '127.0.0.1', '内网IP', 'Chrome 11', 'Windows 10', '1', '验证码错误', '2023-09-11 10:27:02');
INSERT INTO `sys_logininfor` VALUES ('160', 'admin', '127.0.0.1', '内网IP', 'Chrome 11', 'Windows 10', '0', '登录成功', '2023-09-11 10:27:06');
INSERT INTO `sys_logininfor` VALUES ('161', 'admin', '127.0.0.1', '内网IP', 'Chrome 11', 'Windows 10', '0', '登录成功', '2023-09-11 13:42:09');
INSERT INTO `sys_logininfor` VALUES ('162', 'admin', '127.0.0.1', '内网IP', 'Chrome 11', 'Windows 10', '0', '登录成功', '2023-09-11 16:00:39');
INSERT INTO `sys_logininfor` VALUES ('163', 'admin', '127.0.0.1', '内网IP', 'Chrome 11', 'Windows 10', '1', '用户不存在/密码错误', '2023-09-11 17:02:52');
INSERT INTO `sys_logininfor` VALUES ('164', 'admin', '127.0.0.1', '内网IP', 'Chrome 11', 'Windows 10', '1', '密码输入错误1次', '2023-09-11 17:02:52');
INSERT INTO `sys_logininfor` VALUES ('165', 'admin', '127.0.0.1', '内网IP', 'Chrome 11', 'Windows 10', '1', '验证码错误', '2023-09-11 17:02:58');
INSERT INTO `sys_logininfor` VALUES ('166', 'admin', '127.0.0.1', '内网IP', 'Chrome 11', 'Windows 10', '0', '登录成功', '2023-09-11 17:03:03');
INSERT INTO `sys_logininfor` VALUES ('167', 'admin', '127.0.0.1', '内网IP', 'Chrome 11', 'Windows 10', '0', '登录成功', '2023-09-12 20:51:22');
INSERT INTO `sys_logininfor` VALUES ('168', 'admin', '127.0.0.1', '内网IP', 'Chrome 11', 'Windows 10', '1', '验证码已失效', '2023-09-12 20:51:23');
INSERT INTO `sys_logininfor` VALUES ('169', 'admin', '127.0.0.1', '内网IP', 'Chrome 11', 'Windows 10', '0', '登录成功', '2023-09-13 14:06:07');
INSERT INTO `sys_logininfor` VALUES ('170', 'admin', '127.0.0.1', '内网IP', 'Chrome 11', 'Windows 10', '0', '登录成功', '2023-09-13 15:07:27');
INSERT INTO `sys_logininfor` VALUES ('171', 'admin', '127.0.0.1', '内网IP', 'Chrome 11', 'Windows 10', '0', '登录成功', '2023-09-13 18:47:56');
INSERT INTO `sys_logininfor` VALUES ('172', 'admin', '127.0.0.1', '内网IP', 'Chrome 11', 'Windows 10', '0', '登录成功', '2023-09-14 09:13:50');
INSERT INTO `sys_logininfor` VALUES ('173', 'admin', '127.0.0.1', '内网IP', 'Chrome 11', 'Windows 10', '1', '验证码已失效', '2023-09-14 09:13:51');
INSERT INTO `sys_logininfor` VALUES ('174', 'admin', '127.0.0.1', '内网IP', 'Chrome 11', 'Windows 10', '1', '验证码错误', '2023-09-14 09:53:07');
INSERT INTO `sys_logininfor` VALUES ('175', 'admin', '127.0.0.1', '内网IP', 'Chrome 11', 'Windows 10', '0', '登录成功', '2023-09-14 09:53:11');
INSERT INTO `sys_logininfor` VALUES ('176', 'admin', '127.0.0.1', '内网IP', 'Chrome 11', 'Windows 10', '1', '用户不存在/密码错误', '2023-09-14 15:57:08');
INSERT INTO `sys_logininfor` VALUES ('177', 'admin', '127.0.0.1', '内网IP', 'Chrome 11', 'Windows 10', '1', '密码输入错误1次', '2023-09-14 15:57:08');
INSERT INTO `sys_logininfor` VALUES ('178', 'admin', '127.0.0.1', '内网IP', 'Chrome 11', 'Windows 10', '0', '登录成功', '2023-09-14 15:57:15');
INSERT INTO `sys_logininfor` VALUES ('179', 'admin', '127.0.0.1', '内网IP', 'Chrome 11', 'Windows 10', '0', '登录成功', '2023-09-14 16:30:02');
INSERT INTO `sys_logininfor` VALUES ('180', 'admin', '127.0.0.1', '内网IP', 'Chrome 11', 'Windows 10', '1', '用户不存在/密码错误', '2023-09-15 14:31:13');
INSERT INTO `sys_logininfor` VALUES ('181', 'admin', '127.0.0.1', '内网IP', 'Chrome 11', 'Windows 10', '1', '密码输入错误1次', '2023-09-15 14:31:13');
INSERT INTO `sys_logininfor` VALUES ('182', 'admin', '127.0.0.1', '内网IP', 'Chrome 11', 'Windows 10', '0', '登录成功', '2023-09-15 14:31:19');
INSERT INTO `sys_logininfor` VALUES ('183', 'admin', '127.0.0.1', '内网IP', 'Chrome 11', 'Windows 10', '1', '验证码错误', '2023-09-15 15:14:57');
INSERT INTO `sys_logininfor` VALUES ('184', 'admin', '127.0.0.1', '内网IP', 'Chrome 11', 'Windows 10', '0', '登录成功', '2023-09-15 15:14:59');
INSERT INTO `sys_logininfor` VALUES ('185', 'admin', '127.0.0.1', '内网IP', 'Chrome 11', 'Windows 10', '0', '登录成功', '2023-09-15 17:21:59');
INSERT INTO `sys_logininfor` VALUES ('186', 'admin', '127.0.0.1', '内网IP', 'Chrome 11', 'Windows 10', '1', '用户不存在/密码错误', '2023-09-16 11:20:00');
INSERT INTO `sys_logininfor` VALUES ('187', 'admin', '127.0.0.1', '内网IP', 'Chrome 11', 'Windows 10', '1', '密码输入错误1次', '2023-09-16 11:20:00');
INSERT INTO `sys_logininfor` VALUES ('188', 'admin', '127.0.0.1', '内网IP', 'Chrome 11', 'Windows 10', '0', '登录成功', '2023-09-16 11:20:06');
INSERT INTO `sys_logininfor` VALUES ('189', 'admin', '127.0.0.1', '内网IP', 'Chrome 11', 'Windows 10', '0', '登录成功', '2023-09-16 15:31:56');
INSERT INTO `sys_logininfor` VALUES ('190', 'admin', '127.0.0.1', '内网IP', 'Chrome 11', 'Windows 10', '0', '登录成功', '2023-09-16 17:39:00');
INSERT INTO `sys_logininfor` VALUES ('191', 'admin', '127.0.0.1', '内网IP', 'Chrome 11', 'Windows 10', '1', '验证码已失效', '2023-09-16 17:39:01');
INSERT INTO `sys_logininfor` VALUES ('192', 'admin', '127.0.0.1', '内网IP', 'Chrome 11', 'Windows 10', '1', '密码输入错误1次', '2023-09-16 19:02:00');
INSERT INTO `sys_logininfor` VALUES ('193', 'admin', '127.0.0.1', '内网IP', 'Chrome 11', 'Windows 10', '1', '用户不存在/密码错误', '2023-09-16 19:02:00');
INSERT INTO `sys_logininfor` VALUES ('194', 'admin', '127.0.0.1', '内网IP', 'Chrome 11', 'Windows 10', '0', '登录成功', '2023-09-16 19:02:35');
INSERT INTO `sys_logininfor` VALUES ('195', 'admin', '127.0.0.1', '内网IP', 'Chrome 11', 'Windows 10', '0', '登录成功', '2023-09-16 19:55:26');
INSERT INTO `sys_logininfor` VALUES ('196', 'admin', '127.0.0.1', '内网IP', 'Chrome 11', 'Windows 10', '0', '登录成功', '2023-09-16 20:36:35');
INSERT INTO `sys_logininfor` VALUES ('197', 'admin', '127.0.0.1', '内网IP', 'Chrome 11', 'Windows 10', '0', '登录成功', '2023-09-17 20:06:58');
INSERT INTO `sys_logininfor` VALUES ('198', 'admin', '127.0.0.1', '内网IP', 'Chrome 11', 'Windows 10', '1', '验证码已失效', '2023-09-17 20:07:00');
INSERT INTO `sys_logininfor` VALUES ('199', 'admin', '127.0.0.1', '内网IP', 'Chrome 11', 'Windows 10', '0', '登录成功', '2023-09-17 21:14:11');
INSERT INTO `sys_logininfor` VALUES ('200', 'admin', '127.0.0.1', '内网IP', 'Chrome 11', 'Windows 10', '0', '退出成功', '2023-09-17 21:16:32');
INSERT INTO `sys_logininfor` VALUES ('201', 'admin', '127.0.0.1', '内网IP', 'Chrome 11', 'Windows 10', '0', '登录成功', '2023-09-17 21:16:38');
INSERT INTO `sys_logininfor` VALUES ('202', 'admin', '127.0.0.1', '内网IP', 'Chrome 11', 'Windows 10', '0', '登录成功', '2023-09-17 21:53:10');
INSERT INTO `sys_logininfor` VALUES ('203', 'admin', '127.0.0.1', '内网IP', 'Chrome 11', 'Windows 10', '0', '登录成功', '2023-09-17 22:24:10');
INSERT INTO `sys_logininfor` VALUES ('204', 'admin', '127.0.0.1', '内网IP', 'Chrome 11', 'Windows 10', '0', '登录成功', '2023-09-17 23:23:30');
INSERT INTO `sys_logininfor` VALUES ('205', 'admin', '127.0.0.1', '内网IP', 'Chrome 11', 'Windows 10', '0', '登录成功', '2023-09-17 23:30:58');
INSERT INTO `sys_logininfor` VALUES ('206', 'admin', '127.0.0.1', '内网IP', 'Chrome 11', 'Windows 10', '0', '登录成功', '2023-09-18 10:11:58');
INSERT INTO `sys_logininfor` VALUES ('207', 'admin', '127.0.0.1', '内网IP', 'Chrome 11', 'Windows 10', '1', '用户不存在/密码错误', '2023-09-18 10:16:01');
INSERT INTO `sys_logininfor` VALUES ('208', 'admin', '127.0.0.1', '内网IP', 'Chrome 11', 'Windows 10', '1', '密码输入错误1次', '2023-09-18 10:16:01');
INSERT INTO `sys_logininfor` VALUES ('209', 'admin', '127.0.0.1', '内网IP', 'Chrome 11', 'Windows 10', '0', '登录成功', '2023-09-18 10:16:08');
INSERT INTO `sys_logininfor` VALUES ('210', 'admin', '127.0.0.1', '内网IP', 'Chrome 11', 'Windows 10', '0', '登录成功', '2023-09-18 15:40:16');
INSERT INTO `sys_logininfor` VALUES ('211', 'admin', '127.0.0.1', '内网IP', 'Chrome 11', 'Windows 10', '0', '登录成功', '2023-09-18 15:48:28');
INSERT INTO `sys_logininfor` VALUES ('212', 'admin', '127.0.0.1', '内网IP', 'Chrome 11', 'Windows 10', '0', '登录成功', '2023-09-18 16:11:54');
INSERT INTO `sys_logininfor` VALUES ('213', 'admin', '127.0.0.1', '内网IP', 'Chrome 11', 'Windows 10', '0', '退出成功', '2023-09-18 16:30:16');
INSERT INTO `sys_logininfor` VALUES ('214', 'admin', '127.0.0.1', '内网IP', 'Chrome 11', 'Windows 10', '0', '登录成功', '2023-09-18 16:30:23');
INSERT INTO `sys_logininfor` VALUES ('215', 'admin', '127.0.0.1', '内网IP', 'Chrome 11', 'Windows 10', '0', '退出成功', '2023-09-18 16:31:21');
INSERT INTO `sys_logininfor` VALUES ('216', 'admin', '127.0.0.1', '内网IP', 'Chrome 11', 'Windows 10', '1', '验证码错误', '2023-09-18 16:31:33');
INSERT INTO `sys_logininfor` VALUES ('217', 'admin', '127.0.0.1', '内网IP', 'Chrome 11', 'Windows 10', '0', '登录成功', '2023-09-18 16:31:37');
INSERT INTO `sys_logininfor` VALUES ('218', 'admin', '127.0.0.1', '内网IP', 'Chrome 11', 'Windows 10', '0', '退出成功', '2023-09-18 16:44:50');
INSERT INTO `sys_logininfor` VALUES ('219', 'admin', '127.0.0.1', '内网IP', 'Chrome 11', 'Windows 10', '0', '登录成功', '2023-09-18 16:44:56');
INSERT INTO `sys_logininfor` VALUES ('220', 'admin', '127.0.0.1', '内网IP', 'Chrome 11', 'Windows 10', '1', '验证码错误', '2023-09-18 17:41:33');
INSERT INTO `sys_logininfor` VALUES ('221', 'admin', '127.0.0.1', '内网IP', 'Chrome 11', 'Windows 10', '0', '登录成功', '2023-09-18 17:41:36');
INSERT INTO `sys_logininfor` VALUES ('222', 'admin', '127.0.0.1', '内网IP', 'Chrome 11', 'Windows 10', '0', '登录成功', '2023-09-18 19:55:18');
INSERT INTO `sys_logininfor` VALUES ('223', 'admin', '127.0.0.1', '内网IP', 'Chrome 11', 'Windows 10', '0', '登录成功', '2023-09-18 20:32:05');
INSERT INTO `sys_logininfor` VALUES ('224', 'admin', '127.0.0.1', '内网IP', 'Chrome 11', 'Windows 10', '1', '验证码错误', '2023-09-18 22:08:15');
INSERT INTO `sys_logininfor` VALUES ('225', 'admin', '127.0.0.1', '内网IP', 'Chrome 11', 'Windows 10', '1', '验证码错误', '2023-09-18 22:08:19');
INSERT INTO `sys_logininfor` VALUES ('226', 'admin', '127.0.0.1', '内网IP', 'Chrome 11', 'Windows 10', '0', '登录成功', '2023-09-18 22:08:23');
INSERT INTO `sys_logininfor` VALUES ('227', 'admin', '127.0.0.1', '内网IP', 'Chrome 11', 'Windows 10', '0', '登录成功', '2023-09-19 16:09:47');
INSERT INTO `sys_logininfor` VALUES ('228', 'admin', '127.0.0.1', '内网IP', 'Chrome 11', 'Windows 10', '0', '登录成功', '2023-09-19 19:10:40');
INSERT INTO `sys_logininfor` VALUES ('229', 'admin', '127.0.0.1', '内网IP', 'Chrome 11', 'Windows 10', '0', '登录成功', '2023-09-19 19:57:52');
INSERT INTO `sys_logininfor` VALUES ('230', 'admin', '127.0.0.1', '内网IP', 'Chrome 11', 'Windows 10', '1', '用户不存在/密码错误', '2023-09-19 20:45:36');
INSERT INTO `sys_logininfor` VALUES ('231', 'admin', '127.0.0.1', '内网IP', 'Chrome 11', 'Windows 10', '1', '密码输入错误1次', '2023-09-19 20:45:36');
INSERT INTO `sys_logininfor` VALUES ('232', 'admin', '127.0.0.1', '内网IP', 'Chrome 11', 'Windows 10', '0', '登录成功', '2023-09-19 20:45:44');
INSERT INTO `sys_logininfor` VALUES ('233', 'admin', '127.0.0.1', '内网IP', 'Chrome 11', 'Windows 10', '1', '用户不存在/密码错误', '2023-09-20 09:59:39');
INSERT INTO `sys_logininfor` VALUES ('234', 'admin', '127.0.0.1', '内网IP', 'Chrome 11', 'Windows 10', '1', '密码输入错误1次', '2023-09-20 09:59:39');
INSERT INTO `sys_logininfor` VALUES ('235', 'admin', '127.0.0.1', '内网IP', 'Chrome 11', 'Windows 10', '1', '验证码错误', '2023-09-20 09:59:44');
INSERT INTO `sys_logininfor` VALUES ('236', 'admin', '127.0.0.1', '内网IP', 'Chrome 11', 'Windows 10', '0', '登录成功', '2023-09-20 09:59:46');
INSERT INTO `sys_logininfor` VALUES ('237', 'admin', '127.0.0.1', '内网IP', 'Chrome 11', 'Windows 10', '1', '密码输入错误1次', '2023-09-20 15:15:16');
INSERT INTO `sys_logininfor` VALUES ('238', 'admin', '127.0.0.1', '内网IP', 'Chrome 11', 'Windows 10', '1', '用户不存在/密码错误', '2023-09-20 15:15:16');
INSERT INTO `sys_logininfor` VALUES ('239', 'admin', '127.0.0.1', '内网IP', 'Chrome 11', 'Windows 10', '0', '登录成功', '2023-09-20 15:15:22');
INSERT INTO `sys_logininfor` VALUES ('240', 'admin', '127.0.0.1', '内网IP', 'Chrome 11', 'Windows 10', '1', '密码输入错误1次', '2023-09-20 16:59:37');
INSERT INTO `sys_logininfor` VALUES ('241', 'admin', '127.0.0.1', '内网IP', 'Chrome 11', 'Windows 10', '1', '用户不存在/密码错误', '2023-09-20 16:59:37');
INSERT INTO `sys_logininfor` VALUES ('242', 'admin', '127.0.0.1', '内网IP', 'Chrome 11', 'Windows 10', '1', '用户不存在/密码错误', '2023-09-20 16:59:39');
INSERT INTO `sys_logininfor` VALUES ('243', 'admin', '127.0.0.1', '内网IP', 'Chrome 11', 'Windows 10', '1', '密码输入错误2次', '2023-09-20 16:59:39');
INSERT INTO `sys_logininfor` VALUES ('244', 'admin', '127.0.0.1', '内网IP', 'Chrome 11', 'Windows 10', '0', '登录成功', '2023-09-20 16:59:45');
INSERT INTO `sys_logininfor` VALUES ('245', 'admin', '127.0.0.1', '内网IP', 'Chrome 11', 'Windows 10', '0', '登录成功', '2023-09-20 19:34:35');
INSERT INTO `sys_logininfor` VALUES ('246', 'admin', '127.0.0.1', '内网IP', 'Chrome 11', 'Windows 10', '0', '登录成功', '2023-09-20 22:54:10');
INSERT INTO `sys_logininfor` VALUES ('247', 'admin', '127.0.0.1', '内网IP', 'Chrome 11', 'Windows 10', '0', '登录成功', '2023-09-21 10:37:02');
INSERT INTO `sys_logininfor` VALUES ('248', 'admin', '127.0.0.1', '内网IP', 'Chrome 11', 'Windows 10', '0', '登录成功', '2023-09-21 14:16:09');
INSERT INTO `sys_logininfor` VALUES ('249', 'admin', '127.0.0.1', '内网IP', 'Chrome 11', 'Windows 10', '0', '登录成功', '2023-09-21 17:27:05');
INSERT INTO `sys_logininfor` VALUES ('250', 'admin', '127.0.0.1', '内网IP', 'Chrome 11', 'Windows 10', '1', '验证码已失效', '2023-09-21 17:27:06');
INSERT INTO `sys_logininfor` VALUES ('251', 'admin', '127.0.0.1', '内网IP', 'Chrome 11', 'Windows 10', '1', '密码输入错误1次', '2023-09-21 19:05:21');
INSERT INTO `sys_logininfor` VALUES ('252', 'admin', '127.0.0.1', '内网IP', 'Chrome 11', 'Windows 10', '1', '用户不存在/密码错误', '2023-09-21 19:05:21');
INSERT INTO `sys_logininfor` VALUES ('253', 'admin', '127.0.0.1', '内网IP', 'Chrome 11', 'Windows 10', '0', '登录成功', '2023-09-23 16:01:25');
INSERT INTO `sys_logininfor` VALUES ('254', 'admin', '127.0.0.1', '内网IP', 'Chrome 11', 'Windows 10', '0', '登录成功', '2023-09-23 16:59:33');
INSERT INTO `sys_logininfor` VALUES ('255', 'admin', '127.0.0.1', '内网IP', 'Chrome 11', 'Windows 10', '0', '登录成功', '2023-09-23 19:24:06');
INSERT INTO `sys_logininfor` VALUES ('256', 'admin', '127.0.0.1', '内网IP', 'Chrome 11', 'Windows 10', '0', '登录成功', '2023-09-23 20:40:00');
INSERT INTO `sys_logininfor` VALUES ('257', 'admin', '127.0.0.1', '内网IP', 'Chrome 11', 'Windows 10', '0', '退出成功', '2023-09-23 20:44:27');
INSERT INTO `sys_logininfor` VALUES ('258', 'admin', '127.0.0.1', '内网IP', 'Chrome 11', 'Windows 10', '0', '登录成功', '2023-09-23 20:44:34');
INSERT INTO `sys_logininfor` VALUES ('259', 'admin', '127.0.0.1', '内网IP', 'Chrome 11', 'Windows 10', '0', '登录成功', '2023-09-24 20:13:51');
INSERT INTO `sys_logininfor` VALUES ('260', 'admin', '127.0.0.1', '内网IP', 'Chrome 11', 'Windows 10', '0', '登录成功', '2023-09-24 22:07:56');
INSERT INTO `sys_logininfor` VALUES ('261', 'admin', '127.0.0.1', '内网IP', 'Chrome 11', 'Windows 10', '1', '用户不存在/密码错误', '2023-09-25 13:54:23');
INSERT INTO `sys_logininfor` VALUES ('262', 'admin', '127.0.0.1', '内网IP', 'Chrome 11', 'Windows 10', '1', '密码输入错误1次', '2023-09-25 13:54:23');
INSERT INTO `sys_logininfor` VALUES ('263', 'admin', '127.0.0.1', '内网IP', 'Chrome 11', 'Windows 10', '1', '验证码错误', '2023-09-25 13:54:24');
INSERT INTO `sys_logininfor` VALUES ('264', 'admin', '127.0.0.1', '内网IP', 'Chrome 11', 'Windows 10', '1', '密码输入错误2次', '2023-09-25 13:54:29');
INSERT INTO `sys_logininfor` VALUES ('265', 'admin', '127.0.0.1', '内网IP', 'Chrome 11', 'Windows 10', '1', '用户不存在/密码错误', '2023-09-25 13:54:29');
INSERT INTO `sys_logininfor` VALUES ('266', 'admin', '127.0.0.1', '内网IP', 'Chrome 11', 'Windows 10', '1', '密码输入错误3次', '2023-09-25 13:54:54');
INSERT INTO `sys_logininfor` VALUES ('267', 'admin', '127.0.0.1', '内网IP', 'Chrome 11', 'Windows 10', '1', '用户不存在/密码错误', '2023-09-25 13:54:54');
INSERT INTO `sys_logininfor` VALUES ('268', 'admin', '127.0.0.1', '内网IP', 'Chrome 11', 'Windows 10', '1', '用户不存在/密码错误', '2023-09-25 13:54:59');
INSERT INTO `sys_logininfor` VALUES ('269', 'admin', '127.0.0.1', '内网IP', 'Chrome 11', 'Windows 10', '1', '密码输入错误4次', '2023-09-25 13:54:59');
INSERT INTO `sys_logininfor` VALUES ('270', 'admin', '127.0.0.1', '内网IP', 'Chrome 11', 'Windows 10', '1', '密码输入错误5次', '2023-09-25 13:56:27');
INSERT INTO `sys_logininfor` VALUES ('271', 'admin', '127.0.0.1', '内网IP', 'Chrome 11', 'Windows 10', '1', '用户不存在/密码错误', '2023-09-25 13:56:27');
INSERT INTO `sys_logininfor` VALUES ('272', 'admin', '127.0.0.1', '内网IP', 'Chrome 11', 'Windows 10', '1', '验证码错误', '2023-09-25 13:57:02');
INSERT INTO `sys_logininfor` VALUES ('273', 'admin', '127.0.0.1', '内网IP', 'Chrome 11', 'Windows 10', '1', '密码输入错误5次，帐户锁定10分钟', '2023-09-25 13:57:05');
INSERT INTO `sys_logininfor` VALUES ('274', 'admin', '127.0.0.1', '内网IP', 'Chrome 11', 'Windows 10', '1', '密码输入错误5次，帐户锁定10分钟', '2023-09-25 13:57:05');
INSERT INTO `sys_logininfor` VALUES ('275', 'admin', '127.0.0.1', '内网IP', 'Chrome 11', 'Windows 10', '1', '密码输入错误5次，帐户锁定10分钟', '2023-09-25 13:59:28');
INSERT INTO `sys_logininfor` VALUES ('276', 'admin', '127.0.0.1', '内网IP', 'Chrome 11', 'Windows 10', '1', '密码输入错误5次，帐户锁定10分钟', '2023-09-25 13:59:28');
INSERT INTO `sys_logininfor` VALUES ('277', 'admin', '127.0.0.1', '内网IP', 'Chrome 11', 'Windows 10', '1', '验证码错误', '2023-09-25 13:59:57');
INSERT INTO `sys_logininfor` VALUES ('278', 'admin', '127.0.0.1', '内网IP', 'Chrome 11', 'Windows 10', '1', '密码输入错误5次，帐户锁定10分钟', '2023-09-25 14:00:13');
INSERT INTO `sys_logininfor` VALUES ('279', 'admin', '127.0.0.1', '内网IP', 'Chrome 11', 'Windows 10', '1', '密码输入错误5次，帐户锁定10分钟', '2023-09-25 14:00:13');
INSERT INTO `sys_logininfor` VALUES ('280', 'admin', '127.0.0.1', '内网IP', 'Chrome 11', 'Windows 10', '0', '登录成功', '2023-09-25 14:34:44');
INSERT INTO `sys_logininfor` VALUES ('281', 'admin', '127.0.0.1', '内网IP', 'Chrome 11', 'Windows 10', '0', '退出成功', '2023-09-25 14:37:54');
INSERT INTO `sys_logininfor` VALUES ('282', 'admin', '127.0.0.1', '内网IP', 'Chrome 11', 'Windows 10', '0', '登录成功', '2023-09-25 14:38:00');
INSERT INTO `sys_logininfor` VALUES ('283', 'admin', '127.0.0.1', '内网IP', 'Chrome 11', 'Windows 10', '0', '退出成功', '2023-09-25 14:55:03');
INSERT INTO `sys_logininfor` VALUES ('284', 'admin', '127.0.0.1', '内网IP', 'Chrome 11', 'Windows 10', '0', '登录成功', '2023-09-25 14:56:08');
INSERT INTO `sys_logininfor` VALUES ('285', 'admin', '127.0.0.1', '内网IP', 'Chrome 11', 'Windows 10', '0', '登录成功', '2023-09-25 20:12:13');
INSERT INTO `sys_logininfor` VALUES ('286', 'admin', '127.0.0.1', '内网IP', 'Chrome 11', 'Windows 10', '1', '密码输入错误1次', '2023-09-26 10:17:14');
INSERT INTO `sys_logininfor` VALUES ('287', 'admin', '127.0.0.1', '内网IP', 'Chrome 11', 'Windows 10', '1', '用户不存在/密码错误', '2023-09-26 10:17:14');
INSERT INTO `sys_logininfor` VALUES ('288', 'admin', '127.0.0.1', '内网IP', 'Chrome 11', 'Windows 10', '1', '验证码错误', '2023-09-26 10:17:18');
INSERT INTO `sys_logininfor` VALUES ('289', 'admin', '127.0.0.1', '内网IP', 'Chrome 11', 'Windows 10', '0', '登录成功', '2023-09-26 10:17:33');
INSERT INTO `sys_logininfor` VALUES ('290', 'admin', '127.0.0.1', '内网IP', 'Chrome 11', 'Windows 10', '0', '退出成功', '2023-09-26 10:30:59');
INSERT INTO `sys_logininfor` VALUES ('291', 'admin', '127.0.0.1', '内网IP', 'Chrome 11', 'Windows 10', '0', '登录成功', '2023-09-26 10:40:47');
INSERT INTO `sys_logininfor` VALUES ('292', 'admin', '127.0.0.1', '内网IP', 'Chrome 11', 'Windows 10', '0', '退出成功', '2023-09-26 10:41:33');
INSERT INTO `sys_logininfor` VALUES ('293', 'admin', '127.0.0.1', '内网IP', 'Chrome 11', 'Windows 10', '1', '验证码已失效', '2023-09-26 10:52:38');
INSERT INTO `sys_logininfor` VALUES ('294', 'admin', '127.0.0.1', '内网IP', 'Chrome 11', 'Windows 10', '0', '登录成功', '2023-09-26 10:52:41');
INSERT INTO `sys_logininfor` VALUES ('295', 'admin', '127.0.0.1', '内网IP', 'Chrome 11', 'Windows 10', '1', '验证码错误', '2023-09-26 14:55:36');
INSERT INTO `sys_logininfor` VALUES ('296', 'admin', '127.0.0.1', '内网IP', 'Chrome 11', 'Windows 10', '1', '验证码错误', '2023-09-26 14:55:40');
INSERT INTO `sys_logininfor` VALUES ('297', 'admin', '127.0.0.1', '内网IP', 'Chrome 11', 'Windows 10', '0', '登录成功', '2023-09-26 14:55:43');
INSERT INTO `sys_logininfor` VALUES ('298', 'admin', '127.0.0.1', '内网IP', 'Chrome 11', 'Windows 10', '1', '验证码已失效', '2023-09-26 15:42:10');
INSERT INTO `sys_logininfor` VALUES ('299', 'admin', '127.0.0.1', '内网IP', 'Chrome 11', 'Windows 10', '0', '登录成功', '2023-09-26 15:42:13');
INSERT INTO `sys_logininfor` VALUES ('300', 'admin', '127.0.0.1', '内网IP', 'Mobile Safari', 'iOS 10 (iPhone)', '0', '登录成功', '2023-09-26 16:08:52');
INSERT INTO `sys_logininfor` VALUES ('301', 'admin', '127.0.0.1', '内网IP', 'Chrome 11', 'Windows 10', '0', '退出成功', '2023-09-26 17:00:20');
INSERT INTO `sys_logininfor` VALUES ('302', 'admin', '127.0.0.1', '内网IP', 'Chrome 11', 'Windows 10', '1', '验证码已失效', '2023-09-26 17:02:54');
INSERT INTO `sys_logininfor` VALUES ('303', 'admin', '127.0.0.1', '内网IP', 'Chrome 11', 'Windows 10', '0', '登录成功', '2023-09-26 17:02:59');
INSERT INTO `sys_logininfor` VALUES ('304', 'admin', '127.0.0.1', '内网IP', 'Chrome 11', 'Windows 10', '0', '退出成功', '2023-09-26 17:06:55');
INSERT INTO `sys_logininfor` VALUES ('305', 'admin', '127.0.0.1', '内网IP', 'Chrome 11', 'Windows 10', '0', '登录成功', '2023-09-26 17:07:08');
INSERT INTO `sys_logininfor` VALUES ('306', 'admin', '127.0.0.1', '内网IP', 'Chrome 11', 'Windows 10', '0', '退出成功', '2023-09-26 17:10:54');
INSERT INTO `sys_logininfor` VALUES ('307', 'admin', '127.0.0.1', '内网IP', 'Chrome 11', 'Windows 10', '0', '登录成功', '2023-09-26 17:11:05');
INSERT INTO `sys_logininfor` VALUES ('308', 'admin', '127.0.0.1', '内网IP', 'Chrome 11', 'Windows 10', '0', '退出成功', '2023-09-26 17:19:18');
INSERT INTO `sys_logininfor` VALUES ('309', 'admin', '127.0.0.1', '内网IP', 'Chrome 11', 'Windows 10', '0', '登录成功', '2023-09-26 17:19:26');
INSERT INTO `sys_logininfor` VALUES ('310', 'admin', '127.0.0.1', '内网IP', 'Chrome 11', 'Windows 10', '0', '退出成功', '2023-09-26 17:19:44');
INSERT INTO `sys_logininfor` VALUES ('311', 'admin', '127.0.0.1', '内网IP', 'Chrome 11', 'Windows 10', '0', '登录成功', '2023-09-26 17:19:59');
INSERT INTO `sys_logininfor` VALUES ('312', 'admin', '192.168.3.3', '内网IP', 'Chrome Mobile', 'Android 1.x', '0', '登录成功', '2023-09-26 17:27:27');
INSERT INTO `sys_logininfor` VALUES ('313', 'admin', '127.0.0.1', '内网IP', 'Chrome 11', 'Windows 10', '0', '登录成功', '2023-09-26 18:21:57');
INSERT INTO `sys_logininfor` VALUES ('314', 'admin', '192.168.3.5', '内网IP', 'Mobile Safari', 'iOS 10 (iPhone)', '0', '登录成功', '2023-09-26 20:14:36');
INSERT INTO `sys_logininfor` VALUES ('315', 'admin', '127.0.0.1', '内网IP', 'Chrome 11', 'Windows 10', '0', '登录成功', '2023-09-26 20:15:10');
INSERT INTO `sys_logininfor` VALUES ('316', 'admin', '192.168.3.3', '内网IP', 'Chrome Mobile', 'Android 1.x', '0', '登录成功', '2023-09-26 20:29:27');
INSERT INTO `sys_logininfor` VALUES ('317', 'admin', '192.168.3.3', '内网IP', 'Chrome Mobile', 'Android 1.x', '0', '登录成功', '2023-09-26 20:43:42');
INSERT INTO `sys_logininfor` VALUES ('318', 'admin', '192.168.3.3', '内网IP', 'Chrome Mobile', 'Android 1.x', '0', '登录成功', '2023-09-26 20:47:10');
INSERT INTO `sys_logininfor` VALUES ('319', 'admin', '127.0.0.1', '内网IP', 'Chrome 11', 'Windows 10', '0', '登录成功', '2023-10-07 16:03:45');
INSERT INTO `sys_logininfor` VALUES ('320', 'admin', '127.0.0.1', '内网IP', 'Chrome 11', 'Windows 10', '0', '登录成功', '2023-10-07 17:07:36');
INSERT INTO `sys_logininfor` VALUES ('321', 'admin', '127.0.0.1', '内网IP', 'Chrome 11', 'Windows 10', '0', '登录成功', '2023-10-07 19:08:53');
INSERT INTO `sys_logininfor` VALUES ('322', 'admin', '127.0.0.1', '内网IP', 'Chrome 11', 'Windows 10', '0', '登录成功', '2023-10-08 09:40:55');
INSERT INTO `sys_logininfor` VALUES ('323', 'admin', '127.0.0.1', '内网IP', 'Chrome 11', 'Windows 10', '1', '用户不存在/密码错误', '2023-10-08 11:03:27');
INSERT INTO `sys_logininfor` VALUES ('324', 'admin', '127.0.0.1', '内网IP', 'Chrome 11', 'Windows 10', '1', '密码输入错误1次', '2023-10-08 11:03:27');
INSERT INTO `sys_logininfor` VALUES ('325', 'admin', '127.0.0.1', '内网IP', 'Chrome 11', 'Windows 10', '0', '登录成功', '2023-10-08 11:03:32');
INSERT INTO `sys_logininfor` VALUES ('326', 'admin', '127.0.0.1', '内网IP', 'Chrome 11', 'Windows 10', '1', '验证码已失效', '2023-10-08 17:50:03');
INSERT INTO `sys_logininfor` VALUES ('327', 'admin', '127.0.0.1', '内网IP', 'Chrome 11', 'Windows 10', '1', '密码输入错误1次', '2023-10-08 17:50:06');
INSERT INTO `sys_logininfor` VALUES ('328', 'admin', '127.0.0.1', '内网IP', 'Chrome 11', 'Windows 10', '1', '用户不存在/密码错误', '2023-10-08 17:50:06');
INSERT INTO `sys_logininfor` VALUES ('329', 'admin', '127.0.0.1', '内网IP', 'Chrome 11', 'Windows 10', '1', '验证码错误', '2023-10-08 17:50:13');
INSERT INTO `sys_logininfor` VALUES ('330', 'admin', '127.0.0.1', '内网IP', 'Chrome 11', 'Windows 10', '0', '登录成功', '2023-10-08 17:50:16');
INSERT INTO `sys_logininfor` VALUES ('331', 'admin', '127.0.0.1', '内网IP', 'Chrome 11', 'Windows 10', '0', '登录成功', '2023-10-08 18:46:24');
INSERT INTO `sys_logininfor` VALUES ('332', 'admin', '127.0.0.1', '内网IP', 'Chrome 11', 'Windows 10', '0', '登录成功', '2023-10-09 11:34:19');
INSERT INTO `sys_logininfor` VALUES ('333', 'admin', '127.0.0.1', '内网IP', 'Chrome 11', 'Windows 10', '0', 'ç»å½æå', '2023-10-09 22:35:44');
INSERT INTO `sys_logininfor` VALUES ('334', 'admin', '127.0.0.1', '内网IP', 'Chrome 11', 'Windows 10', '1', 'éªè¯ç å·²å¤±æ', '2023-10-09 22:35:46');
INSERT INTO `sys_logininfor` VALUES ('335', 'admin', '127.0.0.1', '内网IP', 'Chrome 11', 'Windows 10', '0', 'ç»å½æå', '2023-10-10 00:08:56');
INSERT INTO `sys_logininfor` VALUES ('336', 'admin', '127.0.0.1', '内网IP', 'Chrome 11', 'Windows 10', '0', 'ç»å½æå', '2023-10-10 10:31:36');
INSERT INTO `sys_logininfor` VALUES ('337', 'admin', '127.0.0.1', '内网IP', 'Chrome 11', 'Windows 10', '0', '退出成功', '2023-10-10 11:06:19');
INSERT INTO `sys_logininfor` VALUES ('338', 'lc', '127.0.0.1', '内网IP', 'Chrome 11', 'Windows 10', '0', 'ç»å½æå', '2023-10-10 11:06:27');
INSERT INTO `sys_logininfor` VALUES ('339', 'lc', '127.0.0.1', '内网IP', 'Chrome 11', 'Windows 10', '0', '退出成功', '2023-10-10 11:28:21');
INSERT INTO `sys_logininfor` VALUES ('340', 'admin', '127.0.0.1', '内网IP', 'Chrome 11', 'Windows 10', '0', 'ç»å½æå', '2023-10-10 11:28:33');
INSERT INTO `sys_logininfor` VALUES ('341', 'admin', '127.0.0.1', '内网IP', 'Chrome 11', 'Windows 10', '0', '退出成功', '2023-10-10 11:33:28');
INSERT INTO `sys_logininfor` VALUES ('342', 'lc', '127.0.0.1', '内网IP', 'Chrome 11', 'Windows 10', '0', 'ç»å½æå', '2023-10-10 11:33:37');
INSERT INTO `sys_logininfor` VALUES ('343', 'lc', '127.0.0.1', '内网IP', 'Chrome 11', 'Windows 10', '0', '退出成功', '2023-10-10 11:34:25');
INSERT INTO `sys_logininfor` VALUES ('344', 'admin', '127.0.0.1', '内网IP', 'Chrome 11', 'Windows 10', '1', 'ç¨æ·ä¸å­å¨/å¯ç éè¯¯', '2023-10-10 11:34:30');
INSERT INTO `sys_logininfor` VALUES ('345', 'admin', '127.0.0.1', '内网IP', 'Chrome 11', 'Windows 10', '1', 'å¯ç è¾å¥éè¯¯1æ¬¡', '2023-10-10 11:34:30');
INSERT INTO `sys_logininfor` VALUES ('346', 'admin', '127.0.0.1', '内网IP', 'Chrome 11', 'Windows 10', '1', 'éªè¯ç éè¯¯', '2023-10-10 11:34:32');
INSERT INTO `sys_logininfor` VALUES ('347', 'admin', '127.0.0.1', '内网IP', 'Chrome 11', 'Windows 10', '1', 'å¯ç è¾å¥éè¯¯2æ¬¡', '2023-10-10 11:34:36');
INSERT INTO `sys_logininfor` VALUES ('348', 'admin', '127.0.0.1', '内网IP', 'Chrome 11', 'Windows 10', '1', 'ç¨æ·ä¸å­å¨/å¯ç éè¯¯', '2023-10-10 11:34:36');
INSERT INTO `sys_logininfor` VALUES ('349', 'admin', '127.0.0.1', '内网IP', 'Chrome 11', 'Windows 10', '1', 'éªè¯ç éè¯¯', '2023-10-10 11:35:20');
INSERT INTO `sys_logininfor` VALUES ('350', 'admin', '127.0.0.1', '内网IP', 'Chrome 11', 'Windows 10', '1', 'éªè¯ç éè¯¯', '2023-10-10 11:35:28');
INSERT INTO `sys_logininfor` VALUES ('351', 'admin', '127.0.0.1', '内网IP', 'Chrome 11', 'Windows 10', '1', 'éªè¯ç éè¯¯', '2023-10-10 11:41:14');
INSERT INTO `sys_logininfor` VALUES ('352', 'admin', '127.0.0.1', '内网IP', 'Chrome 11', 'Windows 10', '1', '??????', '2023-10-10 11:42:52');
INSERT INTO `sys_logininfor` VALUES ('353', 'admin', '127.0.0.1', '内网IP', 'Chrome 11', 'Windows 10', '1', '??????', '2023-10-10 11:42:52');
INSERT INTO `sys_logininfor` VALUES ('354', 'admin', '127.0.0.1', '内网IP', 'Chrome 11', 'Windows 10', '1', '??????', '2023-10-10 11:42:52');
INSERT INTO `sys_logininfor` VALUES ('355', 'admin', '127.0.0.1', '内网IP', 'Chrome 11', 'Windows 10', '1', '?????', '2023-10-10 11:42:56');
INSERT INTO `sys_logininfor` VALUES ('356', 'admin', '127.0.0.1', '内网IP', 'Chrome 11', 'Windows 10', '1', 'éªè¯ç å·²å¤±æ', '2023-10-10 11:46:52');
INSERT INTO `sys_logininfor` VALUES ('357', 'admin', '127.0.0.1', '内网IP', 'Chrome 11', 'Windows 10', '1', 'éªè¯ç éè¯¯', '2023-10-10 11:47:07');
INSERT INTO `sys_logininfor` VALUES ('358', 'admin', '127.0.0.1', '内网IP', 'Chrome 11', 'Windows 10', '1', 'éªè¯ç éè¯¯', '2023-10-10 11:47:28');
INSERT INTO `sys_logininfor` VALUES ('359', 'admin', '127.0.0.1', '内网IP', 'Chrome 11', 'Windows 10', '1', 'éªè¯ç éè¯¯', '2023-10-10 14:11:22');
INSERT INTO `sys_logininfor` VALUES ('360', 'admin', '127.0.0.1', '内网IP', 'Chrome 11', 'Windows 10', '1', 'éªè¯ç å·²å¤±æ', '2023-10-10 14:12:12');
INSERT INTO `sys_logininfor` VALUES ('361', 'admin', '127.0.0.1', '内网IP', 'Chrome 11', 'Windows 10', '0', 'ç»å½æå', '2023-10-10 14:12:15');
INSERT INTO `sys_logininfor` VALUES ('362', 'admin', '127.0.0.1', '内网IP', 'Chrome 11', 'Windows 10', '0', '退出成功', '2023-10-10 14:12:42');
INSERT INTO `sys_logininfor` VALUES ('363', 'lc', '127.0.0.1', '内网IP', 'Chrome 11', 'Windows 10', '0', 'ç»å½æå', '2023-10-10 14:12:55');
INSERT INTO `sys_logininfor` VALUES ('364', 'lc', '127.0.0.1', '内网IP', 'Chrome 11', 'Windows 10', '0', '退出成功', '2023-10-10 14:43:03');
INSERT INTO `sys_logininfor` VALUES ('365', 'admin', '127.0.0.1', '内网IP', 'Chrome 11', 'Windows 10', '0', 'ç»å½æå', '2023-10-10 14:43:09');
INSERT INTO `sys_logininfor` VALUES ('366', 'admin', '127.0.0.1', '内网IP', 'Chrome 11', 'Windows 10', '1', 'å¯ç è¾å¥éè¯¯1æ¬¡', '2023-10-10 16:13:04');
INSERT INTO `sys_logininfor` VALUES ('367', 'admin', '127.0.0.1', '内网IP', 'Chrome 11', 'Windows 10', '1', 'ç¨æ·ä¸å­å¨/å¯ç éè¯¯', '2023-10-10 16:13:04');
INSERT INTO `sys_logininfor` VALUES ('368', 'admin', '127.0.0.1', '内网IP', 'Chrome 11', 'Windows 10', '1', 'éªè¯ç å·²å¤±æ', '2023-10-10 16:13:04');
INSERT INTO `sys_logininfor` VALUES ('369', 'admin', '127.0.0.1', '内网IP', 'Chrome 11', 'Windows 10', '1', 'éªè¯ç å·²å¤±æ', '2023-10-10 16:13:04');
INSERT INTO `sys_logininfor` VALUES ('370', 'admin', '127.0.0.1', '内网IP', 'Chrome 11', 'Windows 10', '1', 'å¯ç è¾å¥éè¯¯2æ¬¡', '2023-10-10 16:13:08');
INSERT INTO `sys_logininfor` VALUES ('371', 'admin', '127.0.0.1', '内网IP', 'Chrome 11', 'Windows 10', '1', 'ç¨æ·ä¸å­å¨/å¯ç éè¯¯', '2023-10-10 16:13:08');
INSERT INTO `sys_logininfor` VALUES ('372', 'admin', '127.0.0.1', '内网IP', 'Chrome 11', 'Windows 10', '0', 'ç»å½æå', '2023-10-10 16:13:16');
INSERT INTO `sys_logininfor` VALUES ('373', 'admin', '127.0.0.1', '内网IP', 'Chrome 11', 'Windows 10', '0', '退出成功', '2023-10-10 17:25:31');
INSERT INTO `sys_logininfor` VALUES ('374', 'lc', '127.0.0.1', '内网IP', 'Chrome 11', 'Windows 10', '0', 'ç»å½æå', '2023-10-10 17:25:38');
INSERT INTO `sys_logininfor` VALUES ('375', 'lc', '127.0.0.1', '内网IP', 'Chrome 11', 'Windows 10', '0', '退出成功', '2023-10-10 18:27:18');
INSERT INTO `sys_logininfor` VALUES ('376', 'lc', '127.0.0.1', '内网IP', 'Chrome 11', 'Windows 10', '0', 'ç»å½æå', '2023-10-10 18:27:30');
INSERT INTO `sys_logininfor` VALUES ('377', 'admin', '127.0.0.1', '内网IP', 'Chrome 11', 'Windows 10', '0', 'ç»å½æå', '2023-10-10 19:52:16');
INSERT INTO `sys_logininfor` VALUES ('378', 'admin', '127.0.0.1', '内网IP', 'Chrome 11', 'Windows 10', '0', '退出成功', '2023-10-10 19:57:20');
INSERT INTO `sys_logininfor` VALUES ('379', 'lc', '127.0.0.1', '内网IP', 'Chrome 11', 'Windows 10', '0', 'ç»å½æå', '2023-10-10 19:57:25');
INSERT INTO `sys_logininfor` VALUES ('380', 'admin', '127.0.0.1', '内网IP', 'Chrome 11', 'Windows 10', '0', 'ç»å½æå', '2023-10-10 20:53:29');
INSERT INTO `sys_logininfor` VALUES ('381', 'admin', '127.0.0.1', '内网IP', 'Chrome 11', 'Windows 10', '0', '退出成功', '2023-10-10 20:53:40');
INSERT INTO `sys_logininfor` VALUES ('382', 'lc', '127.0.0.1', '内网IP', 'Chrome 11', 'Windows 10', '1', 'éªè¯ç éè¯¯', '2023-10-10 20:53:46');
INSERT INTO `sys_logininfor` VALUES ('383', 'lc', '127.0.0.1', '内网IP', 'Chrome 11', 'Windows 10', '0', 'ç»å½æå', '2023-10-10 20:53:50');
INSERT INTO `sys_logininfor` VALUES ('384', 'lc', '127.0.0.1', '内网IP', 'Chrome 11', 'Windows 10', '0', '退出成功', '2023-10-10 21:24:13');
INSERT INTO `sys_logininfor` VALUES ('385', 'zg', '127.0.0.1', '内网IP', 'Chrome 11', 'Windows 10', '0', 'ç»å½æå', '2023-10-10 21:24:21');
INSERT INTO `sys_logininfor` VALUES ('386', 'zg', '127.0.0.1', '内网IP', 'Chrome 11', 'Windows 10', '0', '退出成功', '2023-10-10 21:24:51');
INSERT INTO `sys_logininfor` VALUES ('387', 'lc', '127.0.0.1', '内网IP', 'Chrome 11', 'Windows 10', '0', 'ç»å½æå', '2023-10-10 21:24:59');
INSERT INTO `sys_logininfor` VALUES ('388', 'lc', '127.0.0.1', '内网IP', 'Chrome 11', 'Windows 10', '0', '退出成功', '2023-10-10 22:23:53');
INSERT INTO `sys_logininfor` VALUES ('389', 'zg', '127.0.0.1', '内网IP', 'Chrome 11', 'Windows 10', '0', 'ç»å½æå', '2023-10-10 22:24:00');
INSERT INTO `sys_logininfor` VALUES ('390', 'lc', '^http(s?)://(.*).bing\\.com/(.*)', '内网IP', 'Chrome 11', 'Windows 10', '0', 'ç»å½æå', '2023-10-10 22:39:52');
INSERT INTO `sys_logininfor` VALUES ('391', 'admin', '127.0.0.1', '内网IP', 'Chrome 11', 'Windows 10', '0', 'ç»å½æå', '2023-10-11 17:55:54');
INSERT INTO `sys_logininfor` VALUES ('392', 'admin', '127.0.0.1', '内网IP', 'Chrome 11', 'Windows 10', '0', '退出成功', '2023-10-11 18:03:02');
INSERT INTO `sys_logininfor` VALUES ('393', 'lc', '127.0.0.1', '内网IP', 'Chrome 11', 'Windows 10', '0', 'ç»å½æå', '2023-10-11 18:03:10');
INSERT INTO `sys_logininfor` VALUES ('394', 'admin', '127.0.0.1', '内网IP', 'Chrome 11', 'Windows 10', '1', 'ç¨æ·ä¸å­å¨/å¯ç éè¯¯', '2023-10-11 19:09:51');
INSERT INTO `sys_logininfor` VALUES ('395', 'admin', '127.0.0.1', '内网IP', 'Chrome 11', 'Windows 10', '1', 'å¯ç è¾å¥éè¯¯1æ¬¡', '2023-10-11 19:09:51');
INSERT INTO `sys_logininfor` VALUES ('396', 'admin', '127.0.0.1', '内网IP', 'Chrome 11', 'Windows 10', '1', 'å¯ç è¾å¥éè¯¯2æ¬¡', '2023-10-11 19:09:55');
INSERT INTO `sys_logininfor` VALUES ('397', 'admin', '127.0.0.1', '内网IP', 'Chrome 11', 'Windows 10', '1', 'ç¨æ·ä¸å­å¨/å¯ç éè¯¯', '2023-10-11 19:09:55');
INSERT INTO `sys_logininfor` VALUES ('398', 'admin', '127.0.0.1', '内网IP', 'Chrome 11', 'Windows 10', '0', 'ç»å½æå', '2023-10-11 19:10:02');
INSERT INTO `sys_logininfor` VALUES ('399', 'lc', '^http(s?)://(.*).bing\\.com/(.*)', '内网IP', 'Chrome 11', 'Windows 10', '0', 'ç»å½æå', '2023-10-11 19:10:31');
INSERT INTO `sys_logininfor` VALUES ('400', 'admin', '127.0.0.1', '内网IP', 'Chrome 11', 'Windows 10', '0', '退出成功', '2023-10-11 19:16:11');
INSERT INTO `sys_logininfor` VALUES ('401', 'zg', '127.0.0.1', '内网IP', 'Chrome 11', 'Windows 10', '0', 'ç»å½æå', '2023-10-11 19:16:19');
INSERT INTO `sys_logininfor` VALUES ('402', 'zg', '127.0.0.1', '内网IP', 'Chrome 11', 'Windows 10', '0', '退出成功', '2023-10-11 19:27:27');
INSERT INTO `sys_logininfor` VALUES ('403', 'admin', '127.0.0.1', '内网IP', 'Chrome 11', 'Windows 10', '0', 'ç»å½æå', '2023-10-11 19:27:33');
INSERT INTO `sys_logininfor` VALUES ('404', 'admin', '127.0.0.1', '内网IP', 'Chrome 11', 'Windows 10', '0', '退出成功', '2023-10-11 19:27:44');
INSERT INTO `sys_logininfor` VALUES ('405', 'zg', '127.0.0.1', '内网IP', 'Chrome 11', 'Windows 10', '0', 'ç»å½æå', '2023-10-11 19:27:54');
INSERT INTO `sys_logininfor` VALUES ('406', 'lc', '^http(s?)://(.*).bing\\.com/(.*)', '内网IP', 'Chrome 11', 'Windows 10', '0', 'ç»å½æå', '2023-10-11 20:00:44');
INSERT INTO `sys_logininfor` VALUES ('407', 'zg', '127.0.0.1', '内网IP', 'Chrome 11', 'Windows 10', '0', 'ç»å½æå', '2023-10-11 21:01:11');
INSERT INTO `sys_logininfor` VALUES ('408', 'zf', '^http(s?)://(.*).bing\\.com/(.*)', '内网IP', 'Chrome 11', 'Windows 10', '0', 'ç»å½æå', '2023-10-11 22:19:47');
INSERT INTO `sys_logininfor` VALUES ('409', 'admin', '127.0.0.1', '内网IP', 'Chrome 11', 'Windows 10', '0', 'ç»å½æå', '2023-10-12 11:28:57');

-- ----------------------------
-- Table structure for sys_menu
-- ----------------------------
DROP TABLE IF EXISTS `sys_menu`;
CREATE TABLE `sys_menu` (
  `menu_id` bigint(20) NOT NULL AUTO_INCREMENT COMMENT '菜单ID',
  `menu_name` varchar(50) NOT NULL COMMENT '菜单名称',
  `parent_id` bigint(20) DEFAULT '0' COMMENT '父菜单ID',
  `order_num` int(4) DEFAULT '0' COMMENT '显示顺序',
  `path` varchar(200) DEFAULT '' COMMENT '路由地址',
  `component` varchar(255) DEFAULT NULL COMMENT '组件路径',
  `query` varchar(255) DEFAULT NULL COMMENT '路由参数',
  `is_frame` int(1) DEFAULT '1' COMMENT '是否为外链（0是 1否）',
  `is_cache` int(1) DEFAULT '0' COMMENT '是否缓存（0缓存 1不缓存）',
  `menu_type` char(1) DEFAULT '' COMMENT '菜单类型（M目录 C菜单 F按钮）',
  `visible` char(1) DEFAULT '0' COMMENT '菜单状态（0显示 1隐藏）',
  `status` char(1) DEFAULT '0' COMMENT '菜单状态（0正常 1停用）',
  `perms` varchar(100) DEFAULT NULL COMMENT '权限标识',
  `icon` varchar(100) DEFAULT '#' COMMENT '菜单图标',
  `create_by` varchar(64) DEFAULT '' COMMENT '创建者',
  `create_time` datetime DEFAULT NULL COMMENT '创建时间',
  `update_by` varchar(64) DEFAULT '' COMMENT '更新者',
  `update_time` datetime DEFAULT NULL COMMENT '更新时间',
  `remark` varchar(500) DEFAULT '' COMMENT '备注',
  PRIMARY KEY (`menu_id`)
) ENGINE=InnoDB AUTO_INCREMENT=2261 DEFAULT CHARSET=utf8mb4 COMMENT='菜单权限表';

-- ----------------------------
-- Records of sys_menu
-- ----------------------------
INSERT INTO `sys_menu` VALUES ('1', '系统管理', '0', '9', 'system', null, '', '1', '0', 'M', '0', '0', '', 'system', 'admin', '2023-07-18 11:20:02', 'admin', '2023-07-18 15:50:31', '系统管理目录');
INSERT INTO `sys_menu` VALUES ('2', '系统监控', '0', '10', 'monitor', null, '', '1', '0', 'M', '0', '0', '', 'monitor', 'admin', '2023-07-18 11:20:02', 'admin', '2023-07-18 15:50:22', '系统监控目录');
INSERT INTO `sys_menu` VALUES ('3', '系统工具', '0', '8', 'tool', null, '', '1', '0', 'M', '0', '0', '', 'tool', 'admin', '2023-07-18 11:20:02', 'admin', '2023-07-18 15:52:16', '系统工具目录');
INSERT INTO `sys_menu` VALUES ('100', '用户管理', '1', '1', 'user', 'system/user/index', '', '1', '0', 'C', '0', '0', 'system:user:list', 'user', 'admin', '2023-07-18 11:20:02', '', null, '用户管理菜单');
INSERT INTO `sys_menu` VALUES ('101', '角色管理', '1', '2', 'role', 'system/role/index', '', '1', '0', 'C', '0', '0', 'system:role:list', 'peoples', 'admin', '2023-07-18 11:20:02', '', null, '角色管理菜单');
INSERT INTO `sys_menu` VALUES ('102', '菜单管理', '1', '3', 'menu', 'system/menu/index', '', '1', '0', 'C', '0', '0', 'system:menu:list', 'tree-table', 'admin', '2023-07-18 11:20:02', '', null, '菜单管理菜单');
INSERT INTO `sys_menu` VALUES ('103', '部门管理', '1', '4', 'dept', 'system/dept/index', '', '1', '0', 'C', '0', '0', 'system:dept:list', 'tree', 'admin', '2023-07-18 11:20:02', '', null, '部门管理菜单');
INSERT INTO `sys_menu` VALUES ('104', '岗位管理', '1', '5', 'post', 'system/post/index', '', '1', '0', 'C', '0', '0', 'system:post:list', 'post', 'admin', '2023-07-18 11:20:02', '', null, '岗位管理菜单');
INSERT INTO `sys_menu` VALUES ('105', '字典管理', '1', '6', 'dict', 'system/dict/index', '', '1', '0', 'C', '0', '0', 'system:dict:list', 'dict', 'admin', '2023-07-18 11:20:02', '', null, '字典管理菜单');
INSERT INTO `sys_menu` VALUES ('106', '参数设置', '1', '7', 'config', 'system/config/index', '', '1', '0', 'C', '0', '0', 'system:config:list', 'edit', 'admin', '2023-07-18 11:20:02', '', null, '参数设置菜单');
INSERT INTO `sys_menu` VALUES ('107', '通知公告', '1', '8', 'notice', 'system/notice/index', '', '1', '0', 'C', '0', '0', 'system:notice:list', 'message', 'admin', '2023-07-18 11:20:02', '', null, '通知公告菜单');
INSERT INTO `sys_menu` VALUES ('108', '日志管理', '1', '9', 'log', '', '', '1', '0', 'M', '0', '0', '', 'log', 'admin', '2023-07-18 11:20:02', '', null, '日志管理菜单');
INSERT INTO `sys_menu` VALUES ('109', '在线用户', '2', '1', 'online', 'monitor/online/index', '', '1', '0', 'C', '0', '0', 'monitor:online:list', 'online', 'admin', '2023-07-18 11:20:02', '', null, '在线用户菜单');
INSERT INTO `sys_menu` VALUES ('110', '定时任务', '2', '2', 'job', 'monitor/job/index', '', '1', '0', 'C', '0', '0', 'monitor:job:list', 'job', 'admin', '2023-07-18 11:20:02', '', null, '定时任务菜单');
INSERT INTO `sys_menu` VALUES ('111', '数据监控', '2', '3', 'druid', 'monitor/druid/index', '', '1', '0', 'C', '0', '0', 'monitor:druid:list', 'druid', 'admin', '2023-07-18 11:20:02', '', null, '数据监控菜单');
INSERT INTO `sys_menu` VALUES ('112', '服务监控', '2', '4', 'server', 'monitor/server/index', '', '1', '0', 'C', '0', '0', 'monitor:server:list', 'server', 'admin', '2023-07-18 11:20:02', '', null, '服务监控菜单');
INSERT INTO `sys_menu` VALUES ('113', '缓存监控', '2', '5', 'cache', 'monitor/cache/index', '', '1', '0', 'C', '0', '0', 'monitor:cache:list', 'redis', 'admin', '2023-07-18 11:20:02', '', null, '缓存监控菜单');
INSERT INTO `sys_menu` VALUES ('114', '缓存列表', '2', '6', 'cacheList', 'monitor/cache/list', '', '1', '0', 'C', '0', '0', 'monitor:cache:list', 'redis-list', 'admin', '2023-07-18 11:20:02', '', null, '缓存列表菜单');
INSERT INTO `sys_menu` VALUES ('115', '表单构建', '3', '1', 'build', 'tool/build/index', '', '1', '0', 'C', '0', '0', 'tool:build:list', 'build', 'admin', '2023-07-18 11:20:02', '', null, '表单构建菜单');
INSERT INTO `sys_menu` VALUES ('116', '代码生成', '3', '2', 'gen', 'tool/gen/index', '', '1', '0', 'C', '0', '0', 'tool:gen:list', 'code', 'admin', '2023-07-18 11:20:02', '', null, '代码生成菜单');
INSERT INTO `sys_menu` VALUES ('117', '系统接口', '3', '3', 'swagger', 'tool/swagger/index', '', '1', '0', 'C', '0', '0', 'tool:swagger:list', 'swagger', 'admin', '2023-07-18 11:20:02', '', null, '系统接口菜单');
INSERT INTO `sys_menu` VALUES ('500', '操作日志', '108', '1', 'operlog', 'monitor/operlog/index', '', '1', '0', 'C', '0', '0', 'monitor:operlog:list', 'form', 'admin', '2023-07-18 11:20:02', '', null, '操作日志菜单');
INSERT INTO `sys_menu` VALUES ('501', '登录日志', '108', '2', 'logininfor', 'monitor/logininfor/index', '', '1', '0', 'C', '0', '0', 'monitor:logininfor:list', 'logininfor', 'admin', '2023-07-18 11:20:02', '', null, '登录日志菜单');
INSERT INTO `sys_menu` VALUES ('1000', '用户查询', '100', '1', '', '', '', '1', '0', 'F', '0', '0', 'system:user:query', '#', 'admin', '2023-07-18 11:20:02', '', null, '');
INSERT INTO `sys_menu` VALUES ('1001', '用户新增', '100', '2', '', '', '', '1', '0', 'F', '0', '0', 'system:user:add', '#', 'admin', '2023-07-18 11:20:02', '', null, '');
INSERT INTO `sys_menu` VALUES ('1002', '用户修改', '100', '3', '', '', '', '1', '0', 'F', '0', '0', 'system:user:edit', '#', 'admin', '2023-07-18 11:20:02', '', null, '');
INSERT INTO `sys_menu` VALUES ('1003', '用户删除', '100', '4', '', '', '', '1', '0', 'F', '0', '0', 'system:user:remove', '#', 'admin', '2023-07-18 11:20:02', '', null, '');
INSERT INTO `sys_menu` VALUES ('1004', '用户导出', '100', '5', '', '', '', '1', '0', 'F', '0', '0', 'system:user:export', '#', 'admin', '2023-07-18 11:20:02', '', null, '');
INSERT INTO `sys_menu` VALUES ('1005', '用户导入', '100', '6', '', '', '', '1', '0', 'F', '0', '0', 'system:user:import', '#', 'admin', '2023-07-18 11:20:02', '', null, '');
INSERT INTO `sys_menu` VALUES ('1006', '重置密码', '100', '7', '', '', '', '1', '0', 'F', '0', '0', 'system:user:resetPwd', '#', 'admin', '2023-07-18 11:20:02', '', null, '');
INSERT INTO `sys_menu` VALUES ('1007', '角色查询', '101', '1', '', '', '', '1', '0', 'F', '0', '0', 'system:role:query', '#', 'admin', '2023-07-18 11:20:02', '', null, '');
INSERT INTO `sys_menu` VALUES ('1008', '角色新增', '101', '2', '', '', '', '1', '0', 'F', '0', '0', 'system:role:add', '#', 'admin', '2023-07-18 11:20:02', '', null, '');
INSERT INTO `sys_menu` VALUES ('1009', '角色修改', '101', '3', '', '', '', '1', '0', 'F', '0', '0', 'system:role:edit', '#', 'admin', '2023-07-18 11:20:02', '', null, '');
INSERT INTO `sys_menu` VALUES ('1010', '角色删除', '101', '4', '', '', '', '1', '0', 'F', '0', '0', 'system:role:remove', '#', 'admin', '2023-07-18 11:20:02', '', null, '');
INSERT INTO `sys_menu` VALUES ('1011', '角色导出', '101', '5', '', '', '', '1', '0', 'F', '0', '0', 'system:role:export', '#', 'admin', '2023-07-18 11:20:02', '', null, '');
INSERT INTO `sys_menu` VALUES ('1012', '菜单查询', '102', '1', '', '', '', '1', '0', 'F', '0', '0', 'system:menu:query', '#', 'admin', '2023-07-18 11:20:02', '', null, '');
INSERT INTO `sys_menu` VALUES ('1013', '菜单新增', '102', '2', '', '', '', '1', '0', 'F', '0', '0', 'system:menu:add', '#', 'admin', '2023-07-18 11:20:02', '', null, '');
INSERT INTO `sys_menu` VALUES ('1014', '菜单修改', '102', '3', '', '', '', '1', '0', 'F', '0', '0', 'system:menu:edit', '#', 'admin', '2023-07-18 11:20:02', '', null, '');
INSERT INTO `sys_menu` VALUES ('1015', '菜单删除', '102', '4', '', '', '', '1', '0', 'F', '0', '0', 'system:menu:remove', '#', 'admin', '2023-07-18 11:20:02', '', null, '');
INSERT INTO `sys_menu` VALUES ('1016', '部门查询', '103', '1', '', '', '', '1', '0', 'F', '0', '0', 'system:dept:query', '#', 'admin', '2023-07-18 11:20:02', '', null, '');
INSERT INTO `sys_menu` VALUES ('1017', '部门新增', '103', '2', '', '', '', '1', '0', 'F', '0', '0', 'system:dept:add', '#', 'admin', '2023-07-18 11:20:02', '', null, '');
INSERT INTO `sys_menu` VALUES ('1018', '部门修改', '103', '3', '', '', '', '1', '0', 'F', '0', '0', 'system:dept:edit', '#', 'admin', '2023-07-18 11:20:02', '', null, '');
INSERT INTO `sys_menu` VALUES ('1019', '部门删除', '103', '4', '', '', '', '1', '0', 'F', '0', '0', 'system:dept:remove', '#', 'admin', '2023-07-18 11:20:02', '', null, '');
INSERT INTO `sys_menu` VALUES ('1020', '岗位查询', '104', '1', '', '', '', '1', '0', 'F', '0', '0', 'system:post:query', '#', 'admin', '2023-07-18 11:20:02', '', null, '');
INSERT INTO `sys_menu` VALUES ('1021', '岗位新增', '104', '2', '', '', '', '1', '0', 'F', '0', '0', 'system:post:add', '#', 'admin', '2023-07-18 11:20:02', '', null, '');
INSERT INTO `sys_menu` VALUES ('1022', '岗位修改', '104', '3', '', '', '', '1', '0', 'F', '0', '0', 'system:post:edit', '#', 'admin', '2023-07-18 11:20:02', '', null, '');
INSERT INTO `sys_menu` VALUES ('1023', '岗位删除', '104', '4', '', '', '', '1', '0', 'F', '0', '0', 'system:post:remove', '#', 'admin', '2023-07-18 11:20:02', '', null, '');
INSERT INTO `sys_menu` VALUES ('1024', '岗位导出', '104', '5', '', '', '', '1', '0', 'F', '0', '0', 'system:post:export', '#', 'admin', '2023-07-18 11:20:02', '', null, '');
INSERT INTO `sys_menu` VALUES ('1025', '字典查询', '105', '1', '#', '', '', '1', '0', 'F', '0', '0', 'system:dict:query', '#', 'admin', '2023-07-18 11:20:02', '', null, '');
INSERT INTO `sys_menu` VALUES ('1026', '字典新增', '105', '2', '#', '', '', '1', '0', 'F', '0', '0', 'system:dict:add', '#', 'admin', '2023-07-18 11:20:02', '', null, '');
INSERT INTO `sys_menu` VALUES ('1027', '字典修改', '105', '3', '#', '', '', '1', '0', 'F', '0', '0', 'system:dict:edit', '#', 'admin', '2023-07-18 11:20:02', '', null, '');
INSERT INTO `sys_menu` VALUES ('1028', '字典删除', '105', '4', '#', '', '', '1', '0', 'F', '0', '0', 'system:dict:remove', '#', 'admin', '2023-07-18 11:20:02', '', null, '');
INSERT INTO `sys_menu` VALUES ('1029', '字典导出', '105', '5', '#', '', '', '1', '0', 'F', '0', '0', 'system:dict:export', '#', 'admin', '2023-07-18 11:20:02', '', null, '');
INSERT INTO `sys_menu` VALUES ('1030', '参数查询', '106', '1', '#', '', '', '1', '0', 'F', '0', '0', 'system:config:query', '#', 'admin', '2023-07-18 11:20:02', '', null, '');
INSERT INTO `sys_menu` VALUES ('1031', '参数新增', '106', '2', '#', '', '', '1', '0', 'F', '0', '0', 'system:config:add', '#', 'admin', '2023-07-18 11:20:02', '', null, '');
INSERT INTO `sys_menu` VALUES ('1032', '参数修改', '106', '3', '#', '', '', '1', '0', 'F', '0', '0', 'system:config:edit', '#', 'admin', '2023-07-18 11:20:02', '', null, '');
INSERT INTO `sys_menu` VALUES ('1033', '参数删除', '106', '4', '#', '', '', '1', '0', 'F', '0', '0', 'system:config:remove', '#', 'admin', '2023-07-18 11:20:02', '', null, '');
INSERT INTO `sys_menu` VALUES ('1034', '参数导出', '106', '5', '#', '', '', '1', '0', 'F', '0', '0', 'system:config:export', '#', 'admin', '2023-07-18 11:20:02', '', null, '');
INSERT INTO `sys_menu` VALUES ('1035', '公告查询', '107', '1', '#', '', '', '1', '0', 'F', '0', '0', 'system:notice:query', '#', 'admin', '2023-07-18 11:20:02', '', null, '');
INSERT INTO `sys_menu` VALUES ('1036', '公告新增', '107', '2', '#', '', '', '1', '0', 'F', '0', '0', 'system:notice:add', '#', 'admin', '2023-07-18 11:20:02', '', null, '');
INSERT INTO `sys_menu` VALUES ('1037', '公告修改', '107', '3', '#', '', '', '1', '0', 'F', '0', '0', 'system:notice:edit', '#', 'admin', '2023-07-18 11:20:02', '', null, '');
INSERT INTO `sys_menu` VALUES ('1038', '公告删除', '107', '4', '#', '', '', '1', '0', 'F', '0', '0', 'system:notice:remove', '#', 'admin', '2023-07-18 11:20:02', '', null, '');
INSERT INTO `sys_menu` VALUES ('1039', '操作查询', '500', '1', '#', '', '', '1', '0', 'F', '0', '0', 'monitor:operlog:query', '#', 'admin', '2023-07-18 11:20:02', '', null, '');
INSERT INTO `sys_menu` VALUES ('1040', '操作删除', '500', '2', '#', '', '', '1', '0', 'F', '0', '0', 'monitor:operlog:remove', '#', 'admin', '2023-07-18 11:20:02', '', null, '');
INSERT INTO `sys_menu` VALUES ('1041', '日志导出', '500', '3', '#', '', '', '1', '0', 'F', '0', '0', 'monitor:operlog:export', '#', 'admin', '2023-07-18 11:20:02', '', null, '');
INSERT INTO `sys_menu` VALUES ('1042', '登录查询', '501', '1', '#', '', '', '1', '0', 'F', '0', '0', 'monitor:logininfor:query', '#', 'admin', '2023-07-18 11:20:02', '', null, '');
INSERT INTO `sys_menu` VALUES ('1043', '登录删除', '501', '2', '#', '', '', '1', '0', 'F', '0', '0', 'monitor:logininfor:remove', '#', 'admin', '2023-07-18 11:20:02', '', null, '');
INSERT INTO `sys_menu` VALUES ('1044', '日志导出', '501', '3', '#', '', '', '1', '0', 'F', '0', '0', 'monitor:logininfor:export', '#', 'admin', '2023-07-18 11:20:02', '', null, '');
INSERT INTO `sys_menu` VALUES ('1045', '账户解锁', '501', '4', '#', '', '', '1', '0', 'F', '0', '0', 'monitor:logininfor:unlock', '#', 'admin', '2023-07-18 11:20:02', '', null, '');
INSERT INTO `sys_menu` VALUES ('1046', '在线查询', '109', '1', '#', '', '', '1', '0', 'F', '0', '0', 'monitor:online:query', '#', 'admin', '2023-07-18 11:20:02', '', null, '');
INSERT INTO `sys_menu` VALUES ('1047', '批量强退', '109', '2', '#', '', '', '1', '0', 'F', '0', '0', 'monitor:online:batchLogout', '#', 'admin', '2023-07-18 11:20:02', '', null, '');
INSERT INTO `sys_menu` VALUES ('1048', '单条强退', '109', '3', '#', '', '', '1', '0', 'F', '0', '0', 'monitor:online:forceLogout', '#', 'admin', '2023-07-18 11:20:02', '', null, '');
INSERT INTO `sys_menu` VALUES ('1049', '任务查询', '110', '1', '#', '', '', '1', '0', 'F', '0', '0', 'monitor:job:query', '#', 'admin', '2023-07-18 11:20:02', '', null, '');
INSERT INTO `sys_menu` VALUES ('1050', '任务新增', '110', '2', '#', '', '', '1', '0', 'F', '0', '0', 'monitor:job:add', '#', 'admin', '2023-07-18 11:20:03', '', null, '');
INSERT INTO `sys_menu` VALUES ('1051', '任务修改', '110', '3', '#', '', '', '1', '0', 'F', '0', '0', 'monitor:job:edit', '#', 'admin', '2023-07-18 11:20:03', '', null, '');
INSERT INTO `sys_menu` VALUES ('1052', '任务删除', '110', '4', '#', '', '', '1', '0', 'F', '0', '0', 'monitor:job:remove', '#', 'admin', '2023-07-18 11:20:03', '', null, '');
INSERT INTO `sys_menu` VALUES ('1053', '状态修改', '110', '5', '#', '', '', '1', '0', 'F', '0', '0', 'monitor:job:changeStatus', '#', 'admin', '2023-07-18 11:20:03', '', null, '');
INSERT INTO `sys_menu` VALUES ('1054', '任务导出', '110', '6', '#', '', '', '1', '0', 'F', '0', '0', 'monitor:job:export', '#', 'admin', '2023-07-18 11:20:03', '', null, '');
INSERT INTO `sys_menu` VALUES ('1055', '生成查询', '116', '1', '#', '', '', '1', '0', 'F', '0', '0', 'tool:gen:query', '#', 'admin', '2023-07-18 11:20:03', '', null, '');
INSERT INTO `sys_menu` VALUES ('1056', '生成修改', '116', '2', '#', '', '', '1', '0', 'F', '0', '0', 'tool:gen:edit', '#', 'admin', '2023-07-18 11:20:03', '', null, '');
INSERT INTO `sys_menu` VALUES ('1057', '生成删除', '116', '3', '#', '', '', '1', '0', 'F', '0', '0', 'tool:gen:remove', '#', 'admin', '2023-07-18 11:20:03', '', null, '');
INSERT INTO `sys_menu` VALUES ('1058', '导入代码', '116', '4', '#', '', '', '1', '0', 'F', '0', '0', 'tool:gen:import', '#', 'admin', '2023-07-18 11:20:03', '', null, '');
INSERT INTO `sys_menu` VALUES ('1059', '预览代码', '116', '5', '#', '', '', '1', '0', 'F', '0', '0', 'tool:gen:preview', '#', 'admin', '2023-07-18 11:20:03', '', null, '');
INSERT INTO `sys_menu` VALUES ('1060', '生成代码', '116', '6', '#', '', '', '1', '0', 'F', '0', '0', 'tool:gen:code', '#', 'admin', '2023-07-18 11:20:03', '', null, '');
INSERT INTO `sys_menu` VALUES ('2149', '基础数据', '0', '1', 'base', null, null, '1', '0', 'M', '0', '0', '', '基础', 'admin', '2023-09-25 14:40:35', 'admin', '2023-09-25 20:17:27', '');
INSERT INTO `sys_menu` VALUES ('2150', '物品信息', '2149', '1', 'goods', 'warehouse/goods/index', null, '1', '1', 'C', '0', '0', 'warehouse:goods:list', '货物堆', 'admin', '2023-09-25 14:41:24', 'admin', '2023-09-25 20:26:12', '物品菜单');
INSERT INTO `sys_menu` VALUES ('2151', '物品查询', '2150', '1', '#', '', null, '1', '0', 'F', '0', '0', 'warehouse:goods:query', '#', 'admin', '2023-09-25 14:41:24', '', null, '');
INSERT INTO `sys_menu` VALUES ('2152', '物品新增', '2150', '2', '#', '', null, '1', '0', 'F', '0', '0', 'warehouse:goods:add', '#', 'admin', '2023-09-25 14:41:24', '', null, '');
INSERT INTO `sys_menu` VALUES ('2153', '物品修改', '2150', '3', '#', '', null, '1', '0', 'F', '0', '0', 'warehouse:goods:edit', '#', 'admin', '2023-09-25 14:41:24', '', null, '');
INSERT INTO `sys_menu` VALUES ('2154', '物品删除', '2150', '4', '#', '', null, '1', '0', 'F', '0', '0', 'warehouse:goods:remove', '#', 'admin', '2023-09-25 14:41:24', '', null, '');
INSERT INTO `sys_menu` VALUES ('2155', '物品导出', '2150', '5', '#', '', null, '1', '0', 'F', '0', '0', 'warehouse:goods:export', '#', 'admin', '2023-09-25 14:41:24', '', null, '');
INSERT INTO `sys_menu` VALUES ('2156', '物料分类', '2149', '1', 'goodscategory', 'warehouse/goodscategory/index', null, '1', '1', 'C', '0', '0', 'warehouse:goodscategory:list', '分类', 'admin', '2023-09-25 14:42:05', 'admin', '2023-09-25 20:26:17', '物料分类菜单');
INSERT INTO `sys_menu` VALUES ('2157', '物料分类查询', '2156', '1', '#', '', null, '1', '0', 'F', '0', '0', 'warehouse:goodscategory:query', '#', 'admin', '2023-09-25 14:42:05', '', null, '');
INSERT INTO `sys_menu` VALUES ('2158', '物料分类新增', '2156', '2', '#', '', null, '1', '0', 'F', '0', '0', 'warehouse:goodscategory:add', '#', 'admin', '2023-09-25 14:42:05', '', null, '');
INSERT INTO `sys_menu` VALUES ('2159', '物料分类修改', '2156', '3', '#', '', null, '1', '0', 'F', '0', '0', 'warehouse:goodscategory:edit', '#', 'admin', '2023-09-25 14:42:05', '', null, '');
INSERT INTO `sys_menu` VALUES ('2160', '物料分类删除', '2156', '4', '#', '', null, '1', '0', 'F', '0', '0', 'warehouse:goodscategory:remove', '#', 'admin', '2023-09-25 14:42:05', '', null, '');
INSERT INTO `sys_menu` VALUES ('2161', '物料分类导出', '2156', '5', '#', '', null, '1', '0', 'F', '0', '0', 'warehouse:goodscategory:export', '#', 'admin', '2023-09-25 14:42:05', '', null, '');
INSERT INTO `sys_menu` VALUES ('2162', '仓库信息', '2149', '1', 'warehouse', 'warehouse/warehouse/index', null, '1', '1', 'C', '0', '0', 'warehouse:warehouse:list', '仓库', 'admin', '2023-09-25 14:42:32', 'admin', '2023-09-25 20:26:22', '仓库菜单');
INSERT INTO `sys_menu` VALUES ('2163', '仓库查询', '2162', '1', '#', '', null, '1', '0', 'F', '0', '0', 'warehouse:warehouse:query', '#', 'admin', '2023-09-25 14:42:32', '', null, '');
INSERT INTO `sys_menu` VALUES ('2164', '仓库新增', '2162', '2', '#', '', null, '1', '0', 'F', '0', '0', 'warehouse:warehouse:add', '#', 'admin', '2023-09-25 14:42:32', '', null, '');
INSERT INTO `sys_menu` VALUES ('2165', '仓库修改', '2162', '3', '#', '', null, '1', '0', 'F', '0', '0', 'warehouse:warehouse:edit', '#', 'admin', '2023-09-25 14:42:32', '', null, '');
INSERT INTO `sys_menu` VALUES ('2166', '仓库删除', '2162', '4', '#', '', null, '1', '0', 'F', '0', '0', 'warehouse:warehouse:remove', '#', 'admin', '2023-09-25 14:42:32', '', null, '');
INSERT INTO `sys_menu` VALUES ('2167', '仓库导出', '2162', '5', '#', '', null, '1', '0', 'F', '0', '0', 'warehouse:warehouse:export', '#', 'admin', '2023-09-25 14:42:32', '', null, '');
INSERT INTO `sys_menu` VALUES ('2168', '供应商库', '2149', '1', 'supplier', 'warehouse/supplier/index', null, '1', '1', 'C', '0', '0', 'warehouse:supplier:list', '供应商', 'admin', '2023-09-25 14:42:52', 'admin', '2023-09-25 20:26:27', '供应商库菜单');
INSERT INTO `sys_menu` VALUES ('2169', '供应商库查询', '2168', '1', '#', '', null, '1', '0', 'F', '0', '0', 'warehouse:supplier:query', '#', 'admin', '2023-09-25 14:42:52', '', null, '');
INSERT INTO `sys_menu` VALUES ('2170', '供应商库新增', '2168', '2', '#', '', null, '1', '0', 'F', '0', '0', 'warehouse:supplier:add', '#', 'admin', '2023-09-25 14:42:52', '', null, '');
INSERT INTO `sys_menu` VALUES ('2171', '供应商库修改', '2168', '3', '#', '', null, '1', '0', 'F', '0', '0', 'warehouse:supplier:edit', '#', 'admin', '2023-09-25 14:42:52', '', null, '');
INSERT INTO `sys_menu` VALUES ('2172', '供应商库删除', '2168', '4', '#', '', null, '1', '0', 'F', '0', '0', 'warehouse:supplier:remove', '#', 'admin', '2023-09-25 14:42:52', '', null, '');
INSERT INTO `sys_menu` VALUES ('2173', '供应商库导出', '2168', '5', '#', '', null, '1', '0', 'F', '0', '0', 'warehouse:supplier:export', '#', 'admin', '2023-09-25 14:42:53', '', null, '');
INSERT INTO `sys_menu` VALUES ('2174', '入库管理', '0', '2', 'in', null, null, '1', '0', 'M', '0', '0', '', '入库', 'admin', '2023-09-25 14:43:24', 'admin', '2023-09-25 20:24:05', '');
INSERT INTO `sys_menu` VALUES ('2193', '客户信息', '2149', '1', 'warehousecustomer', 'warehouse/warehousecustomer/index', null, '1', '1', 'C', '0', '0', 'warehouse:warehousecustomer:list', '客户', 'admin', '2023-09-25 14:46:48', 'admin', '2023-09-25 20:26:31', '客户信息菜单');
INSERT INTO `sys_menu` VALUES ('2194', '客户信息查询', '2193', '1', '#', '', null, '1', '0', 'F', '0', '0', 'warehouse:warehousecustomer:query', '#', 'admin', '2023-09-25 14:46:48', '', null, '');
INSERT INTO `sys_menu` VALUES ('2195', '客户信息新增', '2193', '2', '#', '', null, '1', '0', 'F', '0', '0', 'warehouse:warehousecustomer:add', '#', 'admin', '2023-09-25 14:46:48', '', null, '');
INSERT INTO `sys_menu` VALUES ('2196', '客户信息修改', '2193', '3', '#', '', null, '1', '0', 'F', '0', '0', 'warehouse:warehousecustomer:edit', '#', 'admin', '2023-09-25 14:46:48', '', null, '');
INSERT INTO `sys_menu` VALUES ('2197', '客户信息删除', '2193', '4', '#', '', null, '1', '0', 'F', '0', '0', 'warehouse:warehousecustomer:remove', '#', 'admin', '2023-09-25 14:46:48', '', null, '');
INSERT INTO `sys_menu` VALUES ('2198', '客户信息导出', '2193', '5', '#', '', null, '1', '0', 'F', '0', '0', 'warehouse:warehousecustomer:export', '#', 'admin', '2023-09-25 14:46:48', '', null, '');
INSERT INTO `sys_menu` VALUES ('2199', '入库单', '2174', '1', 'inreceipt', 'warehouse/inreceipt/index', null, '1', '1', 'C', '0', '0', 'warehouse:inreceipt:list', 'documentation', 'admin', '2023-09-25 14:48:16', 'admin', '2023-09-25 20:26:45', '入库单据菜单');
INSERT INTO `sys_menu` VALUES ('2200', '入库单据查询', '2199', '1', '#', '', null, '1', '0', 'F', '0', '0', 'warehouse:inreceipt:query', '#', 'admin', '2023-09-25 14:48:16', '', null, '');
INSERT INTO `sys_menu` VALUES ('2201', '入库单据新增', '2199', '2', '#', '', null, '1', '0', 'F', '0', '0', 'warehouse:inreceipt:add', '#', 'admin', '2023-09-25 14:48:16', '', null, '');
INSERT INTO `sys_menu` VALUES ('2202', '入库单据修改', '2199', '3', '#', '', null, '1', '0', 'F', '0', '0', 'warehouse:inreceipt:edit', '#', 'admin', '2023-09-25 14:48:16', '', null, '');
INSERT INTO `sys_menu` VALUES ('2203', '入库单据删除', '2199', '4', '#', '', null, '1', '0', 'F', '0', '0', 'warehouse:inreceipt:remove', '#', 'admin', '2023-09-25 14:48:16', '', null, '');
INSERT INTO `sys_menu` VALUES ('2204', '入库单据导出', '2199', '5', '#', '', null, '1', '0', 'F', '0', '0', 'warehouse:inreceipt:export', '#', 'admin', '2023-09-25 14:48:16', '', null, '');
INSERT INTO `sys_menu` VALUES ('2205', '出库管理', '0', '3', 'out', null, null, '1', '0', 'M', '0', '0', '', '出库', 'admin', '2023-09-25 14:48:48', 'admin', '2023-09-25 20:24:44', '');
INSERT INTO `sys_menu` VALUES ('2206', '调拨管理', '0', '4', 'transfer', null, null, '1', '0', 'M', '0', '0', '', '调拨', 'admin', '2023-09-25 14:49:34', 'admin', '2023-09-25 20:25:08', '');
INSERT INTO `sys_menu` VALUES ('2207', '报表查询', '0', '6', 'report', null, null, '1', '0', 'M', '0', '0', '', 'chart', 'admin', '2023-09-25 14:49:49', 'admin', '2023-09-25 20:28:34', '');
INSERT INTO `sys_menu` VALUES ('2208', '出库单', '2205', '1', 'outreceipt', 'warehouse/outreceipt/index', null, '1', '1', 'C', '0', '0', 'warehouse:outreceipt:list', 'documentation', 'admin', '2023-09-25 14:50:28', 'admin', '2023-09-25 20:26:52', '出库单据菜单');
INSERT INTO `sys_menu` VALUES ('2209', '出库单据查询', '2208', '1', '#', '', null, '1', '0', 'F', '0', '0', 'warehouse:outreceipt:query', '#', 'admin', '2023-09-25 14:50:28', '', null, '');
INSERT INTO `sys_menu` VALUES ('2210', '出库单据新增', '2208', '2', '#', '', null, '1', '0', 'F', '0', '0', 'warehouse:outreceipt:add', '#', 'admin', '2023-09-25 14:50:28', '', null, '');
INSERT INTO `sys_menu` VALUES ('2211', '出库单据修改', '2208', '3', '#', '', null, '1', '0', 'F', '0', '0', 'warehouse:outreceipt:edit', '#', 'admin', '2023-09-25 14:50:28', '', null, '');
INSERT INTO `sys_menu` VALUES ('2212', '出库单据删除', '2208', '4', '#', '', null, '1', '0', 'F', '0', '0', 'warehouse:outreceipt:remove', '#', 'admin', '2023-09-25 14:50:28', '', null, '');
INSERT INTO `sys_menu` VALUES ('2213', '出库单据导出', '2208', '5', '#', '', null, '1', '0', 'F', '0', '0', 'warehouse:outreceipt:export', '#', 'admin', '2023-09-25 14:50:28', '', null, '');
INSERT INTO `sys_menu` VALUES ('2214', '调拨单', '2206', '1', 'transfer', 'warehouse/transfer/index', null, '1', '1', 'C', '0', '0', 'warehouse:transfer:list', 'documentation', 'admin', '2023-09-25 14:50:52', 'admin', '2023-09-25 20:26:57', '调拨单据菜单');
INSERT INTO `sys_menu` VALUES ('2215', '调拨单据查询', '2214', '1', '#', '', null, '1', '0', 'F', '0', '0', 'warehouse:transfer:query', '#', 'admin', '2023-09-25 14:50:52', '', null, '');
INSERT INTO `sys_menu` VALUES ('2216', '调拨单据新增', '2214', '2', '#', '', null, '1', '0', 'F', '0', '0', 'warehouse:transfer:add', '#', 'admin', '2023-09-25 14:50:52', '', null, '');
INSERT INTO `sys_menu` VALUES ('2217', '调拨单据修改', '2214', '3', '#', '', null, '1', '0', 'F', '0', '0', 'warehouse:transfer:edit', '#', 'admin', '2023-09-25 14:50:52', '', null, '');
INSERT INTO `sys_menu` VALUES ('2218', '调拨单据删除', '2214', '4', '#', '', null, '1', '0', 'F', '0', '0', 'warehouse:transfer:remove', '#', 'admin', '2023-09-25 14:50:52', '', null, '');
INSERT INTO `sys_menu` VALUES ('2219', '调拨单据导出', '2214', '5', '#', '', null, '1', '0', 'F', '0', '0', 'warehouse:transfer:export', '#', 'admin', '2023-09-25 14:50:52', '', null, '');
INSERT INTO `sys_menu` VALUES ('2220', '要货管理', '0', '5', 'apply', null, null, '1', '0', 'M', '0', '0', '', '要货', 'admin', '2023-09-25 14:51:16', 'admin', '2023-09-25 20:27:10', '');
INSERT INTO `sys_menu` VALUES ('2221', '要货单', '2220', '1', 'apply', 'warehouse/apply/index', null, '1', '1', 'C', '0', '0', 'warehouse:apply:list', 'documentation', 'admin', '2023-09-25 14:51:46', 'admin', '2023-09-25 20:28:05', '要货明细菜单');
INSERT INTO `sys_menu` VALUES ('2222', '要货明细查询', '2221', '1', '#', '', null, '1', '0', 'F', '0', '0', 'warehouse:apply_receipt_detail:query', '#', 'admin', '2023-09-25 14:51:46', '', null, '');
INSERT INTO `sys_menu` VALUES ('2223', '要货明细新增', '2221', '2', '#', '', null, '1', '0', 'F', '0', '0', 'warehouse:apply_receipt_detail:add', '#', 'admin', '2023-09-25 14:51:46', '', null, '');
INSERT INTO `sys_menu` VALUES ('2224', '要货明细修改', '2221', '3', '#', '', null, '1', '0', 'F', '0', '0', 'warehouse:apply_receipt_detail:edit', '#', 'admin', '2023-09-25 14:51:46', '', null, '');
INSERT INTO `sys_menu` VALUES ('2225', '要货明细删除', '2221', '4', '#', '', null, '1', '0', 'F', '0', '0', 'warehouse:apply_receipt_detail:remove', '#', 'admin', '2023-09-25 14:51:46', '', null, '');
INSERT INTO `sys_menu` VALUES ('2226', '要货明细导出', '2221', '5', '#', '', null, '1', '0', 'F', '0', '0', 'warehouse:apply_receipt_detail:export', '#', 'admin', '2023-09-25 14:51:46', '', null, '');
INSERT INTO `sys_menu` VALUES ('2227', '库存查询', '2207', '1', 'warehousestock', 'warehouse/report/stock/index', null, '1', '0', 'C', '0', '0', 'warehouse:report:stock', 'redis', 'admin', '2023-09-25 14:52:44', 'zg', '2023-10-11 22:37:37', '库存菜单');
INSERT INTO `sys_menu` VALUES ('2228', '库存查询', '2227', '1', '#', '', null, '1', '0', 'F', '0', '0', 'warehouse:warehousestock:query', '#', 'admin', '2023-09-25 14:52:44', '', null, '');
INSERT INTO `sys_menu` VALUES ('2232', '库存导出', '2227', '5', '#', '', null, '1', '0', 'F', '0', '0', 'warehouse:warehousestock:export', '#', 'admin', '2023-09-25 14:52:44', '', null, '');
INSERT INTO `sys_menu` VALUES ('2233', '物品溯源', '2207', '1', 'trace', 'warehouse/report/code/index', null, '1', '1', 'C', '0', '0', 'warehouse:report:code', 'list', 'admin', '2023-09-25 14:53:06', 'zg', '2023-10-11 22:37:51', '物品溯源菜单');
INSERT INTO `sys_menu` VALUES ('2234', '物品溯源查询', '2233', '1', '#', '', null, '1', '0', 'F', '0', '0', 'warehouse:trace:query', '#', 'admin', '2023-09-25 14:53:07', '', null, '');
INSERT INTO `sys_menu` VALUES ('2238', '物品溯源导出', '2233', '5', '#', '', null, '1', '0', 'F', '0', '0', 'warehouse:trace:export', '#', 'admin', '2023-09-25 14:53:07', '', null, '');
INSERT INTO `sys_menu` VALUES ('2239', '门店信息', '2149', '1', 'store', 'warehouse/store/index', null, '1', '1', 'C', '0', '0', 'warehouse:store:list', '门店', 'admin', '2023-09-25 15:12:11', 'admin', '2023-09-25 20:26:36', '门店信息菜单');
INSERT INTO `sys_menu` VALUES ('2240', '门店信息查询', '2239', '1', '#', '', null, '1', '0', 'F', '0', '0', 'warehouse:store:query', '#', 'admin', '2023-09-25 15:12:11', '', null, '');
INSERT INTO `sys_menu` VALUES ('2241', '门店信息新增', '2239', '2', '#', '', null, '1', '0', 'F', '0', '0', 'warehouse:store:add', '#', 'admin', '2023-09-25 15:12:11', '', null, '');
INSERT INTO `sys_menu` VALUES ('2242', '门店信息修改', '2239', '3', '#', '', null, '1', '0', 'F', '0', '0', 'warehouse:store:edit', '#', 'admin', '2023-09-25 15:12:11', '', null, '');
INSERT INTO `sys_menu` VALUES ('2243', '门店信息删除', '2239', '4', '#', '', null, '1', '0', 'F', '0', '0', 'warehouse:store:remove', '#', 'admin', '2023-09-25 15:12:11', '', null, '');
INSERT INTO `sys_menu` VALUES ('2244', '门店信息导出', '2239', '5', '#', '', null, '1', '0', 'F', '0', '0', 'warehouse:store:export', '#', 'admin', '2023-09-25 15:12:11', '', null, '');
INSERT INTO `sys_menu` VALUES ('2245', '入库单据审核', '2199', '6', '', null, null, '1', '0', 'F', '0', '0', 'warehouse:inreceipt:approve', '#', 'admin', '2023-09-25 22:47:58', 'admin', '2023-09-25 22:48:44', '');
INSERT INTO `sys_menu` VALUES ('2246', '出库单据审核', '2208', '6', '', null, null, '1', '0', 'F', '0', '0', 'warehouse:outreceipt:approve', '#', 'admin', '2023-09-25 22:49:34', '', null, '');
INSERT INTO `sys_menu` VALUES ('2247', '调拨单据审核', '2214', '6', '', null, null, '1', '0', 'F', '0', '0', 'warehouse:transfer:approve', '#', 'admin', '2023-09-25 22:50:28', '', null, '');
INSERT INTO `sys_menu` VALUES ('2248', '库存盘点', '2207', '1', 'check', 'warehouse/report/check/index', null, '1', '1', 'C', '0', '0', 'warehouse:check:list', 'button', 'admin', '2023-10-07 17:45:58', 'admin', '2023-10-08 17:59:22', '库存盘点菜单');
INSERT INTO `sys_menu` VALUES ('2249', '库存盘点查询', '2248', '1', '#', '', null, '1', '0', 'F', '0', '0', 'warehouse:check:query', '#', 'admin', '2023-10-07 17:45:58', '', null, '');
INSERT INTO `sys_menu` VALUES ('2250', '库存盘点新增', '2248', '2', '#', '', null, '1', '0', 'F', '0', '0', 'warehouse:check:add', '#', 'admin', '2023-10-07 17:45:58', '', null, '');
INSERT INTO `sys_menu` VALUES ('2251', '库存盘点修改', '2248', '3', '#', '', null, '1', '0', 'F', '0', '0', 'warehouse:check:edit', '#', 'admin', '2023-10-07 17:45:58', '', null, '');
INSERT INTO `sys_menu` VALUES ('2252', '库存盘点删除', '2248', '4', '#', '', null, '1', '0', 'F', '0', '0', 'warehouse:check:remove', '#', 'admin', '2023-10-07 17:45:58', '', null, '');
INSERT INTO `sys_menu` VALUES ('2253', '库存盘点导出', '2248', '5', '#', '', null, '1', '0', 'F', '0', '0', 'warehouse:check:export', '#', 'admin', '2023-10-07 17:45:58', '', null, '');
INSERT INTO `sys_menu` VALUES ('2254', '流程中心', '0', '7', 'flow', null, null, '1', '0', 'M', '0', '0', null, 'build', 'admin', '2023-10-09 22:38:08', '', null, '');
INSERT INTO `sys_menu` VALUES ('2255', '我的待办', '2254', '1', 'todo', 'process/todo/index', null, '1', '1', 'C', '0', '0', 'process:todo:index', 'link', 'admin', '2023-10-09 22:43:17', '', null, '');
INSERT INTO `sys_menu` VALUES ('2256', '新建流程', '2254', '2', 'new', 'process/new/index', null, '1', '1', 'C', '0', '0', 'process:new:index', 'edit', 'admin', '2023-10-10 10:40:50', '', null, '');
INSERT INTO `sys_menu` VALUES ('2257', '新增', '2256', '1', '', null, null, '1', '0', 'F', '0', '0', 'process:new:add', '#', 'lc', '2023-10-10 11:22:43', '', null, '');
INSERT INTO `sys_menu` VALUES ('2258', '流程模板', '2254', '10', 'template', 'process/template/index', null, '1', '1', 'C', '0', '0', 'process:template:index', 'edit', 'admin', '2023-10-10 14:44:03', '', null, '');
INSERT INTO `sys_menu` VALUES ('2259', '已办流程', '2254', '3', 'done', 'process/done/index', null, '1', '1', 'C', '0', '0', 'process:done:index', 'component', 'admin', '2023-10-11 17:57:36', '', null, '');
INSERT INTO `sys_menu` VALUES ('2260', '我的请求', '2254', '4', 'request', 'process/request/index', null, '1', '1', 'C', '0', '0', 'process:request:index', 'input', 'admin', '2023-10-11 17:59:27', '', null, '');

-- ----------------------------
-- Table structure for sys_notice
-- ----------------------------
DROP TABLE IF EXISTS `sys_notice`;
CREATE TABLE `sys_notice` (
  `notice_id` int(4) NOT NULL AUTO_INCREMENT COMMENT '公告ID',
  `notice_title` varchar(50) NOT NULL COMMENT '公告标题',
  `notice_type` char(1) NOT NULL COMMENT '公告类型（1通知 2公告）',
  `notice_content` longblob COMMENT '公告内容',
  `status` char(1) DEFAULT '0' COMMENT '公告状态（0正常 1关闭）',
  `create_by` varchar(64) DEFAULT '' COMMENT '创建者',
  `create_time` datetime DEFAULT NULL COMMENT '创建时间',
  `update_by` varchar(64) DEFAULT '' COMMENT '更新者',
  `update_time` datetime DEFAULT NULL COMMENT '更新时间',
  `remark` varchar(255) DEFAULT NULL COMMENT '备注',
  PRIMARY KEY (`notice_id`)
) ENGINE=InnoDB DEFAULT CHARSET=utf8mb4 COMMENT='通知公告表';

-- ----------------------------
-- Records of sys_notice
-- ----------------------------

-- ----------------------------
-- Table structure for sys_oper_log
-- ----------------------------
DROP TABLE IF EXISTS `sys_oper_log`;
CREATE TABLE `sys_oper_log` (
  `oper_id` bigint(20) NOT NULL AUTO_INCREMENT COMMENT '日志主键',
  `title` varchar(50) DEFAULT '' COMMENT '模块标题',
  `business_type` int(2) DEFAULT '0' COMMENT '业务类型（0其它 1新增 2修改 3删除）',
  `method` varchar(100) DEFAULT '' COMMENT '方法名称',
  `request_method` varchar(10) DEFAULT '' COMMENT '请求方式',
  `operator_type` int(1) DEFAULT '0' COMMENT '操作类别（0其它 1后台用户 2手机端用户）',
  `oper_name` varchar(50) DEFAULT '' COMMENT '操作人员',
  `dept_name` varchar(50) DEFAULT '' COMMENT '部门名称',
  `oper_url` varchar(255) DEFAULT '' COMMENT '请求URL',
  `oper_ip` varchar(128) DEFAULT '' COMMENT '主机地址',
  `oper_location` varchar(255) DEFAULT '' COMMENT '操作地点',
  `oper_param` varchar(2000) DEFAULT '' COMMENT '请求参数',
  `json_result` varchar(2000) DEFAULT '' COMMENT '返回参数',
  `status` int(1) DEFAULT '0' COMMENT '操作状态（0正常 1异常）',
  `error_msg` varchar(2000) DEFAULT '' COMMENT '错误消息',
  `oper_time` datetime DEFAULT NULL COMMENT '操作时间',
  PRIMARY KEY (`oper_id`)
) ENGINE=InnoDB AUTO_INCREMENT=796 DEFAULT CHARSET=utf8mb4 COMMENT='操作日志记录';

-- ----------------------------
-- Records of sys_oper_log
-- ----------------------------
INSERT INTO `sys_oper_log` VALUES ('695', '菜单管理', '3', 'com.xiaoyai.web.controller.system.SysMenuController.remove()', 'DELETE', '1', 'admin', null, '/system/menu/2229', '127.0.0.1', '内网IP', '{menuId=2229}', '{\"msg\":\"操作成功\",\"code\":200}', '0', null, '2023-09-25 22:45:25');
INSERT INTO `sys_oper_log` VALUES ('696', '菜单管理', '3', 'com.xiaoyai.web.controller.system.SysMenuController.remove()', 'DELETE', '1', 'admin', null, '/system/menu/2230', '127.0.0.1', '内网IP', '{menuId=2230}', '{\"msg\":\"操作成功\",\"code\":200}', '0', null, '2023-09-25 22:45:30');
INSERT INTO `sys_oper_log` VALUES ('697', '菜单管理', '3', 'com.xiaoyai.web.controller.system.SysMenuController.remove()', 'DELETE', '1', 'admin', null, '/system/menu/2231', '127.0.0.1', '内网IP', '{menuId=2231}', '{\"msg\":\"操作成功\",\"code\":200}', '0', null, '2023-09-25 22:45:33');
INSERT INTO `sys_oper_log` VALUES ('698', '菜单管理', '3', 'com.xiaoyai.web.controller.system.SysMenuController.remove()', 'DELETE', '1', 'admin', null, '/system/menu/2235', '127.0.0.1', '内网IP', '{menuId=2235}', '{\"msg\":\"操作成功\",\"code\":200}', '0', null, '2023-09-25 22:46:03');
INSERT INTO `sys_oper_log` VALUES ('699', '菜单管理', '3', 'com.xiaoyai.web.controller.system.SysMenuController.remove()', 'DELETE', '1', 'admin', null, '/system/menu/2236', '127.0.0.1', '内网IP', '{menuId=2236}', '{\"msg\":\"操作成功\",\"code\":200}', '0', null, '2023-09-25 22:46:07');
INSERT INTO `sys_oper_log` VALUES ('700', '菜单管理', '3', 'com.xiaoyai.web.controller.system.SysMenuController.remove()', 'DELETE', '1', 'admin', null, '/system/menu/2237', '127.0.0.1', '内网IP', '{menuId=2237}', '{\"msg\":\"操作成功\",\"code\":200}', '0', null, '2023-09-25 22:46:10');
INSERT INTO `sys_oper_log` VALUES ('701', '菜单管理', '1', 'com.xiaoyai.web.controller.system.SysMenuController.add()', 'POST', '1', 'admin', null, '/system/menu', '127.0.0.1', '内网IP', '{\"children\":[],\"createBy\":\"admin\",\"isCache\":\"0\",\"isFrame\":\"1\",\"menuName\":\"入库单审核\",\"menuType\":\"F\",\"orderNum\":6,\"params\":{},\"parentId\":2199,\"perms\":\"warehouse:inreceipt:approve\",\"status\":\"0\",\"visible\":\"0\"}', '{\"msg\":\"操作成功\",\"code\":200}', '0', null, '2023-09-25 22:47:58');
INSERT INTO `sys_oper_log` VALUES ('702', '菜单管理', '2', 'com.xiaoyai.web.controller.system.SysMenuController.edit()', 'PUT', '1', 'admin', null, '/system/menu', '127.0.0.1', '内网IP', '{\"children\":[],\"createTime\":\"2023-09-25 22:47:58\",\"icon\":\"#\",\"isCache\":\"0\",\"isFrame\":\"1\",\"menuId\":2245,\"menuName\":\"入库单据审核\",\"menuType\":\"F\",\"orderNum\":6,\"params\":{},\"parentId\":2199,\"path\":\"\",\"perms\":\"warehouse:inreceipt:approve\",\"status\":\"0\",\"updateBy\":\"admin\",\"visible\":\"0\"}', '{\"msg\":\"操作成功\",\"code\":200}', '0', null, '2023-09-25 22:48:44');
INSERT INTO `sys_oper_log` VALUES ('703', '菜单管理', '1', 'com.xiaoyai.web.controller.system.SysMenuController.add()', 'POST', '1', 'admin', null, '/system/menu', '127.0.0.1', '内网IP', '{\"children\":[],\"createBy\":\"admin\",\"isCache\":\"0\",\"isFrame\":\"1\",\"menuName\":\"出库单据审核\",\"menuType\":\"F\",\"orderNum\":6,\"params\":{},\"parentId\":2208,\"perms\":\"warehouse:outreceipt:approve\",\"status\":\"0\",\"visible\":\"0\"}', '{\"msg\":\"操作成功\",\"code\":200}', '0', null, '2023-09-25 22:49:34');
INSERT INTO `sys_oper_log` VALUES ('704', '菜单管理', '1', 'com.xiaoyai.web.controller.system.SysMenuController.add()', 'POST', '1', 'admin', null, '/system/menu', '127.0.0.1', '内网IP', '{\"children\":[],\"createBy\":\"admin\",\"isCache\":\"0\",\"isFrame\":\"1\",\"menuName\":\"调拨单据审核\",\"menuType\":\"F\",\"orderNum\":6,\"params\":{},\"parentId\":2214,\"perms\":\"warehouse:transfer:approve\",\"status\":\"0\",\"visible\":\"0\"}', '{\"msg\":\"操作成功\",\"code\":200}', '0', null, '2023-09-25 22:50:28');
INSERT INTO `sys_oper_log` VALUES ('705', '要货申请', '2', 'com.xiaoyai.warehouse.controller.WarehouseApplyReceiptController.edit()', 'PUT', '1', 'admin', null, '/warehouse/apply', '127.0.0.1', '内网IP', '{\"applyReceiptId\":2,\"applyTime\":\"2023-09-26 00:00:00\",\"applyUserId\":1,\"applyUserName\":\"超级管理员\",\"createBy\":\"\",\"createTime\":\"2023-09-26 16:32:25\",\"delFlag\":\"0\",\"documentNumber\":\"YH-202309260003\",\"outWarehouseId\":1,\"params\":{},\"receiptGoodsList\":[{\"categoryCode\":\"JD\",\"categoryId\":1,\"categoryName\":\"家电\",\"colorType\":2,\"expirationDate\":0,\"goodsAmount\":1.00,\"goodsCode\":\"JD-001\",\"goodsDeadlineTime\":\"2099-12-31 00:00:00\",\"goodsId\":1,\"goodsName\":\"油烟机\",\"goodsNumber\":1,\"goodsPicture\":\"/profile/upload/2023/09/26/4b90f603738da97733a24e9fb051f8198718e3f1_20230926100817A001.jpg\",\"goodsPrice\":1,\"maxStock\":5,\"minStock\":1,\"params\":{},\"snValidate\":\"Y\",\"specificationType\":1,\"unitType\":2,\"warrantyDate\":0},{\"categoryCode\":\"CJ\",\"categoryId\":2,\"categoryName\":\"厨具\",\"colorType\":1,\"expirationDate\":0,\"goodsAmount\":1.00,\"goodsCode\":\"CJ-001\",\"goodsDeadlineTime\":\"2099-12-31 00:00:00\",\"goodsId\":2,\"goodsName\":\"电饭锅\",\"goodsNumber\":1,\"goodsPicture\":\"/profile/upload/2023/09/26/UI8bEfVEIaRdZbN1tIqffA_20230926100930A002.jpg\",\"goodsPrice\":1,\"maxStock\":10,\"minStock\":1,\"params\":{},\"snValidate\":\"Y\",\"specificationType\":1,\"unitType\":3,\"warrantyDate\":0}],\"remark\":\"\",\"state\":\"1\",\"updateBy\":\"\",\"updateTime\":\"2023-09-26 16:34:10.783\"}', '{\"msg\":\"操作成功\",\"code\":200}', '0', null, '2023-09-26 16:34:10');
INSERT INTO `sys_oper_log` VALUES ('706', '要货申请', '2', 'com.xiaoyai.warehouse.controller.WarehouseApplyReceiptController.edit()', 'PUT', '1', 'admin', null, '/warehouse/apply', '127.0.0.1', '内网IP', '{\"applyReceiptId\":2,\"applyTime\":\"2023-09-26 00:00:00\",\"applyUserId\":1,\"applyUserName\":\"超级管理员\",\"createBy\":\"\",\"createTime\":\"2023-09-26 16:32:25\",\"delFlag\":\"0\",\"documentNumber\":\"YH-202309260003\",\"outWarehouseId\":1,\"params\":{},\"receiptGoodsList\":[{\"categoryCode\":\"JD\",\"categoryId\":1,\"categoryName\":\"家电\",\"colorType\":2,\"expirationDate\":0,\"goodsAmount\":1.00,\"goodsCode\":\"JD-001\",\"goodsDeadlineTime\":\"2099-12-31 00:00:00\",\"goodsId\":1,\"goodsName\":\"油烟机\",\"goodsNumber\":1,\"goodsPicture\":\"/profile/upload/2023/09/26/4b90f603738da97733a24e9fb051f8198718e3f1_20230926100817A001.jpg\",\"goodsPrice\":1,\"maxStock\":5,\"minStock\":1,\"params\":{},\"snValidate\":\"Y\",\"specificationType\":1,\"unitType\":2,\"warrantyDate\":0},{\"categoryCode\":\"CJ\",\"categoryId\":2,\"categoryName\":\"厨具\",\"colorType\":1,\"expirationDate\":0,\"goodsAmount\":1.00,\"goodsCode\":\"CJ-001\",\"goodsDeadlineTime\":\"2099-12-31 00:00:00\",\"goodsId\":2,\"goodsName\":\"电饭锅\",\"goodsNumber\":1,\"goodsPicture\":\"/profile/upload/2023/09/26/UI8bEfVEIaRdZbN1tIqffA_20230926100930A002.jpg\",\"goodsPrice\":1,\"maxStock\":10,\"minStock\":1,\"params\":{},\"snValidate\":\"Y\",\"specificationType\":1,\"unitType\":3,\"warrantyDate\":0}],\"remark\":\"\",\"state\":\"2\",\"updateBy\":\"\",\"updateTime\":\"2023-09-26 16:36:11.042\"}', '{\"msg\":\"操作成功\",\"code\":200}', '0', null, '2023-09-26 16:36:11');
INSERT INTO `sys_oper_log` VALUES ('707', '要货申请', '2', 'com.xiaoyai.warehouse.controller.WarehouseApplyReceiptController.edit()', 'PUT', '1', 'admin', null, '/warehouse/apply', '127.0.0.1', '内网IP', '{\"applyReceiptId\":2,\"applyTime\":\"2023-09-26 00:00:00\",\"applyUserId\":1,\"applyUserName\":\"超级管理员\",\"createBy\":\"\",\"createTime\":\"2023-09-26 16:32:25\",\"delFlag\":\"0\",\"documentNumber\":\"YH-202309260003\",\"outWarehouseId\":1,\"params\":{},\"receiptGoodsList\":[{\"categoryCode\":\"JD\",\"categoryId\":1,\"categoryName\":\"家电\",\"colorType\":2,\"expirationDate\":0,\"goodsAmount\":1.00,\"goodsCode\":\"JD-001\",\"goodsDeadlineTime\":\"2099-12-31 00:00:00\",\"goodsId\":1,\"goodsName\":\"油烟机\",\"goodsNumber\":1,\"goodsPicture\":\"/profile/upload/2023/09/26/4b90f603738da97733a24e9fb051f8198718e3f1_20230926100817A001.jpg\",\"goodsPrice\":1,\"maxStock\":5,\"minStock\":1,\"params\":{},\"snValidate\":\"Y\",\"specificationType\":1,\"unitType\":2,\"warrantyDate\":0},{\"categoryCode\":\"CJ\",\"categoryId\":2,\"categoryName\":\"厨具\",\"colorType\":1,\"expirationDate\":0,\"goodsAmount\":1.00,\"goodsCode\":\"CJ-001\",\"goodsDeadlineTime\":\"2099-12-31 00:00:00\",\"goodsId\":2,\"goodsName\":\"电饭锅\",\"goodsNumber\":1,\"goodsPicture\":\"/profile/upload/2023/09/26/UI8bEfVEIaRdZbN1tIqffA_20230926100930A002.jpg\",\"goodsPrice\":1,\"maxStock\":10,\"minStock\":1,\"params\":{},\"snValidate\":\"Y\",\"specificationType\":1,\"unitType\":3,\"warrantyDate\":0}],\"remark\":\"\",\"state\":\"2\",\"updateBy\":\"\",\"updateTime\":\"2023-09-26 16:36:30.161\"}', '{\"msg\":\"操作成功\",\"code\":200}', '0', null, '2023-09-26 16:36:30');
INSERT INTO `sys_oper_log` VALUES ('708', '要货申请', '2', 'com.xiaoyai.warehouse.controller.WarehouseApplyReceiptController.agree()', 'PUT', '1', 'admin', null, '/warehouse/apply/agree', '127.0.0.1', '内网IP', '{\"applyReceiptId\":2,\"applyTime\":\"2023-09-26 00:00:00\",\"applyUserId\":1,\"applyUserName\":\"超级管理员\",\"createBy\":\"\",\"createTime\":\"2023-09-26 16:32:25\",\"delFlag\":\"0\",\"documentNumber\":\"YH-202309260003\",\"outWarehouseId\":1,\"params\":{},\"receiptGoodsList\":[{\"categoryCode\":\"JD\",\"categoryId\":1,\"categoryName\":\"家电\",\"colorType\":2,\"expirationDate\":0,\"goodsAmount\":1.00,\"goodsCode\":\"JD-001\",\"goodsDeadlineTime\":\"2099-12-31 00:00:00\",\"goodsId\":1,\"goodsName\":\"油烟机\",\"goodsNumber\":1,\"goodsPicture\":\"/profile/upload/2023/09/26/4b90f603738da97733a24e9fb051f8198718e3f1_20230926100817A001.jpg\",\"goodsPrice\":1,\"maxStock\":5,\"minStock\":1,\"params\":{},\"snValidate\":\"Y\",\"specificationType\":1,\"unitType\":2,\"warrantyDate\":0},{\"categoryCode\":\"CJ\",\"categoryId\":2,\"categoryName\":\"厨具\",\"colorType\":1,\"expirationDate\":0,\"goodsAmount\":1.00,\"goodsCode\":\"CJ-001\",\"goodsDeadlineTime\":\"2099-12-31 00:00:00\",\"goodsId\":2,\"goodsName\":\"电饭锅\",\"goodsNumber\":1,\"goodsPicture\":\"/profile/upload/2023/09/26/UI8bEfVEIaRdZbN1tIqffA_20230926100930A002.jpg\",\"goodsPrice\":1,\"maxStock\":10,\"minStock\":1,\"params\":{},\"snValidate\":\"Y\",\"specificationType\":1,\"unitType\":3,\"warrantyDate\":0}],\"remark\":\"\",\"state\":\"2\",\"updateBy\":\"\",\"updateTime\":\"2023-09-26 16:40:14.52\"}', '{\"msg\":\"操作成功\",\"code\":200}', '0', null, '2023-09-26 16:40:14');
INSERT INTO `sys_oper_log` VALUES ('709', '要货申请', '2', 'com.xiaoyai.warehouse.controller.WarehouseApplyReceiptController.agree()', 'PUT', '1', 'admin', null, '/warehouse/apply/agree', '127.0.0.1', '内网IP', '{\"applyReceiptId\":2,\"applyTime\":\"2023-09-26 00:00:00\",\"applyUserId\":1,\"applyUserName\":\"超级管理员\",\"createBy\":\"\",\"createTime\":\"2023-09-26 16:32:25\",\"delFlag\":\"0\",\"documentNumber\":\"YH-202309260003\",\"outWarehouseId\":1,\"params\":{},\"receiptGoodsList\":[{\"categoryCode\":\"JD\",\"categoryId\":1,\"categoryName\":\"家电\",\"colorType\":2,\"expirationDate\":0,\"goodsAmount\":1.00,\"goodsCode\":\"JD-001\",\"goodsDeadlineTime\":\"2099-12-31 00:00:00\",\"goodsId\":1,\"goodsName\":\"油烟机\",\"goodsNumber\":1,\"goodsPicture\":\"/profile/upload/2023/09/26/4b90f603738da97733a24e9fb051f8198718e3f1_20230926100817A001.jpg\",\"goodsPrice\":1,\"maxStock\":5,\"minStock\":1,\"params\":{},\"snValidate\":\"Y\",\"specificationType\":1,\"unitType\":2,\"warrantyDate\":0},{\"categoryCode\":\"CJ\",\"categoryId\":2,\"categoryName\":\"厨具\",\"colorType\":1,\"expirationDate\":0,\"goodsAmount\":1.00,\"goodsCode\":\"CJ-001\",\"goodsDeadlineTime\":\"2099-12-31 00:00:00\",\"goodsId\":2,\"goodsName\":\"电饭锅\",\"goodsNumber\":1,\"goodsPicture\":\"/profile/upload/2023/09/26/UI8bEfVEIaRdZbN1tIqffA_20230926100930A002.jpg\",\"goodsPrice\":1,\"maxStock\":10,\"minStock\":1,\"params\":{},\"snValidate\":\"Y\",\"specificationType\":1,\"unitType\":3,\"warrantyDate\":0}],\"remark\":\"\",\"state\":\"2\",\"updateBy\":\"\",\"updateTime\":\"2023-09-26 16:40:43.699\"}', '{\"msg\":\"操作成功\",\"code\":200}', '0', null, '2023-09-26 16:40:43');
INSERT INTO `sys_oper_log` VALUES ('710', '用户头像', '2', 'com.xiaoyai.web.controller.system.SysProfileController.avatar()', 'POST', '1', 'admin', null, '/system/user/profile/avatar', '127.0.0.1', '内网IP', '', '{\"msg\":\"操作成功\",\"imgUrl\":\"/profile/avatar/2023/09/26/blob_20230926170014A001.jpeg\",\"code\":200}', '0', null, '2023-09-26 17:00:14');
INSERT INTO `sys_oper_log` VALUES ('711', '入库单据', '1', 'com.xiaoyai.warehouse.controller.WarehouseInReceiptController.add()', 'POST', '1', 'admin', null, '/warehouse/inreceipt', '127.0.0.1', '内网IP', '{\"createBy\":\"admin\",\"documentNumber\":\"RK-202309260005\",\"inWarehouseTime\":\"2023-09-26 17:07:47.978\",\"inWarehouseType\":\"1\",\"params\":{},\"receiptGoodsList\":[{\"categoryCode\":\"JD\",\"categoryId\":1,\"categoryName\":\"家电\",\"colorType\":2,\"createBy\":\"admin\",\"createTime\":\"2023-09-26 10:08:34\",\"delFlag\":\"0\",\"expirationDate\":0,\"goodsAmount\":1.00,\"goodsCode\":\"JD-001\",\"goodsId\":1,\"goodsName\":\"油烟机\",\"goodsNumber\":1,\"goodsPicture\":\"/profile/upload/2023/09/26/4b90f603738da97733a24e9fb051f8198718e3f1_20230926100817A001.jpg\",\"goodsPrice\":1,\"maxStock\":5,\"minStock\":1,\"params\":{},\"snValidate\":\"Y\",\"specificationType\":1,\"unitType\":2,\"updateBy\":\"\",\"updateTime\":\"2023-09-26 02:08:34\",\"warrantyDate\":0},{\"categoryCode\":\"CJ\",\"categoryId\":2,\"categoryName\":\"厨具\",\"colorType\":1,\"createBy\":\"admin\",\"createTime\":\"2023-09-26 10:09:50\",\"delFlag\":\"0\",\"expirationDate\":0,\"goodsAmount\":1.00,\"goodsCode\":\"CJ-001\",\"goodsId\":2,\"goodsName\":\"电饭锅\",\"goodsNumber\":1,\"goodsPicture\":\"/profile/upload/2023/09/26/UI8bEfVEIaRdZbN1tIqffA_20230926100930A002.jpg\",\"goodsPrice\":1,\"maxStock\":10,\"minStock\":1,\"params\":{},\"snValidate\":\"Y\",\"specificationType\":1,\"unitType\":3,\"updateBy\":\"admin\",\"updateTime\":\"2023-09-26 10:09:57\",\"warrantyDate\":0}],\"state\":\"2\",\"supplierId\":1,\"warehouseId\":1}', '{\"msg\":\"操作成功\",\"code\":200}', '0', null, '2023-09-26 17:07:48');
INSERT INTO `sys_oper_log` VALUES ('712', '出库单据', '1', 'com.xiaoyai.warehouse.controller.WarehouseOutReceiptController.add()', 'POST', '1', 'admin', null, '/warehouse/outreceipt', '127.0.0.1', '内网IP', '{\"createBy\":\"admin\",\"documentNumber\":\"CK-202309260009\",\"outWarehouseTime\":\"2023-09-26 17:08:28.726\",\"outWarehouseType\":\"1\",\"params\":{},\"receiptGoodsList\":[{\"categoryCode\":\"JD\",\"categoryId\":1,\"categoryName\":\"家电\",\"colorType\":2,\"expirationDate\":0,\"goodsAmount\":2.00,\"goodsCode\":\"JD-001\",\"goodsDeadlineTime\":\"2099-12-31 00:00:00\",\"goodsId\":1,\"goodsName\":\"油烟机\",\"goodsNumber\":2,\"goodsPicture\":\"/profile/upload/2023/09/26/4b90f603738da97733a24e9fb051f8198718e3f1_20230926100817A001.jpg\",\"goodsPrice\":1,\"maxStock\":5,\"minStock\":1,\"params\":{},\"snValidate\":\"Y\",\"specificationType\":1,\"unitType\":2,\"warrantyDate\":0},{\"categoryCode\":\"CJ\",\"categoryId\":2,\"categoryName\":\"厨具\",\"colorType\":1,\"expirationDate\":0,\"goodsAmount\":2.00,\"goodsCode\":\"CJ-001\",\"goodsDeadlineTime\":\"2099-12-31 00:00:00\",\"goodsId\":2,\"goodsName\":\"电饭锅\",\"goodsNumber\":2,\"goodsPicture\":\"/profile/upload/2023/09/26/UI8bEfVEIaRdZbN1tIqffA_20230926100930A002.jpg\",\"goodsPrice\":1,\"maxStock\":10,\"minStock\":1,\"params\":{},\"snValidate\":\"Y\",\"specificationType\":1,\"unitType\":3,\"warrantyDate\":0}],\"receiveId\":1,\"receiveName\":\"一号店\",\"state\":\"2\",\"warehouseId\":1,\"warehouseOutReceiptId\":9}', '{\"msg\":\"操作成功\",\"code\":200}', '0', null, '2023-09-26 17:08:28');
INSERT INTO `sys_oper_log` VALUES ('713', '要货申请', '2', 'com.xiaoyai.warehouse.controller.WarehouseApplyReceiptController.agree()', 'PUT', '1', 'admin', null, '/warehouse/apply/agree', '127.0.0.1', '内网IP', '{\"applyReceiptId\":2,\"applyTime\":\"2023-09-26 00:00:00\",\"applyUserId\":1,\"applyUserName\":\"超级管理员\",\"createBy\":\"\",\"createTime\":\"2023-09-26 16:32:25\",\"delFlag\":\"0\",\"documentNumber\":\"YH-202309260003\",\"outWarehouseId\":1,\"params\":{},\"receiptGoodsList\":[{\"categoryCode\":\"JD\",\"categoryId\":1,\"categoryName\":\"家电\",\"colorType\":2,\"expirationDate\":0,\"goodsAmount\":1.00,\"goodsCode\":\"JD-001\",\"goodsDeadlineTime\":\"2099-12-31 00:00:00\",\"goodsId\":1,\"goodsName\":\"油烟机\",\"goodsNumber\":1,\"goodsPicture\":\"/profile/upload/2023/09/26/4b90f603738da97733a24e9fb051f8198718e3f1_20230926100817A001.jpg\",\"goodsPrice\":1,\"maxStock\":5,\"minStock\":1,\"params\":{},\"snValidate\":\"Y\",\"specificationType\":1,\"unitType\":2,\"warrantyDate\":0},{\"categoryCode\":\"CJ\",\"categoryId\":2,\"categoryName\":\"厨具\",\"colorType\":1,\"expirationDate\":0,\"goodsAmount\":1.00,\"goodsCode\":\"CJ-001\",\"goodsDeadlineTime\":\"2099-12-31 00:00:00\",\"goodsId\":2,\"goodsName\":\"电饭锅\",\"goodsNumber\":1,\"goodsPicture\":\"/profile/upload/2023/09/26/UI8bEfVEIaRdZbN1tIqffA_20230926100930A002.jpg\",\"goodsPrice\":1,\"maxStock\":10,\"minStock\":1,\"params\":{},\"snValidate\":\"Y\",\"specificationType\":1,\"unitType\":3,\"warrantyDate\":0}],\"remark\":\"\",\"state\":\"2\",\"updateBy\":\"\",\"updateTime\":\"2023-09-26 17:09:04.547\"}', '{\"msg\":\"操作成功\",\"code\":200}', '0', null, '2023-09-26 17:09:04');
INSERT INTO `sys_oper_log` VALUES ('714', '入库单据', '1', 'com.xiaoyai.warehouse.controller.WarehouseInReceiptController.add()', 'POST', '1', 'admin', null, '/warehouse/inreceipt', '127.0.0.1', '内网IP', '{\"createBy\":\"admin\",\"documentNumber\":\"RK-202309260006\",\"inWarehouseTime\":\"2023-09-26 17:21:40.897\",\"inWarehouseType\":\"1\",\"params\":{},\"receiptGoodsList\":[{\"categoryCode\":\"JD\",\"categoryId\":1,\"categoryName\":\"家电\",\"colorType\":2,\"createBy\":\"admin\",\"createTime\":\"2023-09-26 10:08:34\",\"delFlag\":\"0\",\"expirationDate\":0,\"goodsAmount\":3.00,\"goodsCode\":\"JD-001\",\"goodsId\":1,\"goodsName\":\"油烟机\",\"goodsNumber\":1,\"goodsPicture\":\"/profile/upload/2023/09/26/4b90f603738da97733a24e9fb051f8198718e3f1_20230926100817A001.jpg\",\"goodsPrice\":3,\"maxStock\":5,\"minStock\":1,\"params\":{},\"snValidate\":\"Y\",\"specificationType\":1,\"unitType\":2,\"updateBy\":\"\",\"updateTime\":\"2023-09-26 02:08:34\",\"warrantyDate\":0},{\"categoryCode\":\"CJ\",\"categoryId\":2,\"categoryName\":\"厨具\",\"colorType\":1,\"createBy\":\"admin\",\"createTime\":\"2023-09-26 10:09:50\",\"delFlag\":\"0\",\"expirationDate\":0,\"goodsAmount\":3.00,\"goodsCode\":\"CJ-001\",\"goodsId\":2,\"goodsName\":\"电饭锅\",\"goodsNumber\":1,\"goodsPicture\":\"/profile/upload/2023/09/26/UI8bEfVEIaRdZbN1tIqffA_20230926100930A002.jpg\",\"goodsPrice\":3,\"maxStock\":10,\"minStock\":1,\"params\":{},\"snValidate\":\"Y\",\"specificationType\":1,\"unitType\":3,\"updateBy\":\"admin\",\"updateTime\":\"2023-09-26 10:09:57\",\"warrantyDate\":0}],\"state\":\"2\",\"supplierId\":1,\"warehouseId\":1}', '{\"msg\":\"操作成功\",\"code\":200}', '0', null, '2023-09-26 17:21:40');
INSERT INTO `sys_oper_log` VALUES ('715', '调拨单据', '1', 'com.xiaoyai.warehouse.controller.WarehouseTransferReceiptController.add()', 'POST', '1', 'admin', null, '/warehouse/transfer', '127.0.0.1', '内网IP', '{\"createTime\":\"2023-09-26 17:22:25.417\",\"documentNumber\":\"DB-202309260002\",\"params\":{},\"receiptGoodsList\":[{\"categoryCode\":\"JD\",\"categoryId\":1,\"categoryName\":\"家电\",\"colorType\":2,\"expirationDate\":0,\"goodsAmount\":1.00,\"goodsCode\":\"JD-001\",\"goodsDeadlineTime\":\"2099-12-31 00:00:00\",\"goodsId\":1,\"goodsName\":\"油烟机\",\"goodsNumber\":1,\"goodsPicture\":\"/profile/upload/2023/09/26/4b90f603738da97733a24e9fb051f8198718e3f1_20230926100817A001.jpg\",\"goodsPrice\":1,\"maxStock\":5,\"minStock\":1,\"params\":{},\"snValidate\":\"Y\",\"specificationType\":1,\"unitType\":2,\"warrantyDate\":0},{\"categoryCode\":\"CJ\",\"categoryId\":2,\"categoryName\":\"厨具\",\"colorType\":1,\"expirationDate\":0,\"goodsAmount\":1.00,\"goodsCode\":\"CJ-001\",\"goodsDeadlineTime\":\"2099-12-31 00:00:00\",\"goodsId\":2,\"goodsName\":\"电饭锅\",\"goodsNumber\":1,\"goodsPicture\":\"/profile/upload/2023/09/26/UI8bEfVEIaRdZbN1tIqffA_20230926100930A002.jpg\",\"goodsPrice\":1,\"maxStock\":10,\"minStock\":1,\"params\":{},\"snValidate\":\"Y\",\"specificationType\":1,\"unitType\":3,\"warrantyDate\":0}],\"state\":\"2\",\"transferInWarehouseId\":2,\"transferOutWarehouseId\":1,\"transferType\":\"1\"}', '{\"msg\":\"操作成功\",\"code\":200}', '0', null, '2023-09-26 17:22:25');
INSERT INTO `sys_oper_log` VALUES ('716', '要货申请', '2', 'com.xiaoyai.warehouse.controller.WarehouseApplyReceiptController.agree()', 'PUT', '1', 'admin', null, '/warehouse/apply/agree', '127.0.0.1', '内网IP', '{\"applyReceiptId\":2,\"applyTime\":\"2023-09-26 00:00:00\",\"applyUserId\":1,\"applyUserName\":\"超级管理员\",\"createBy\":\"\",\"createTime\":\"2023-09-26 16:32:25\",\"delFlag\":\"0\",\"documentNumber\":\"YH-202309260003\",\"outWarehouseId\":1,\"params\":{},\"receiptGoodsList\":[{\"categoryCode\":\"JD\",\"categoryId\":1,\"categoryName\":\"家电\",\"colorType\":2,\"expirationDate\":0,\"goodsAmount\":1.00,\"goodsCode\":\"JD-001\",\"goodsDeadlineTime\":\"2099-12-31 00:00:00\",\"goodsId\":1,\"goodsName\":\"油烟机\",\"goodsNumber\":1,\"goodsPicture\":\"/profile/upload/2023/09/26/4b90f603738da97733a24e9fb051f8198718e3f1_20230926100817A001.jpg\",\"goodsPrice\":1,\"maxStock\":5,\"minStock\":1,\"params\":{},\"snValidate\":\"Y\",\"specificationType\":1,\"unitType\":2,\"warrantyDate\":0},{\"categoryCode\":\"CJ\",\"categoryId\":2,\"categoryName\":\"厨具\",\"colorType\":1,\"expirationDate\":0,\"goodsAmount\":1.00,\"goodsCode\":\"CJ-001\",\"goodsDeadlineTime\":\"2099-12-31 00:00:00\",\"goodsId\":2,\"goodsName\":\"电饭锅\",\"goodsNumber\":1,\"goodsPicture\":\"/profile/upload/2023/09/26/UI8bEfVEIaRdZbN1tIqffA_20230926100930A002.jpg\",\"goodsPrice\":1,\"maxStock\":10,\"minStock\":1,\"params\":{},\"snValidate\":\"Y\",\"specificationType\":1,\"unitType\":3,\"warrantyDate\":0}],\"remark\":\"\",\"state\":\"2\",\"updateBy\":\"\",\"updateTime\":\"2023-09-26 17:22:49.41\"}', '{\"msg\":\"操作成功\",\"code\":200}', '0', null, '2023-09-26 17:22:49');
INSERT INTO `sys_oper_log` VALUES ('717', '代码生成', '6', 'com.xiaoyai.generator.controller.GenController.importTableSave()', 'POST', '1', 'admin', null, '/tool/gen/importTable', '127.0.0.1', '内网IP', '\"warehouse_check_receipt,warehouse_check_receipt_detail\"', '{\"msg\":\"操作成功\",\"code\":200}', '0', null, '2023-10-07 16:31:05');
INSERT INTO `sys_oper_log` VALUES ('718', '代码生成', '2', 'com.xiaoyai.generator.controller.GenController.editSave()', 'PUT', '1', 'admin', null, '/tool/gen', '127.0.0.1', '内网IP', '{\"businessName\":\"warehouse\",\"className\":\"WarehouseCheckReceipt\",\"columns\":[{\"capJavaField\":\"CheckReceiptId\",\"columnComment\":\"盘点ID\",\"columnId\":238,\"columnName\":\"check_receipt_id\",\"columnType\":\"bigint(20)\",\"createBy\":\"admin\",\"createTime\":\"2023-10-07 16:31:05\",\"dictType\":\"\",\"edit\":false,\"htmlType\":\"input\",\"increment\":false,\"insert\":true,\"isIncrement\":\"0\",\"isInsert\":\"1\",\"isPk\":\"1\",\"javaField\":\"checkReceiptId\",\"javaType\":\"Long\",\"list\":false,\"params\":{},\"pk\":true,\"query\":false,\"queryType\":\"EQ\",\"required\":false,\"sort\":1,\"superColumn\":false,\"tableId\":24,\"updateBy\":\"\",\"usableColumn\":false},{\"capJavaField\":\"CheckUserId\",\"columnComment\":\"盘点人ID\",\"columnId\":239,\"columnName\":\"check_user_id\",\"columnType\":\"bigint(20)\",\"createBy\":\"admin\",\"createTime\":\"2023-10-07 16:31:05\",\"dictType\":\"\",\"edit\":true,\"htmlType\":\"input\",\"increment\":false,\"insert\":true,\"isEdit\":\"1\",\"isIncrement\":\"0\",\"isInsert\":\"1\",\"isList\":\"1\",\"isPk\":\"0\",\"isQuery\":\"1\",\"javaField\":\"checkUserId\",\"javaType\":\"Long\",\"list\":true,\"params\":{},\"pk\":false,\"query\":true,\"queryType\":\"EQ\",\"required\":false,\"sort\":2,\"superColumn\":false,\"tableId\":24,\"updateBy\":\"\",\"usableColumn\":false},{\"capJavaField\":\"WarehouseId\",\"columnComment\":\"仓库id\",\"columnId\":240,\"columnName\":\"warehouse_id\",\"columnType\":\"bigint(20)\",\"createBy\":\"admin\",\"createTime\":\"2023-10-07 16:31:05\",\"dictType\":\"\",\"edit\":true,\"htmlType\":\"input\",\"increment\":false,\"insert\":true,\"isEdit\":\"1\",\"isIncrement\":\"0\",\"isInsert\":\"1\",\"isList\":\"1\",\"isPk\":\"0\",\"isQuery\":\"1\",\"javaField\":\"warehouseId\",\"javaType\":\"Long\",\"list\":true,\"params\":{},\"pk\":false,\"query\":true,\"queryType\":\"EQ\",\"required\":false,\"sort\":3,\"superColumn\":false,\"tableId\":24,\"updateBy\":\"\",\"usableColumn\":false},{\"capJavaField\":\"DocumentNumber\",\"columnId\":241,\"columnName\":\"document_number\",\"columnType\":\"varchar(32)\",\"createBy\":\"admin\",\"createTime\":\"2023-10-07 16:31:05\",\"dictType\":\"\",\"edit\":true,\"htmlType\":\"input\",\"increment\":false,\"insert\":true,\"isEdit\":\"1\",\"isIncrement\":\"0\",\"isInsert\":\"1\",\"isList\":\"1\",\"isPk\":\"0\",\"isQuery\":\"1\",\"javaFi', '{\"msg\":\"操作成功\",\"code\":200}', '0', null, '2023-10-07 17:42:47');
INSERT INTO `sys_oper_log` VALUES ('719', '代码生成', '8', 'com.xiaoyai.generator.controller.GenController.batchGenCode()', 'GET', '1', 'admin', null, '/tool/gen/batchGenCode', '127.0.0.1', '内网IP', '{}', null, '0', null, '2023-10-07 17:43:02');
INSERT INTO `sys_oper_log` VALUES ('720', '代码生成', '2', 'com.xiaoyai.generator.controller.GenController.editSave()', 'PUT', '1', 'admin', null, '/tool/gen', '127.0.0.1', '内网IP', '{\"businessName\":\"check\",\"className\":\"WarehouseCheckReceipt\",\"columns\":[{\"capJavaField\":\"CheckReceiptId\",\"columnComment\":\"盘点ID\",\"columnId\":238,\"columnName\":\"check_receipt_id\",\"columnType\":\"bigint(20)\",\"createBy\":\"admin\",\"createTime\":\"2023-10-07 16:31:05\",\"dictType\":\"\",\"edit\":false,\"htmlType\":\"input\",\"increment\":false,\"insert\":true,\"isIncrement\":\"0\",\"isInsert\":\"1\",\"isPk\":\"1\",\"javaField\":\"checkReceiptId\",\"javaType\":\"Long\",\"list\":false,\"params\":{},\"pk\":true,\"query\":false,\"queryType\":\"EQ\",\"required\":false,\"sort\":1,\"superColumn\":false,\"tableId\":24,\"updateBy\":\"\",\"updateTime\":\"2023-10-07 17:42:47\",\"usableColumn\":false},{\"capJavaField\":\"CheckUserId\",\"columnComment\":\"盘点人ID\",\"columnId\":239,\"columnName\":\"check_user_id\",\"columnType\":\"bigint(20)\",\"createBy\":\"admin\",\"createTime\":\"2023-10-07 16:31:05\",\"dictType\":\"\",\"edit\":true,\"htmlType\":\"input\",\"increment\":false,\"insert\":true,\"isEdit\":\"1\",\"isIncrement\":\"0\",\"isInsert\":\"1\",\"isList\":\"1\",\"isPk\":\"0\",\"isQuery\":\"1\",\"javaField\":\"checkUserId\",\"javaType\":\"Long\",\"list\":true,\"params\":{},\"pk\":false,\"query\":true,\"queryType\":\"EQ\",\"required\":false,\"sort\":2,\"superColumn\":false,\"tableId\":24,\"updateBy\":\"\",\"updateTime\":\"2023-10-07 17:42:47\",\"usableColumn\":false},{\"capJavaField\":\"WarehouseId\",\"columnComment\":\"仓库id\",\"columnId\":240,\"columnName\":\"warehouse_id\",\"columnType\":\"bigint(20)\",\"createBy\":\"admin\",\"createTime\":\"2023-10-07 16:31:05\",\"dictType\":\"\",\"edit\":true,\"htmlType\":\"input\",\"increment\":false,\"insert\":true,\"isEdit\":\"1\",\"isIncrement\":\"0\",\"isInsert\":\"1\",\"isList\":\"1\",\"isPk\":\"0\",\"isQuery\":\"1\",\"javaField\":\"warehouseId\",\"javaType\":\"Long\",\"list\":true,\"params\":{},\"pk\":false,\"query\":true,\"queryType\":\"EQ\",\"required\":false,\"sort\":3,\"superColumn\":false,\"tableId\":24,\"updateBy\":\"\",\"updateTime\":\"2023-10-07 17:42:47\",\"usableColumn\":false},{\"capJavaField\":\"DocumentNumber\",\"columnId\":241,\"columnName\":\"document_number\",\"columnType\":\"varchar(32)\",\"createBy\":\"admin\",\"createTime\":\"2023-10-07 16:31:05\",\"dictType\":\"\",\"edit\":true,\"htmlType\":\"input\",\"increment\":false,\"ins', '{\"msg\":\"操作成功\",\"code\":200}', '0', null, '2023-10-07 17:43:50');
INSERT INTO `sys_oper_log` VALUES ('721', '代码生成', '2', 'com.xiaoyai.generator.controller.GenController.editSave()', 'PUT', '1', 'admin', null, '/tool/gen', '127.0.0.1', '内网IP', '{\"businessName\":\"check\",\"className\":\"WarehouseCheckReceipt\",\"columns\":[{\"capJavaField\":\"CheckReceiptId\",\"columnComment\":\"盘点ID\",\"columnId\":238,\"columnName\":\"check_receipt_id\",\"columnType\":\"bigint(20)\",\"createBy\":\"admin\",\"createTime\":\"2023-10-07 16:31:05\",\"dictType\":\"\",\"edit\":false,\"htmlType\":\"input\",\"increment\":false,\"insert\":true,\"isIncrement\":\"0\",\"isInsert\":\"1\",\"isPk\":\"1\",\"javaField\":\"checkReceiptId\",\"javaType\":\"Long\",\"list\":false,\"params\":{},\"pk\":true,\"query\":false,\"queryType\":\"EQ\",\"required\":false,\"sort\":1,\"superColumn\":false,\"tableId\":24,\"updateBy\":\"\",\"updateTime\":\"2023-10-07 17:43:50\",\"usableColumn\":false},{\"capJavaField\":\"CheckUserId\",\"columnComment\":\"盘点人ID\",\"columnId\":239,\"columnName\":\"check_user_id\",\"columnType\":\"bigint(20)\",\"createBy\":\"admin\",\"createTime\":\"2023-10-07 16:31:05\",\"dictType\":\"\",\"edit\":true,\"htmlType\":\"input\",\"increment\":false,\"insert\":true,\"isEdit\":\"1\",\"isIncrement\":\"0\",\"isInsert\":\"1\",\"isList\":\"1\",\"isPk\":\"0\",\"isQuery\":\"1\",\"javaField\":\"checkUserId\",\"javaType\":\"Long\",\"list\":true,\"params\":{},\"pk\":false,\"query\":true,\"queryType\":\"EQ\",\"required\":false,\"sort\":2,\"superColumn\":false,\"tableId\":24,\"updateBy\":\"\",\"updateTime\":\"2023-10-07 17:43:50\",\"usableColumn\":false},{\"capJavaField\":\"WarehouseId\",\"columnComment\":\"仓库id\",\"columnId\":240,\"columnName\":\"warehouse_id\",\"columnType\":\"bigint(20)\",\"createBy\":\"admin\",\"createTime\":\"2023-10-07 16:31:05\",\"dictType\":\"\",\"edit\":true,\"htmlType\":\"input\",\"increment\":false,\"insert\":true,\"isEdit\":\"1\",\"isIncrement\":\"0\",\"isInsert\":\"1\",\"isList\":\"1\",\"isPk\":\"0\",\"isQuery\":\"1\",\"javaField\":\"warehouseId\",\"javaType\":\"Long\",\"list\":true,\"params\":{},\"pk\":false,\"query\":true,\"queryType\":\"EQ\",\"required\":false,\"sort\":3,\"superColumn\":false,\"tableId\":24,\"updateBy\":\"\",\"updateTime\":\"2023-10-07 17:43:50\",\"usableColumn\":false},{\"capJavaField\":\"DocumentNumber\",\"columnId\":241,\"columnName\":\"document_number\",\"columnType\":\"varchar(32)\",\"createBy\":\"admin\",\"createTime\":\"2023-10-07 16:31:05\",\"dictType\":\"\",\"edit\":true,\"htmlType\":\"input\",\"increment\":false,\"ins', '{\"msg\":\"操作成功\",\"code\":200}', '0', null, '2023-10-07 17:45:25');
INSERT INTO `sys_oper_log` VALUES ('722', '代码生成', '8', 'com.xiaoyai.generator.controller.GenController.batchGenCode()', 'GET', '1', 'admin', null, '/tool/gen/batchGenCode', '127.0.0.1', '内网IP', '{}', null, '0', null, '2023-10-07 17:45:29');
INSERT INTO `sys_oper_log` VALUES ('723', '菜单管理', '2', 'com.xiaoyai.web.controller.system.SysMenuController.edit()', 'PUT', '1', 'admin', null, '/system/menu', '127.0.0.1', '内网IP', '{\"children\":[],\"component\":\"warehouse/report/check/index\",\"createTime\":\"2023-10-07 17:45:58\",\"icon\":\"#\",\"isCache\":\"0\",\"isFrame\":\"1\",\"menuId\":2248,\"menuName\":\"库存盘点\",\"menuType\":\"C\",\"orderNum\":1,\"params\":{},\"parentId\":2207,\"path\":\"check\",\"perms\":\"warehouse:check:list\",\"status\":\"0\",\"updateBy\":\"admin\",\"visible\":\"0\"}', '{\"msg\":\"操作成功\",\"code\":200}', '0', null, '2023-10-07 17:46:54');
INSERT INTO `sys_oper_log` VALUES ('724', '菜单管理', '2', 'com.xiaoyai.web.controller.system.SysMenuController.edit()', 'PUT', '1', 'admin', null, '/system/menu', '127.0.0.1', '内网IP', '{\"children\":[],\"component\":\"warehouse/report/check/index\",\"createTime\":\"2023-10-07 17:45:58\",\"icon\":\"button\",\"isCache\":\"0\",\"isFrame\":\"1\",\"menuId\":2248,\"menuName\":\"库存盘点\",\"menuType\":\"C\",\"orderNum\":1,\"params\":{},\"parentId\":2207,\"path\":\"check\",\"perms\":\"warehouse:check:list\",\"status\":\"0\",\"updateBy\":\"admin\",\"visible\":\"0\"}', '{\"msg\":\"操作成功\",\"code\":200}', '0', null, '2023-10-07 17:47:02');
INSERT INTO `sys_oper_log` VALUES ('725', '代码生成', '2', 'com.xiaoyai.generator.controller.GenController.editSave()', 'PUT', '1', 'admin', null, '/tool/gen', '127.0.0.1', '内网IP', '{\"businessName\":\"checkDetail\",\"className\":\"WarehouseCheckReceiptDetail\",\"columns\":[{\"capJavaField\":\"CheckReceiptDetailId\",\"columnComment\":\"入库明细ID\",\"columnId\":249,\"columnName\":\"check_receipt_detail_id\",\"columnType\":\"bigint(20)\",\"createBy\":\"admin\",\"createTime\":\"2023-10-07 16:31:05\",\"dictType\":\"\",\"edit\":false,\"htmlType\":\"input\",\"increment\":true,\"insert\":true,\"isIncrement\":\"1\",\"isInsert\":\"1\",\"isPk\":\"1\",\"javaField\":\"checkReceiptDetailId\",\"javaType\":\"Long\",\"list\":false,\"params\":{},\"pk\":true,\"query\":false,\"queryType\":\"EQ\",\"required\":false,\"sort\":1,\"superColumn\":false,\"tableId\":25,\"updateBy\":\"\",\"usableColumn\":false},{\"capJavaField\":\"CheckReceiptId\",\"columnComment\":\"入库单据\",\"columnId\":250,\"columnName\":\"check_receipt_id\",\"columnType\":\"bigint(20)\",\"createBy\":\"admin\",\"createTime\":\"2023-10-07 16:31:05\",\"dictType\":\"\",\"edit\":true,\"htmlType\":\"input\",\"increment\":false,\"insert\":true,\"isEdit\":\"1\",\"isIncrement\":\"0\",\"isInsert\":\"1\",\"isList\":\"1\",\"isPk\":\"0\",\"isQuery\":\"1\",\"javaField\":\"checkReceiptId\",\"javaType\":\"Long\",\"list\":true,\"params\":{},\"pk\":false,\"query\":true,\"queryType\":\"EQ\",\"required\":false,\"sort\":2,\"superColumn\":false,\"tableId\":25,\"updateBy\":\"\",\"usableColumn\":false},{\"capJavaField\":\"GoodsId\",\"columnComment\":\"物品ID\",\"columnId\":251,\"columnName\":\"goods_id\",\"columnType\":\"bigint(20)\",\"createBy\":\"admin\",\"createTime\":\"2023-10-07 16:31:05\",\"dictType\":\"\",\"edit\":true,\"htmlType\":\"input\",\"increment\":false,\"insert\":true,\"isEdit\":\"1\",\"isIncrement\":\"0\",\"isInsert\":\"1\",\"isList\":\"1\",\"isPk\":\"0\",\"isQuery\":\"1\",\"isRequired\":\"1\",\"javaField\":\"goodsId\",\"javaType\":\"Long\",\"list\":true,\"params\":{},\"pk\":false,\"query\":true,\"queryType\":\"EQ\",\"required\":true,\"sort\":3,\"superColumn\":false,\"tableId\":25,\"updateBy\":\"\",\"usableColumn\":false},{\"capJavaField\":\"GoodsChangeNumber\",\"columnComment\":\"盘点变化数量\",\"columnId\":252,\"columnName\":\"goods_change_number\",\"columnType\":\"decimal(10,2)\",\"createBy\":\"admin\",\"createTime\":\"2023-10-07 16:31:05\",\"dictType\":\"\",\"edit\":true,\"htmlType\":\"input\",\"increment\":false,\"insert\":true,\"isEdit\":\"1\",\"isI', '{\"msg\":\"操作成功\",\"code\":200}', '0', null, '2023-10-07 17:49:08');
INSERT INTO `sys_oper_log` VALUES ('726', '代码生成', '8', 'com.xiaoyai.generator.controller.GenController.batchGenCode()', 'GET', '1', 'admin', null, '/tool/gen/batchGenCode', '127.0.0.1', '内网IP', '{}', null, '0', null, '2023-10-07 17:49:10');
INSERT INTO `sys_oper_log` VALUES ('727', '代码生成', '2', 'com.xiaoyai.generator.controller.GenController.editSave()', 'PUT', '1', 'admin', null, '/tool/gen', '127.0.0.1', '内网IP', '{\"businessName\":\"check\",\"className\":\"WarehouseCheckReceipt\",\"columns\":[{\"capJavaField\":\"CheckReceiptId\",\"columnComment\":\"盘点ID\",\"columnId\":238,\"columnName\":\"check_receipt_id\",\"columnType\":\"bigint(20)\",\"createBy\":\"admin\",\"createTime\":\"2023-10-07 16:31:05\",\"dictType\":\"\",\"edit\":false,\"htmlType\":\"input\",\"increment\":false,\"insert\":true,\"isIncrement\":\"0\",\"isInsert\":\"1\",\"isPk\":\"1\",\"javaField\":\"checkReceiptId\",\"javaType\":\"Long\",\"list\":false,\"params\":{},\"pk\":true,\"query\":false,\"queryType\":\"EQ\",\"required\":false,\"sort\":1,\"superColumn\":false,\"tableId\":24,\"updateBy\":\"\",\"updateTime\":\"2023-10-07 17:45:25\",\"usableColumn\":false},{\"capJavaField\":\"CheckUserId\",\"columnComment\":\"盘点人ID\",\"columnId\":239,\"columnName\":\"check_user_id\",\"columnType\":\"bigint(20)\",\"createBy\":\"admin\",\"createTime\":\"2023-10-07 16:31:05\",\"dictType\":\"\",\"edit\":true,\"htmlType\":\"input\",\"increment\":false,\"insert\":true,\"isEdit\":\"1\",\"isIncrement\":\"0\",\"isInsert\":\"1\",\"isList\":\"1\",\"isPk\":\"0\",\"isQuery\":\"1\",\"javaField\":\"checkUserId\",\"javaType\":\"Long\",\"list\":true,\"params\":{},\"pk\":false,\"query\":true,\"queryType\":\"EQ\",\"required\":false,\"sort\":2,\"superColumn\":false,\"tableId\":24,\"updateBy\":\"\",\"updateTime\":\"2023-10-07 17:45:25\",\"usableColumn\":false},{\"capJavaField\":\"WarehouseId\",\"columnComment\":\"仓库id\",\"columnId\":240,\"columnName\":\"warehouse_id\",\"columnType\":\"bigint(20)\",\"createBy\":\"admin\",\"createTime\":\"2023-10-07 16:31:05\",\"dictType\":\"\",\"edit\":true,\"htmlType\":\"input\",\"increment\":false,\"insert\":true,\"isEdit\":\"1\",\"isIncrement\":\"0\",\"isInsert\":\"1\",\"isList\":\"1\",\"isPk\":\"0\",\"isQuery\":\"1\",\"javaField\":\"warehouseId\",\"javaType\":\"Long\",\"list\":true,\"params\":{},\"pk\":false,\"query\":true,\"queryType\":\"EQ\",\"required\":false,\"sort\":3,\"superColumn\":false,\"tableId\":24,\"updateBy\":\"\",\"updateTime\":\"2023-10-07 17:45:25\",\"usableColumn\":false},{\"capJavaField\":\"DocumentNumber\",\"columnId\":241,\"columnName\":\"document_number\",\"columnType\":\"varchar(32)\",\"createBy\":\"admin\",\"createTime\":\"2023-10-07 16:31:05\",\"dictType\":\"\",\"edit\":true,\"htmlType\":\"input\",\"increment\":false,\"ins', '{\"msg\":\"操作成功\",\"code\":200}', '0', null, '2023-10-07 17:54:24');
INSERT INTO `sys_oper_log` VALUES ('728', '字典类型', '1', 'com.xiaoyai.web.controller.system.SysDictTypeController.add()', 'POST', '1', 'admin', null, '/system/dict/type', '127.0.0.1', '内网IP', '{\"createBy\":\"admin\",\"dictName\":\"盘点状态\",\"dictType\":\"check_state\",\"params\":{},\"remark\":\"盘点状态\",\"status\":\"0\"}', '{\"msg\":\"操作成功\",\"code\":200}', '0', null, '2023-10-07 18:02:06');
INSERT INTO `sys_oper_log` VALUES ('729', '字典数据', '1', 'com.xiaoyai.web.controller.system.SysDictDataController.add()', 'POST', '1', 'admin', null, '/system/dict/data', '127.0.0.1', '内网IP', '{\"createBy\":\"admin\",\"default\":false,\"dictLabel\":\"盘点中\",\"dictSort\":1,\"dictType\":\"check_state\",\"dictValue\":\"1\",\"listClass\":\"primary\",\"params\":{},\"status\":\"0\"}', '{\"msg\":\"操作成功\",\"code\":200}', '0', null, '2023-10-07 18:02:30');
INSERT INTO `sys_oper_log` VALUES ('730', '字典数据', '1', 'com.xiaoyai.web.controller.system.SysDictDataController.add()', 'POST', '1', 'admin', null, '/system/dict/data', '127.0.0.1', '内网IP', '{\"createBy\":\"admin\",\"default\":false,\"dictLabel\":\"已完成\",\"dictSort\":0,\"dictType\":\"check_state\",\"dictValue\":\"2\",\"listClass\":\"success\",\"params\":{},\"status\":\"0\"}', '{\"msg\":\"操作成功\",\"code\":200}', '0', null, '2023-10-07 18:02:42');
INSERT INTO `sys_oper_log` VALUES ('731', '字典数据', '2', 'com.xiaoyai.web.controller.system.SysDictDataController.edit()', 'PUT', '1', 'admin', null, '/system/dict/data', '127.0.0.1', '内网IP', '{\"createBy\":\"admin\",\"createTime\":\"2023-10-07 18:02:42\",\"default\":false,\"dictCode\":64,\"dictLabel\":\"已完成\",\"dictSort\":2,\"dictType\":\"check_state\",\"dictValue\":\"2\",\"isDefault\":\"N\",\"listClass\":\"success\",\"params\":{},\"status\":\"0\",\"updateBy\":\"admin\"}', '{\"msg\":\"操作成功\",\"code\":200}', '0', null, '2023-10-07 18:02:51');
INSERT INTO `sys_oper_log` VALUES ('732', '库存盘点', '1', 'com.xiaoyai.warehouse.controller.WarehouseCheckReceiptController.add()', 'POST', '1', 'admin', null, '/warehouse/check', '127.0.0.1', '内网IP', '{\"createTime\":\"2023-10-08 17:51:17.574\",\"documentNumber\":\"PD-202310080038\",\"params\":{},\"state\":\"1\",\"warehouseId\":1}', null, '1', '\r\n### Error updating database.  Cause: java.sql.SQLException: Field \'check_receipt_id\' doesn\'t have a default value\r\n### The error may exist in com/xiaoyai/warehouse/mapper/WarehouseCheckReceiptMapper.java (best guess)\r\n### The error may involve com.xiaoyai.warehouse.mapper.WarehouseCheckReceiptMapper.insert-Inline\r\n### The error occurred while setting parameters\r\n### SQL: INSERT INTO warehouse_check_receipt  ( warehouse_id, document_number,  state,  create_time )  VALUES  ( ?, ?,  ?,  ? )\r\n### Cause: java.sql.SQLException: Field \'check_receipt_id\' doesn\'t have a default value\n; Field \'check_receipt_id\' doesn\'t have a default value; nested exception is java.sql.SQLException: Field \'check_receipt_id\' doesn\'t have a default value', '2023-10-08 17:51:17');
INSERT INTO `sys_oper_log` VALUES ('733', '库存盘点', '1', 'com.xiaoyai.warehouse.controller.WarehouseCheckReceiptController.add()', 'POST', '1', 'admin', null, '/warehouse/check', '127.0.0.1', '内网IP', '{\"createTime\":\"2023-10-08 17:52:07.009\",\"documentNumber\":\"PD-202310080038\",\"params\":{},\"state\":\"1\",\"warehouseId\":1}', null, '1', '', '2023-10-08 17:52:07');
INSERT INTO `sys_oper_log` VALUES ('734', '库存盘点', '1', 'com.xiaoyai.warehouse.controller.WarehouseCheckReceiptController.add()', 'POST', '1', 'admin', null, '/warehouse/check', '127.0.0.1', '内网IP', '{\"createTime\":\"2023-10-08 17:52:21.147\",\"documentNumber\":\"PD-202310080038\",\"params\":{},\"state\":\"1\",\"warehouseId\":1}', null, '1', '', '2023-10-08 17:53:15');
INSERT INTO `sys_oper_log` VALUES ('735', '库存盘点', '1', 'com.xiaoyai.warehouse.controller.WarehouseCheckReceiptController.add()', 'POST', '1', 'admin', null, '/warehouse/check', '127.0.0.1', '内网IP', '{\"createTime\":\"2023-10-08 17:53:15.855\",\"documentNumber\":\"PD-202310080038\",\"params\":{},\"state\":\"1\",\"warehouseId\":1}', null, '1', '', '2023-10-08 17:53:15');
INSERT INTO `sys_oper_log` VALUES ('736', '库存盘点', '1', 'com.xiaoyai.warehouse.controller.WarehouseCheckReceiptController.add()', 'POST', '1', 'admin', null, '/warehouse/check', '127.0.0.1', '内网IP', '{\"createTime\":\"2023-10-08 17:55:25.644\",\"documentNumber\":\"PD-202310080038\",\"params\":{},\"receiptGoodsList\":[{\"checkReceiptDetailId\":1,\"checkReceiptId\":4,\"goodsId\":1},{\"checkReceiptDetailId\":2,\"checkReceiptId\":4,\"goodsId\":2}],\"state\":\"1\",\"warehouseId\":1}', '{\"msg\":\"操作成功\",\"code\":200}', '0', null, '2023-10-08 17:55:25');
INSERT INTO `sys_oper_log` VALUES ('737', '菜单管理', '2', 'com.xiaoyai.web.controller.system.SysMenuController.edit()', 'PUT', '1', 'admin', null, '/system/menu', '127.0.0.1', '内网IP', '{\"children\":[],\"component\":\"warehouse/report/check/index\",\"createTime\":\"2023-10-07 17:45:58\",\"icon\":\"button\",\"isCache\":\"1\",\"isFrame\":\"1\",\"menuId\":2248,\"menuName\":\"库存盘点\",\"menuType\":\"C\",\"orderNum\":1,\"params\":{},\"parentId\":2207,\"path\":\"check\",\"perms\":\"warehouse:check:list\",\"status\":\"0\",\"updateBy\":\"admin\",\"visible\":\"0\"}', '{\"msg\":\"操作成功\",\"code\":200}', '0', null, '2023-10-08 17:59:22');
INSERT INTO `sys_oper_log` VALUES ('738', '库存盘点', '1', 'com.xiaoyai.warehouse.controller.WarehouseCheckReceiptController.add()', 'POST', '1', 'admin', null, '/warehouse/check', '127.0.0.1', '内网IP', '{\"checkTime\":\"2023-10-08 17:59:36.086\",\"checkUserId\":1,\"createBy\":\"admin\",\"createTime\":\"2023-10-08 17:59:36.086\",\"documentNumber\":\"PD-202310080039\",\"params\":{},\"receiptGoodsList\":[{\"checkReceiptDetailId\":3,\"checkReceiptId\":5,\"goodsId\":1,\"goodsNewNumber\":0,\"goodsOldNumber\":0},{\"checkReceiptDetailId\":4,\"checkReceiptId\":5,\"goodsId\":2,\"goodsNewNumber\":0,\"goodsOldNumber\":0}],\"state\":\"1\",\"warehouseId\":2}', '{\"msg\":\"操作成功\",\"code\":200}', '0', null, '2023-10-08 17:59:36');
INSERT INTO `sys_oper_log` VALUES ('739', '库存盘点', '3', 'com.xiaoyai.warehouse.controller.WarehouseCheckReceiptController.remove()', 'DELETE', '1', 'admin', null, '/warehouse/check/4', '127.0.0.1', '内网IP', '{checkReceiptIds=4}', '{\"msg\":\"操作成功\",\"code\":200}', '0', null, '2023-10-08 18:12:43');
INSERT INTO `sys_oper_log` VALUES ('740', '库存盘点', '3', 'com.xiaoyai.warehouse.controller.WarehouseCheckReceiptController.remove()', 'DELETE', '1', 'admin', null, '/warehouse/check/4', '127.0.0.1', '内网IP', '{checkReceiptIds=4}', '{\"msg\":\"操作成功\",\"code\":200}', '0', null, '2023-10-08 18:13:13');
INSERT INTO `sys_oper_log` VALUES ('741', '库存盘点', '1', 'com.xiaoyai.warehouse.controller.WarehouseCheckReceiptController.add()', 'POST', '1', 'admin', null, '/warehouse/check', '127.0.0.1', '内网IP', '{\"checkTime\":\"2023-10-08 19:31:08.33\",\"checkUserId\":1,\"createBy\":\"admin\",\"createTime\":\"2023-10-08 19:31:08.33\",\"documentNumber\":\"PD-202310080041\",\"params\":{},\"receiptGoodsList\":[{\"colorType\":\"2\",\"goodsCode\":\"JD-001\",\"goodsId\":1,\"goodsName\":\"油烟机\",\"goodsNewNumber\":2,\"goodsOldNumber\":2,\"goodsPicture\":\"/profile/upload/2023/09/26/4b90f603738da97733a24e9fb051f8198718e3f1_20230926100817A001.jpg\",\"specificationType\":\"1\",\"unitType\":\"2\"},{\"colorType\":\"1\",\"goodsCode\":\"CJ-001\",\"goodsId\":2,\"goodsName\":\"电饭锅\",\"goodsNewNumber\":2,\"goodsOldNumber\":2,\"goodsPicture\":\"/profile/upload/2023/09/26/UI8bEfVEIaRdZbN1tIqffA_20230926100930A002.jpg\",\"specificationType\":\"1\",\"unitType\":\"3\"}],\"state\":\"1\",\"warehouseId\":1}', '{\"msg\":\"操作成功\",\"code\":200}', '0', null, '2023-10-08 19:31:08');
INSERT INTO `sys_oper_log` VALUES ('742', '库存盘点', '1', 'com.xiaoyai.warehouse.controller.WarehouseCheckReceiptController.add()', 'POST', '1', 'admin', null, '/warehouse/check', '127.0.0.1', '内网IP', '{\"checkTime\":\"2023-10-08 19:32:42.004\",\"checkUserId\":1,\"createBy\":\"admin\",\"createTime\":\"2023-10-08 19:32:42.004\",\"documentNumber\":\"PD-202310080042\",\"params\":{},\"receiptGoodsList\":[{\"colorType\":\"2\",\"goodsCode\":\"JD-001\",\"goodsId\":1,\"goodsName\":\"油烟机\",\"goodsNewNumber\":-1,\"goodsOldNumber\":0,\"goodsPicture\":\"/profile/upload/2023/09/26/4b90f603738da97733a24e9fb051f8198718e3f1_20230926100817A001.jpg\",\"specificationType\":\"1\",\"unitType\":\"2\"},{\"colorType\":\"1\",\"goodsCode\":\"CJ-001\",\"goodsId\":2,\"goodsName\":\"电饭锅\",\"goodsNewNumber\":-1,\"goodsOldNumber\":0,\"goodsPicture\":\"/profile/upload/2023/09/26/UI8bEfVEIaRdZbN1tIqffA_20230926100930A002.jpg\",\"specificationType\":\"1\",\"unitType\":\"3\"}],\"state\":\"2\",\"warehouseId\":2}', '{\"msg\":\"操作成功\",\"code\":200}', '0', null, '2023-10-08 19:32:42');
INSERT INTO `sys_oper_log` VALUES ('743', '定时任务', '2', 'com.xiaoyai.quartz.controller.SysJobController.edit()', 'PUT', '1', 'admin', null, '/monitor/job', '127.0.0.1', '内网IP', '{\"concurrent\":\"1\",\"createBy\":\"admin\",\"createTime\":\"2023-09-06 19:50:36\",\"cronExpression\":\"0/10 * * * * ?\",\"invokeTarget\":\"testTask.ryNoParams\",\"jobGroup\":\"DEFAULT\",\"jobId\":1,\"jobName\":\"系统默认（无参）\",\"misfirePolicy\":\"3\",\"nextValidTime\":\"2023-10-08 19:59:50\",\"params\":{},\"remark\":\"\",\"status\":\"1\"}', '{\"msg\":\"修改任务\'系统默认（无参）\'失败，目标字符串不在白名单内\",\"code\":500}', '0', null, '2023-10-08 19:59:46');
INSERT INTO `sys_oper_log` VALUES ('744', '定时任务', '2', 'com.xiaoyai.quartz.controller.SysJobController.edit()', 'PUT', '1', 'admin', null, '/monitor/job', '127.0.0.1', '内网IP', '{\"concurrent\":\"1\",\"createBy\":\"admin\",\"createTime\":\"2023-09-06 19:50:36\",\"cronExpression\":\"0/10 * * * * ?\",\"invokeTarget\":\"testTask.ryNoParams\",\"jobGroup\":\"DEFAULT\",\"jobId\":1,\"jobName\":\"系统默认（无参）\",\"misfirePolicy\":\"3\",\"nextValidTime\":\"2023-10-08 20:00:00\",\"params\":{},\"remark\":\"\",\"status\":\"1\"}', '{\"msg\":\"修改任务\'系统默认（无参）\'失败，目标字符串不在白名单内\",\"code\":500}', '0', null, '2023-10-08 19:59:51');
INSERT INTO `sys_oper_log` VALUES ('745', '定时任务', '2', 'com.xiaoyai.quartz.controller.SysJobController.edit()', 'PUT', '1', 'admin', null, '/monitor/job', '127.0.0.1', '内网IP', '{\"concurrent\":\"1\",\"createBy\":\"admin\",\"createTime\":\"2023-09-06 19:50:36\",\"cronExpression\":\"0/10 * * * * ?\",\"invokeTarget\":\"testTask.ryNoParams\",\"jobGroup\":\"DEFAULT\",\"jobId\":1,\"jobName\":\"系统默认（无参）\",\"misfirePolicy\":\"3\",\"nextValidTime\":\"2023-10-08 20:02:40\",\"params\":{},\"remark\":\"\",\"status\":\"1\",\"updateBy\":\"admin\"}', '{\"msg\":\"操作成功\",\"code\":200}', '0', null, '2023-10-08 20:02:35');
INSERT INTO `sys_oper_log` VALUES ('746', '定时任务', '2', 'com.xiaoyai.quartz.controller.SysJobController.run()', 'PUT', '1', 'admin', null, '/monitor/job/run', '127.0.0.1', '内网IP', '{\"jobGroup\":\"DEFAULT\",\"jobId\":1,\"misfirePolicy\":\"0\",\"params\":{}}', '{\"msg\":\"操作成功\",\"code\":200}', '0', null, '2023-10-08 20:02:50');
INSERT INTO `sys_oper_log` VALUES ('747', '代码生成', '6', 'com.xiaoyai.generator.controller.GenController.importTableSave()', 'POST', '1', 'admin', null, '/tool/gen/importTable', '127.0.0.1', '内网IP', '\"warehouse_stock_warn\"', '{\"msg\":\"操作成功\",\"code\":200}', '0', null, '2023-10-08 20:26:49');
INSERT INTO `sys_oper_log` VALUES ('748', '代码生成', '2', 'com.xiaoyai.generator.controller.GenController.editSave()', 'PUT', '1', 'admin', null, '/tool/gen', '127.0.0.1', '内网IP', '{\"businessName\":\"stock\",\"className\":\"WarehouseStockWarn\",\"columns\":[{\"capJavaField\":\"WarnId\",\"columnId\":256,\"columnName\":\"warn_id\",\"columnType\":\"bigint(20)\",\"createBy\":\"admin\",\"createTime\":\"2023-10-08 20:26:49\",\"dictType\":\"\",\"edit\":false,\"htmlType\":\"input\",\"increment\":true,\"insert\":true,\"isIncrement\":\"1\",\"isInsert\":\"1\",\"isPk\":\"1\",\"javaField\":\"warnId\",\"javaType\":\"Long\",\"list\":false,\"params\":{},\"pk\":true,\"query\":false,\"queryType\":\"EQ\",\"required\":false,\"sort\":1,\"superColumn\":false,\"tableId\":26,\"updateBy\":\"\",\"usableColumn\":false},{\"capJavaField\":\"GoodsId\",\"columnId\":257,\"columnName\":\"goods_id\",\"columnType\":\"bigint(20)\",\"createBy\":\"admin\",\"createTime\":\"2023-10-08 20:26:49\",\"dictType\":\"\",\"edit\":true,\"htmlType\":\"input\",\"increment\":false,\"insert\":true,\"isEdit\":\"1\",\"isIncrement\":\"0\",\"isInsert\":\"1\",\"isList\":\"1\",\"isPk\":\"0\",\"isQuery\":\"1\",\"javaField\":\"goodsId\",\"javaType\":\"Long\",\"list\":true,\"params\":{},\"pk\":false,\"query\":true,\"queryType\":\"EQ\",\"required\":false,\"sort\":2,\"superColumn\":false,\"tableId\":26,\"updateBy\":\"\",\"usableColumn\":false},{\"capJavaField\":\"GoodsName\",\"columnId\":258,\"columnName\":\"goods_name\",\"columnType\":\"varchar(255)\",\"createBy\":\"admin\",\"createTime\":\"2023-10-08 20:26:49\",\"dictType\":\"\",\"edit\":true,\"htmlType\":\"input\",\"increment\":false,\"insert\":true,\"isEdit\":\"1\",\"isIncrement\":\"0\",\"isInsert\":\"1\",\"isList\":\"1\",\"isPk\":\"0\",\"isQuery\":\"1\",\"javaField\":\"goodsName\",\"javaType\":\"String\",\"list\":true,\"params\":{},\"pk\":false,\"query\":true,\"queryType\":\"LIKE\",\"required\":false,\"sort\":3,\"superColumn\":false,\"tableId\":26,\"updateBy\":\"\",\"usableColumn\":false},{\"capJavaField\":\"StockNumber\",\"columnId\":259,\"columnName\":\"stock_number\",\"columnType\":\"decimal(10,0)\",\"createBy\":\"admin\",\"createTime\":\"2023-10-08 20:26:49\",\"dictType\":\"\",\"edit\":true,\"htmlType\":\"input\",\"increment\":false,\"insert\":true,\"isEdit\":\"1\",\"isIncrement\":\"0\",\"isInsert\":\"1\",\"isList\":\"1\",\"isPk\":\"0\",\"isQuery\":\"1\",\"javaField\":\"stockNumber\",\"javaType\":\"Long\",\"list\":true,\"params\":{},\"pk\":false,\"query\":true,\"queryType\":\"EQ\",\"required\":false,\"', '{\"msg\":\"操作成功\",\"code\":200}', '0', null, '2023-10-08 20:27:25');
INSERT INTO `sys_oper_log` VALUES ('749', '代码生成', '8', 'com.xiaoyai.generator.controller.GenController.batchGenCode()', 'GET', '1', 'admin', null, '/tool/gen/batchGenCode', '127.0.0.1', '内网IP', '{}', null, '0', null, '2023-10-08 20:27:40');
INSERT INTO `sys_oper_log` VALUES ('750', '物品', '2', 'com.xiaoyai.warehouse.controller.WarehouseGoodsController.edit()', 'PUT', '1', 'admin', null, '/warehouse/goods', '127.0.0.1', '内网IP', '{\"categoryCode\":\"JD\",\"categoryId\":1,\"categoryName\":\"家电\",\"colorType\":2,\"createBy\":\"admin\",\"createTime\":\"2023-09-26 10:08:34\",\"delFlag\":\"0\",\"expirationDate\":0,\"goodsCode\":\"JD-001\",\"goodsId\":1,\"goodsName\":\"油烟机\",\"goodsPicture\":\"/profile/upload/2023/09/26/4b90f603738da97733a24e9fb051f8198718e3f1_20230926100817A001.jpg\",\"maxStock\":15,\"minStock\":10,\"params\":{},\"snValidate\":\"Y\",\"specificationType\":1,\"unitType\":2,\"updateBy\":\"admin\",\"updateTime\":\"2023-10-08 20:44:59.699\",\"warrantyDate\":0}', '{\"msg\":\"操作成功\",\"code\":200}', '0', null, '2023-10-08 20:44:59');
INSERT INTO `sys_oper_log` VALUES ('751', '定时任务', '1', 'com.xiaoyai.quartz.controller.SysJobController.add()', 'POST', '1', 'admin', null, '/monitor/job', '127.0.0.1', '内网IP', '{\"concurrent\":\"1\",\"createBy\":\"admin\",\"cronExpression\":\"0 0 1 * * ?\",\"invokeTarget\":\"warehouseTask.StockWarnJob()\",\"jobGroup\":\"SYSTEM\",\"jobId\":4,\"jobName\":\"库存预警\",\"misfirePolicy\":\"3\",\"nextValidTime\":\"2023-10-09 01:00:00\",\"params\":{},\"status\":\"1\"}', '{\"msg\":\"操作成功\",\"code\":200}', '0', null, '2023-10-08 20:48:05');
INSERT INTO `sys_oper_log` VALUES ('752', '定时任务', '2', 'com.xiaoyai.quartz.controller.SysJobController.run()', 'PUT', '1', 'admin', null, '/monitor/job/run', '127.0.0.1', '内网IP', '{\"jobGroup\":\"SYSTEM\",\"jobId\":4,\"misfirePolicy\":\"0\",\"params\":{}}', '{\"msg\":\"操作成功\",\"code\":200}', '0', null, '2023-10-08 20:48:10');
INSERT INTO `sys_oper_log` VALUES ('753', '定时任务', '2', 'com.xiaoyai.quartz.controller.SysJobController.run()', 'PUT', '1', 'admin', null, '/monitor/job/run', '127.0.0.1', '内网IP', '{\"jobGroup\":\"SYSTEM\",\"jobId\":4,\"misfirePolicy\":\"0\",\"params\":{}}', '{\"msg\":\"操作成功\",\"code\":200}', '0', null, '2023-10-08 20:50:22');
INSERT INTO `sys_oper_log` VALUES ('754', '定时任务', '2', 'com.xiaoyai.quartz.controller.SysJobController.run()', 'PUT', '1', 'admin', null, '/monitor/job/run', '127.0.0.1', '内网IP', '{\"jobGroup\":\"SYSTEM\",\"jobId\":4,\"misfirePolicy\":\"0\",\"params\":{}}', '{\"msg\":\"操作成功\",\"code\":200}', '0', null, '2023-10-08 20:51:19');
INSERT INTO `sys_oper_log` VALUES ('755', '定时任务', '2', 'com.xiaoyai.quartz.controller.SysJobController.run()', 'PUT', '1', 'admin', null, '/monitor/job/run', '127.0.0.1', '内网IP', '{\"jobGroup\":\"SYSTEM\",\"jobId\":4,\"misfirePolicy\":\"0\",\"params\":{}}', '{\"msg\":\"操作成功\",\"code\":200}', '0', null, '2023-10-08 20:52:19');
INSERT INTO `sys_oper_log` VALUES ('756', '定时任务', '2', 'com.xiaoyai.quartz.controller.SysJobController.run()', 'PUT', '1', 'admin', null, '/monitor/job/run', '127.0.0.1', '内网IP', '{\"jobGroup\":\"SYSTEM\",\"jobId\":4,\"misfirePolicy\":\"0\",\"params\":{}}', '{\"msg\":\"操作成功\",\"code\":200}', '0', null, '2023-10-08 20:53:51');
INSERT INTO `sys_oper_log` VALUES ('757', '定时任务', '2', 'com.xiaoyai.quartz.controller.SysJobController.run()', 'PUT', '1', 'admin', null, '/monitor/job/run', '127.0.0.1', '内网IP', '{\"jobGroup\":\"SYSTEM\",\"jobId\":4,\"misfirePolicy\":\"0\",\"params\":{}}', '{\"msg\":\"操作成功\",\"code\":200}', '0', null, '2023-10-08 20:58:17');
INSERT INTO `sys_oper_log` VALUES ('758', '定时任务', '2', 'com.xiaoyai.quartz.controller.SysJobController.run()', 'PUT', '1', 'admin', null, '/monitor/job/run', '127.0.0.1', '内网IP', '{\"jobGroup\":\"SYSTEM\",\"jobId\":4,\"misfirePolicy\":\"0\",\"params\":{}}', '{\"msg\":\"操作成功\",\"code\":200}', '0', null, '2023-10-08 21:02:44');
INSERT INTO `sys_oper_log` VALUES ('759', '定时任务', '2', 'com.xiaoyai.quartz.controller.SysJobController.run()', 'PUT', '1', 'admin', null, '/monitor/job/run', '127.0.0.1', '内网IP', '{\"jobGroup\":\"SYSTEM\",\"jobId\":4,\"misfirePolicy\":\"0\",\"params\":{}}', '{\"msg\":\"操作成功\",\"code\":200}', '0', null, '2023-10-08 21:02:58');
INSERT INTO `sys_oper_log` VALUES ('760', '定时任务', '2', 'com.xiaoyai.quartz.controller.SysJobController.run()', 'PUT', '1', 'admin', null, '/monitor/job/run', '127.0.0.1', '内网IP', '{\"jobGroup\":\"SYSTEM\",\"jobId\":4,\"misfirePolicy\":\"0\",\"params\":{}}', '{\"msg\":\"操作成功\",\"code\":200}', '0', null, '2023-10-08 21:03:55');
INSERT INTO `sys_oper_log` VALUES ('761', '物品', '2', 'com.xiaoyai.warehouse.controller.WarehouseGoodsController.edit()', 'PUT', '1', 'admin', null, '/warehouse/goods', '127.0.0.1', '内网IP', '{\"categoryCode\":\"CJ\",\"categoryId\":2,\"categoryName\":\"厨具\",\"colorType\":1,\"createBy\":\"admin\",\"createTime\":\"2023-09-26 10:09:50\",\"delFlag\":\"0\",\"expirationDate\":1,\"expirationDateType\":1,\"goodsCode\":\"CJ-001\",\"goodsId\":2,\"goodsName\":\"电饭锅\",\"goodsPicture\":\"/profile/upload/2023/09/26/UI8bEfVEIaRdZbN1tIqffA_20230926100930A002.jpg\",\"maxStock\":100,\"minStock\":10,\"params\":{},\"snValidate\":\"Y\",\"specificationType\":1,\"unitType\":3,\"updateBy\":\"admin\",\"updateTime\":\"2023-10-08 21:04:44.146\",\"warrantyDate\":1,\"warrantyDateType\":1}', '{\"msg\":\"操作成功\",\"code\":200}', '0', null, '2023-10-08 21:04:44');
INSERT INTO `sys_oper_log` VALUES ('762', '物品', '2', 'com.xiaoyai.warehouse.controller.WarehouseGoodsController.edit()', 'PUT', '1', 'admin', null, '/warehouse/goods', '127.0.0.1', '内网IP', '{\"categoryCode\":\"JD\",\"categoryId\":1,\"categoryName\":\"家电\",\"colorType\":2,\"createBy\":\"admin\",\"createTime\":\"2023-09-26 10:08:34\",\"delFlag\":\"0\",\"expirationDate\":1,\"expirationDateType\":1,\"goodsCode\":\"JD-001\",\"goodsId\":1,\"goodsName\":\"油烟机\",\"goodsPicture\":\"/profile/upload/2023/09/26/4b90f603738da97733a24e9fb051f8198718e3f1_20230926100817A001.jpg\",\"maxStock\":15,\"minStock\":10,\"params\":{},\"snValidate\":\"Y\",\"specificationType\":1,\"unitType\":2,\"updateBy\":\"admin\",\"updateTime\":\"2023-10-08 21:04:53.107\",\"warrantyDate\":1,\"warrantyDateType\":1}', '{\"msg\":\"操作成功\",\"code\":200}', '0', null, '2023-10-08 21:04:53');
INSERT INTO `sys_oper_log` VALUES ('763', '定时任务', '2', 'com.xiaoyai.quartz.controller.SysJobController.run()', 'PUT', '1', 'admin', null, '/monitor/job/run', '127.0.0.1', '内网IP', '{\"jobGroup\":\"SYSTEM\",\"jobId\":4,\"misfirePolicy\":\"0\",\"params\":{}}', '{\"msg\":\"操作成功\",\"code\":200}', '0', null, '2023-10-08 21:05:03');
INSERT INTO `sys_oper_log` VALUES ('764', '门店信息', '5', 'com.xiaoyai.warehouse.controller.WarehouseStoreController.export()', 'POST', '1', 'admin', null, '/warehouse/store/export', '127.0.0.1', '内网IP', '{\"params\":{}}', null, '0', null, '2023-10-09 11:37:27');
INSERT INTO `sys_oper_log` VALUES ('765', '菜单管理', '1', 'com.xiaoyai.web.controller.system.SysMenuController.add()', 'POST', '1', 'admin', null, '/system/menu', '127.0.0.1', '内网IP', '{\"children\":[],\"createBy\":\"admin\",\"icon\":\"build\",\"isCache\":\"0\",\"isFrame\":\"1\",\"menuName\":\"流程中心\",\"menuType\":\"M\",\"orderNum\":7,\"params\":{},\"parentId\":0,\"path\":\"flow\",\"status\":\"0\",\"visible\":\"0\"}', '{\"msg\":\"操作成功\",\"code\":200}', '0', null, '2023-10-09 22:38:08');
INSERT INTO `sys_oper_log` VALUES ('766', '菜单管理', '1', 'com.xiaoyai.web.controller.system.SysMenuController.add()', 'POST', '1', 'admin', null, '/system/menu', '127.0.0.1', '内网IP', '{\"children\":[],\"component\":\"process/todo/index\",\"createBy\":\"admin\",\"icon\":\"link\",\"isCache\":\"1\",\"isFrame\":\"1\",\"menuName\":\"我的待办\",\"menuType\":\"C\",\"orderNum\":1,\"params\":{},\"parentId\":2254,\"path\":\"todo\",\"perms\":\"process:todo:index\",\"status\":\"0\",\"visible\":\"0\"}', '{\"msg\":\"操作成功\",\"code\":200}', '0', null, '2023-10-09 22:43:17');
INSERT INTO `sys_oper_log` VALUES ('767', '菜单管理', '1', 'com.xiaoyai.web.controller.system.SysMenuController.add()', 'POST', '1', 'admin', null, '/system/menu', '127.0.0.1', '内网IP', '{\"children\":[],\"component\":\"process/new/index\",\"createBy\":\"admin\",\"icon\":\"edit\",\"isCache\":\"1\",\"isFrame\":\"1\",\"menuName\":\"新建流程\",\"menuType\":\"C\",\"orderNum\":2,\"params\":{},\"parentId\":2254,\"path\":\"new\",\"perms\":\"process:new:index\",\"status\":\"0\",\"visible\":\"0\"}', '{\"msg\":\"操作成功\",\"code\":200}', '0', null, '2023-10-10 10:40:50');
INSERT INTO `sys_oper_log` VALUES ('768', '用户管理', '1', 'com.xiaoyai.web.controller.system.SysUserController.add()', 'POST', '1', 'admin', null, '/system/user', '127.0.0.1', '内网IP', '{\"admin\":false,\"createBy\":\"admin\",\"deptId\":101,\"nickName\":\"流程管理\",\"params\":{},\"postIds\":[1],\"roleIds\":[2],\"sex\":\"0\",\"status\":\"0\",\"userId\":2,\"userName\":\"lc\"}', '{\"msg\":\"操作成功\",\"code\":200}', '0', null, '2023-10-10 11:05:27');
INSERT INTO `sys_oper_log` VALUES ('769', '角色管理', '1', 'com.xiaoyai.web.controller.system.SysRoleController.add()', 'POST', '1', 'admin', null, '/system/role', '127.0.0.1', '内网IP', '{\"admin\":false,\"createBy\":\"admin\",\"deptCheckStrictly\":true,\"deptIds\":[],\"flag\":false,\"menuCheckStrictly\":true,\"menuIds\":[2149,2150,2151,2152,2153,2154,2155,2156,2157,2158,2159,2160,2161,2162,2163,2164,2165,2166,2167,2168,2169,2170,2171,2172,2173,2193,2194,2195,2196,2197,2198,2239,2240,2241,2242,2243,2244,2174,2199,2200,2201,2202,2203,2204,2245,2205,2208,2209,2210,2211,2212,2213,2246,2206,2214,2215,2216,2217,2218,2219,2247,2220,2221,2222,2223,2224,2225,2226,2207,2227,2228,2232,2233,2234,2238,2248,2249,2250,2251,2252,2253,2254,2255,2256,3,115,116,1055,1056,1057,1058,1059,1060,117,1,100,1000,1001,1002,1003,1004,1005,1006,101,1007,1008,1009,1010,1011,102,1012,1013,1014,1015,103,1016,1017,1018,1019,104,1020,1021,1022,1023,1024,105,1025,1026,1027,1028,1029,106,1030,1031,1032,1033,1034,107,1035,1036,1037,1038,108,500,1039,1040,1041,501,1042,1043,1044,1045,2,109,1046,1047,1048,110,1049,1050,1051,1052,1053,1054,111,112,113,114],\"params\":{},\"roleId\":3,\"roleKey\":\"process\",\"roleName\":\"流程管理员\",\"roleSort\":\"3\",\"status\":\"0\"}', '{\"msg\":\"操作成功\",\"code\":200}', '0', null, '2023-10-10 11:05:55');
INSERT INTO `sys_oper_log` VALUES ('770', '用户管理', '2', 'com.xiaoyai.web.controller.system.SysUserController.edit()', 'PUT', '1', 'admin', null, '/system/user', '127.0.0.1', '内网IP', '{\"admin\":false,\"avatar\":\"\",\"createBy\":\"admin\",\"createTime\":\"2023-10-10 11:05:27\",\"delFlag\":\"0\",\"dept\":{\"ancestors\":\"0,100\",\"children\":[],\"deptId\":101,\"deptName\":\"信息部\",\"leader\":\"\",\"orderNum\":1,\"params\":{},\"parentId\":100,\"status\":\"0\"},\"deptId\":101,\"email\":\"\",\"loginIp\":\"\",\"nickName\":\"流程管理\",\"params\":{},\"phonenumber\":\"\",\"postIds\":[1],\"roleIds\":[2,3],\"roles\":[{\"admin\":false,\"dataScope\":\"2\",\"deptCheckStrictly\":false,\"flag\":false,\"menuCheckStrictly\":false,\"params\":{},\"roleId\":2,\"roleKey\":\"common\",\"roleName\":\"普通角色\",\"roleSort\":\"2\",\"status\":\"0\"}],\"sex\":\"0\",\"status\":\"0\",\"updateBy\":\"admin\",\"userId\":2,\"userName\":\"lc\"}', '{\"msg\":\"操作成功\",\"code\":200}', '0', null, '2023-10-10 11:06:14');
INSERT INTO `sys_oper_log` VALUES ('771', '菜单管理', '1', 'com.xiaoyai.web.controller.system.SysMenuController.add()', 'POST', '1', 'lc', null, '/system/menu', '127.0.0.1', '内网IP', '{\"children\":[],\"createBy\":\"lc\",\"isCache\":\"0\",\"isFrame\":\"1\",\"menuName\":\"新增\",\"menuType\":\"F\",\"orderNum\":1,\"params\":{},\"parentId\":2256,\"perms\":\"process:new:add\",\"status\":\"0\",\"visible\":\"0\"}', '{\"msg\":\"操作成功\",\"code\":200}', '0', null, '2023-10-10 11:22:43');
INSERT INTO `sys_oper_log` VALUES ('772', '角色管理', '2', 'com.xiaoyai.web.controller.system.SysRoleController.edit()', 'PUT', '1', 'admin', null, '/system/role', '127.0.0.1', '内网IP', '{\"admin\":false,\"createTime\":\"2023-10-10 11:05:55\",\"dataScope\":\"1\",\"delFlag\":\"0\",\"deptCheckStrictly\":true,\"flag\":false,\"menuCheckStrictly\":true,\"menuIds\":[2149,2150,2151,2152,2153,2154,2155,2156,2157,2158,2159,2160,2161,2162,2163,2164,2165,2166,2167,2168,2169,2170,2171,2172,2173,2193,2194,2195,2196,2197,2198,2239,2240,2241,2242,2243,2244,2174,2199,2200,2201,2202,2203,2204,2245,2205,2208,2209,2210,2211,2212,2213,2246,2206,2214,2215,2216,2217,2218,2219,2247,2220,2221,2222,2223,2224,2225,2226,2207,2227,2228,2232,2233,2234,2238,2248,2249,2250,2251,2252,2253,2254,2255,2256,2257,3,115,116,1055,1056,1057,1058,1059,1060,117,1,100,1000,1001,1002,1003,1004,1005,1006,101,1007,1008,1009,1010,1011,102,1012,1013,1014,1015,103,1016,1017,1018,1019,104,1020,1021,1022,1023,1024,105,1025,1026,1027,1028,1029,106,1030,1031,1032,1033,1034,107,1035,1036,1037,1038,108,500,1039,1040,1041,501,1042,1043,1044,1045,2,109,1046,1047,1048,110,1049,1050,1051,1052,1053,1054,111,112,113,114],\"params\":{},\"roleId\":3,\"roleKey\":\"process\",\"roleName\":\"流程管理员\",\"roleSort\":\"3\",\"status\":\"0\",\"updateBy\":\"admin\"}', '{\"msg\":\"操作成功\",\"code\":200}', '0', null, '2023-10-10 14:12:38');
INSERT INTO `sys_oper_log` VALUES ('773', '菜单管理', '1', 'com.xiaoyai.web.controller.system.SysMenuController.add()', 'POST', '1', 'admin', null, '/system/menu', '127.0.0.1', '内网IP', '{\"children\":[],\"component\":\"process/template/index\",\"createBy\":\"admin\",\"icon\":\"edit\",\"isCache\":\"1\",\"isFrame\":\"1\",\"menuName\":\"流程模板\",\"menuType\":\"C\",\"orderNum\":10,\"params\":{},\"parentId\":2254,\"path\":\"template\",\"perms\":\"process:template:index\",\"status\":\"0\",\"visible\":\"0\"}', '{\"msg\":\"操作成功\",\"code\":200}', '0', null, '2023-10-10 14:44:03');
INSERT INTO `sys_oper_log` VALUES ('774', '字典类型', '1', 'com.xiaoyai.web.controller.system.SysDictTypeController.add()', 'POST', '1', 'admin', null, '/system/dict/type', '127.0.0.1', '内网IP', '{\"createBy\":\"admin\",\"dictName\":\"部门矩阵\",\"dictType\":\"dept_job_type\",\"params\":{},\"remark\":\"部门矩阵\",\"status\":\"0\"}', '{\"msg\":\"操作成功\",\"code\":200}', '0', null, '2023-10-10 16:26:19');
INSERT INTO `sys_oper_log` VALUES ('775', '字典数据', '1', 'com.xiaoyai.web.controller.system.SysDictDataController.add()', 'POST', '1', 'admin', null, '/system/dict/data', '127.0.0.1', '内网IP', '{\"createBy\":\"admin\",\"default\":false,\"dictLabel\":\"部门主管\",\"dictSort\":1,\"dictType\":\"dept_job_type\",\"dictValue\":\"80800001\",\"listClass\":\"default\",\"params\":{},\"status\":\"0\"}', '{\"msg\":\"操作成功\",\"code\":200}', '0', null, '2023-10-10 16:27:07');
INSERT INTO `sys_oper_log` VALUES ('776', '字典数据', '1', 'com.xiaoyai.web.controller.system.SysDictDataController.add()', 'POST', '1', 'admin', null, '/system/dict/data', '127.0.0.1', '内网IP', '{\"createBy\":\"admin\",\"default\":false,\"dictLabel\":\"部门经理\",\"dictSort\":2,\"dictType\":\"dept_job_type\",\"dictValue\":\"80800002\",\"listClass\":\"default\",\"params\":{},\"status\":\"0\"}', '{\"msg\":\"操作成功\",\"code\":200}', '0', null, '2023-10-10 16:27:19');
INSERT INTO `sys_oper_log` VALUES ('777', '字典数据', '1', 'com.xiaoyai.web.controller.system.SysDictDataController.add()', 'POST', '1', 'admin', null, '/system/dict/data', '127.0.0.1', '内网IP', '{\"createBy\":\"admin\",\"default\":false,\"dictLabel\":\"部门总监\",\"dictSort\":3,\"dictType\":\"dept_job_type\",\"dictValue\":\"80800003\",\"listClass\":\"default\",\"params\":{},\"status\":\"0\"}', '{\"msg\":\"操作成功\",\"code\":200}', '0', null, '2023-10-10 16:32:19');
INSERT INTO `sys_oper_log` VALUES ('778', '字典类型', '1', 'com.xiaoyai.web.controller.system.SysDictTypeController.add()', 'POST', '1', 'admin', null, '/system/dict/type', '127.0.0.1', '内网IP', '{\"createBy\":\"admin\",\"dictName\":\"机构矩阵\",\"dictType\":\"org_job_type\",\"params\":{},\"remark\":\"机构矩阵\",\"status\":\"0\"}', '{\"msg\":\"操作成功\",\"code\":200}', '0', null, '2023-10-10 16:32:55');
INSERT INTO `sys_oper_log` VALUES ('779', '字典数据', '1', 'com.xiaoyai.web.controller.system.SysDictDataController.add()', 'POST', '1', 'admin', null, '/system/dict/data', '127.0.0.1', '内网IP', '{\"createBy\":\"admin\",\"cssClass\":\"\",\"default\":false,\"dictLabel\":\"考勤专员\",\"dictSort\":1,\"dictType\":\"org_job_type\",\"dictValue\":\"90900001\",\"listClass\":\"default\",\"params\":{},\"status\":\"0\"}', '{\"msg\":\"操作成功\",\"code\":200}', '0', null, '2023-10-10 16:38:15');
INSERT INTO `sys_oper_log` VALUES ('780', '字典数据', '1', 'com.xiaoyai.web.controller.system.SysDictDataController.add()', 'POST', '1', 'admin', null, '/system/dict/data', '127.0.0.1', '内网IP', '{\"createBy\":\"admin\",\"default\":false,\"dictLabel\":\"人事专员\",\"dictSort\":2,\"dictType\":\"org_job_type\",\"dictValue\":\"90900002\",\"listClass\":\"default\",\"params\":{},\"status\":\"0\"}', '{\"msg\":\"操作成功\",\"code\":200}', '0', null, '2023-10-10 16:38:33');
INSERT INTO `sys_oper_log` VALUES ('781', '角色管理', '2', 'com.xiaoyai.web.controller.system.SysRoleController.edit()', 'PUT', '1', 'admin', null, '/system/role', '127.0.0.1', '内网IP', '{\"admin\":false,\"createTime\":\"2023-10-10 11:05:55\",\"dataScope\":\"1\",\"delFlag\":\"0\",\"deptCheckStrictly\":true,\"flag\":false,\"menuCheckStrictly\":true,\"menuIds\":[2149,2150,2151,2152,2153,2154,2155,2156,2157,2158,2159,2160,2161,2162,2163,2164,2165,2166,2167,2168,2169,2170,2171,2172,2173,2193,2194,2195,2196,2197,2198,2239,2240,2241,2242,2243,2244,2174,2199,2200,2201,2202,2203,2204,2245,2205,2208,2209,2210,2211,2212,2213,2246,2206,2214,2215,2216,2217,2218,2219,2247,2220,2221,2222,2223,2224,2225,2226,2207,2227,2228,2232,2233,2234,2238,2248,2249,2250,2251,2252,2253,2254,2255,2256,2257,2258,3,115,116,1055,1056,1057,1058,1059,1060,117,1,100,1000,1001,1002,1003,1004,1005,1006,101,1007,1008,1009,1010,1011,102,1012,1013,1014,1015,103,1016,1017,1018,1019,104,1020,1021,1022,1023,1024,105,1025,1026,1027,1028,1029,106,1030,1031,1032,1033,1034,107,1035,1036,1037,1038,108,500,1039,1040,1041,501,1042,1043,1044,1045,2,109,1046,1047,1048,110,1049,1050,1051,1052,1053,1054,111,112,113,114],\"params\":{},\"roleId\":3,\"roleKey\":\"process\",\"roleName\":\"流程管理员\",\"roleSort\":\"3\",\"status\":\"0\",\"updateBy\":\"admin\"}', '{\"msg\":\"操作成功\",\"code\":200}', '0', null, '2023-10-10 17:25:28');
INSERT INTO `sys_oper_log` VALUES ('782', '用户管理', '1', 'com.xiaoyai.web.controller.system.SysUserController.add()', 'POST', '1', 'lc', null, '/system/user', '127.0.0.1', '内网IP', '{\"admin\":false,\"createBy\":\"lc\",\"deptId\":101,\"nickName\":\"信息部主管\",\"params\":{},\"postIds\":[],\"roleIds\":[3,2],\"status\":\"0\",\"userId\":3,\"userName\":\"zg\"}', '{\"msg\":\"操作成功\",\"code\":200}', '0', null, '2023-10-10 20:12:20');
INSERT INTO `sys_oper_log` VALUES ('783', '代码生成', '6', 'com.xiaoyai.generator.controller.GenController.importTableSave()', 'POST', '1', 'lc', null, '/tool/gen/importTable', '127.0.0.1', '内网IP', '\"sys_dept_job_title\"', '{\"msg\":\"操作成功\",\"code\":200}', '0', null, '2023-10-10 20:15:10');
INSERT INTO `sys_oper_log` VALUES ('784', '代码生成', '2', 'com.xiaoyai.generator.controller.GenController.editSave()', 'PUT', '1', 'lc', null, '/tool/gen', '127.0.0.1', '内网IP', '{\"businessName\":\"jobtitle\",\"className\":\"SysDeptJobTitle\",\"columns\":[{\"capJavaField\":\"DeptId\",\"columnId\":264,\"columnName\":\"dept_id\",\"columnType\":\"bigint(20)\",\"createBy\":\"lc\",\"createTime\":\"2023-10-10 20:15:10\",\"dictType\":\"\",\"edit\":false,\"htmlType\":\"input\",\"increment\":false,\"insert\":true,\"isIncrement\":\"0\",\"isInsert\":\"1\",\"isPk\":\"1\",\"javaField\":\"deptId\",\"javaType\":\"Long\",\"list\":false,\"params\":{},\"pk\":true,\"query\":false,\"queryType\":\"EQ\",\"required\":false,\"sort\":1,\"superColumn\":false,\"tableId\":27,\"updateBy\":\"\",\"usableColumn\":false},{\"capJavaField\":\"UserId\",\"columnId\":265,\"columnName\":\"user_id\",\"columnType\":\"bigint(20)\",\"createBy\":\"lc\",\"createTime\":\"2023-10-10 20:15:10\",\"dictType\":\"\",\"edit\":true,\"htmlType\":\"input\",\"increment\":false,\"insert\":true,\"isEdit\":\"1\",\"isIncrement\":\"0\",\"isInsert\":\"1\",\"isList\":\"1\",\"isPk\":\"0\",\"isQuery\":\"1\",\"isRequired\":\"1\",\"javaField\":\"userId\",\"javaType\":\"Long\",\"list\":true,\"params\":{},\"pk\":false,\"query\":true,\"queryType\":\"EQ\",\"required\":true,\"sort\":2,\"superColumn\":false,\"tableId\":27,\"updateBy\":\"\",\"usableColumn\":false},{\"capJavaField\":\"JobTitleCode\",\"columnId\":266,\"columnName\":\"job_title_code\",\"columnType\":\"varchar(255)\",\"createBy\":\"lc\",\"createTime\":\"2023-10-10 20:15:10\",\"dictType\":\"\",\"edit\":true,\"htmlType\":\"input\",\"increment\":false,\"insert\":true,\"isEdit\":\"1\",\"isIncrement\":\"0\",\"isInsert\":\"1\",\"isList\":\"1\",\"isPk\":\"0\",\"isQuery\":\"1\",\"isRequired\":\"1\",\"javaField\":\"jobTitleCode\",\"javaType\":\"String\",\"list\":true,\"params\":{},\"pk\":false,\"query\":true,\"queryType\":\"EQ\",\"required\":true,\"sort\":3,\"superColumn\":false,\"tableId\":27,\"updateBy\":\"\",\"usableColumn\":false}],\"crud\":true,\"functionAuthor\":\"junyang\",\"functionName\":\"部门矩阵\",\"genPath\":\"/\",\"genType\":\"0\",\"moduleName\":\"system\",\"options\":\"{}\",\"packageName\":\"com.xiaoyai.system\",\"params\":{},\"sub\":false,\"tableComment\":\"部门矩阵表\",\"tableId\":27,\"tableName\":\"sys_dept_job_title\",\"tplCategory\":\"crud\",\"tree\":false}', '{\"msg\":\"操作成功\",\"code\":200}', '0', null, '2023-10-10 20:15:29');
INSERT INTO `sys_oper_log` VALUES ('785', '代码生成', '8', 'com.xiaoyai.generator.controller.GenController.batchGenCode()', 'GET', '1', 'lc', null, '/tool/gen/batchGenCode', '127.0.0.1', '内网IP', '{}', null, '0', null, '2023-10-10 20:15:32');
INSERT INTO `sys_oper_log` VALUES ('786', '菜单管理', '1', 'com.xiaoyai.web.controller.system.SysMenuController.add()', 'POST', '1', 'admin', null, '/system/menu', '127.0.0.1', '内网IP', '{\"children\":[],\"component\":\"process/done/index\",\"createBy\":\"admin\",\"icon\":\"component\",\"isCache\":\"1\",\"isFrame\":\"1\",\"menuName\":\"已办流程\",\"menuType\":\"C\",\"orderNum\":3,\"params\":{},\"parentId\":2254,\"path\":\"done\",\"perms\":\"process:done:index\",\"status\":\"0\",\"visible\":\"0\"}', '{\"msg\":\"操作成功\",\"code\":200}', '0', null, '2023-10-11 17:57:36');
INSERT INTO `sys_oper_log` VALUES ('787', '菜单管理', '1', 'com.xiaoyai.web.controller.system.SysMenuController.add()', 'POST', '1', 'admin', null, '/system/menu', '127.0.0.1', '内网IP', '{\"children\":[],\"component\":\"process/request/index\",\"createBy\":\"admin\",\"icon\":\"input\",\"isCache\":\"1\",\"isFrame\":\"1\",\"menuName\":\"我的请求\",\"menuType\":\"C\",\"orderNum\":4,\"params\":{},\"parentId\":2254,\"path\":\"request\",\"perms\":\"process:request:index\",\"status\":\"0\",\"visible\":\"0\"}', '{\"msg\":\"操作成功\",\"code\":200}', '0', null, '2023-10-11 17:59:27');
INSERT INTO `sys_oper_log` VALUES ('788', '角色管理', '2', 'com.xiaoyai.web.controller.system.SysRoleController.edit()', 'PUT', '1', 'admin', null, '/system/role', '127.0.0.1', '内网IP', '{\"admin\":false,\"createTime\":\"2023-10-10 11:05:55\",\"dataScope\":\"1\",\"delFlag\":\"0\",\"deptCheckStrictly\":true,\"flag\":false,\"menuCheckStrictly\":true,\"menuIds\":[2149,2150,2151,2152,2153,2154,2155,2156,2157,2158,2159,2160,2161,2162,2163,2164,2165,2166,2167,2168,2169,2170,2171,2172,2173,2193,2194,2195,2196,2197,2198,2239,2240,2241,2242,2243,2244,2174,2199,2200,2201,2202,2203,2204,2245,2205,2208,2209,2210,2211,2212,2213,2246,2206,2214,2215,2216,2217,2218,2219,2247,2220,2221,2222,2223,2224,2225,2226,2207,2227,2228,2232,2233,2234,2238,2248,2249,2250,2251,2252,2253,2254,2255,2256,2257,2259,2260,2258,3,115,116,1055,1056,1057,1058,1059,1060,117,1,100,1000,1001,1002,1003,1004,1005,1006,101,1007,1008,1009,1010,1011,102,1012,1013,1014,1015,103,1016,1017,1018,1019,104,1020,1021,1022,1023,1024,105,1025,1026,1027,1028,1029,106,1030,1031,1032,1033,1034,107,1035,1036,1037,1038,108,500,1039,1040,1041,501,1042,1043,1044,1045,2,109,1046,1047,1048,110,1049,1050,1051,1052,1053,1054,111,112,113,114],\"params\":{},\"roleId\":3,\"roleKey\":\"process\",\"roleName\":\"流程管理员\",\"roleSort\":\"3\",\"status\":\"0\",\"updateBy\":\"admin\"}', '{\"msg\":\"操作成功\",\"code\":200}', '0', null, '2023-10-11 18:02:58');
INSERT INTO `sys_oper_log` VALUES ('789', '用户管理', '1', 'com.xiaoyai.web.controller.system.SysUserController.add()', 'POST', '1', 'zg', null, '/system/user', '127.0.0.1', '内网IP', '{\"admin\":false,\"createBy\":\"zg\",\"nickName\":\"zf\",\"params\":{},\"postIds\":[],\"roleIds\":[2,3],\"status\":\"0\",\"userId\":4,\"userName\":\"转发\"}', '{\"msg\":\"操作成功\",\"code\":200}', '0', null, '2023-10-11 20:09:13');
INSERT INTO `sys_oper_log` VALUES ('790', '用户管理', '2', 'com.xiaoyai.web.controller.system.SysUserController.edit()', 'PUT', '1', 'zg', null, '/system/user', '127.0.0.1', '内网IP', '{\"admin\":false,\"avatar\":\"\",\"createBy\":\"zg\",\"createTime\":\"2023-10-11 20:09:13\",\"delFlag\":\"0\",\"email\":\"\",\"loginIp\":\"\",\"nickName\":\"转发\",\"params\":{},\"phonenumber\":\"\",\"postIds\":[],\"roleIds\":[2,3],\"roles\":[{\"admin\":false,\"dataScope\":\"2\",\"deptCheckStrictly\":false,\"flag\":false,\"menuCheckStrictly\":false,\"params\":{},\"roleId\":2,\"roleKey\":\"common\",\"roleName\":\"普通角色\",\"roleSort\":\"2\",\"status\":\"0\"},{\"admin\":false,\"dataScope\":\"1\",\"deptCheckStrictly\":false,\"flag\":false,\"menuCheckStrictly\":false,\"params\":{},\"roleId\":3,\"roleKey\":\"process\",\"roleName\":\"流程管理员\",\"roleSort\":\"3\",\"status\":\"0\"}],\"sex\":\"0\",\"status\":\"0\",\"updateBy\":\"zg\",\"userId\":4,\"userName\":\"转发\"}', '{\"msg\":\"操作成功\",\"code\":200}', '0', null, '2023-10-11 20:09:25');
INSERT INTO `sys_oper_log` VALUES ('791', '用户管理', '2', 'com.xiaoyai.web.controller.system.SysUserController.edit()', 'PUT', '1', 'zg', null, '/system/user', '127.0.0.1', '内网IP', '{\"admin\":false,\"avatar\":\"\",\"createBy\":\"zg\",\"createTime\":\"2023-10-11 20:09:13\",\"delFlag\":\"0\",\"deptId\":101,\"email\":\"\",\"loginIp\":\"\",\"nickName\":\"转发\",\"params\":{},\"phonenumber\":\"\",\"postIds\":[],\"roleIds\":[2,3],\"roles\":[{\"admin\":false,\"dataScope\":\"2\",\"deptCheckStrictly\":false,\"flag\":false,\"menuCheckStrictly\":false,\"params\":{},\"roleId\":2,\"roleKey\":\"common\",\"roleName\":\"普通角色\",\"roleSort\":\"2\",\"status\":\"0\"},{\"admin\":false,\"dataScope\":\"1\",\"deptCheckStrictly\":false,\"flag\":false,\"menuCheckStrictly\":false,\"params\":{},\"roleId\":3,\"roleKey\":\"process\",\"roleName\":\"流程管理员\",\"roleSort\":\"3\",\"status\":\"0\"}],\"sex\":\"0\",\"status\":\"0\",\"updateBy\":\"zg\",\"userId\":4,\"userName\":\"zf\"}', '{\"msg\":\"操作成功\",\"code\":200}', '0', null, '2023-10-11 20:09:48');
INSERT INTO `sys_oper_log` VALUES ('792', '菜单管理', '2', 'com.xiaoyai.web.controller.system.SysMenuController.edit()', 'PUT', '1', 'zg', null, '/system/menu', '127.0.0.1', '内网IP', '{\"children\":[],\"component\":\"warehouse/report/stock/index\",\"createTime\":\"2023-09-25 14:52:44\",\"icon\":\"redis\",\"isCache\":\"0\",\"isFrame\":\"1\",\"menuId\":2227,\"menuName\":\"库存查询\",\"menuType\":\"C\",\"orderNum\":1,\"params\":{},\"parentId\":2207,\"path\":\"warehousestock\",\"perms\":\"warehouse:report:stock\",\"status\":\"0\",\"updateBy\":\"zg\",\"visible\":\"0\"}', '{\"msg\":\"操作成功\",\"code\":200}', '0', null, '2023-10-11 22:37:37');
INSERT INTO `sys_oper_log` VALUES ('793', '菜单管理', '2', 'com.xiaoyai.web.controller.system.SysMenuController.edit()', 'PUT', '1', 'zg', null, '/system/menu', '127.0.0.1', '内网IP', '{\"children\":[],\"component\":\"warehouse/report/code/index\",\"createTime\":\"2023-09-25 14:53:06\",\"icon\":\"list\",\"isCache\":\"1\",\"isFrame\":\"1\",\"menuId\":2233,\"menuName\":\"物品溯源\",\"menuType\":\"C\",\"orderNum\":1,\"params\":{},\"parentId\":2207,\"path\":\"trace\",\"perms\":\"warehouse:report:code\",\"status\":\"0\",\"updateBy\":\"zg\",\"visible\":\"0\"}', '{\"msg\":\"操作成功\",\"code\":200}', '0', null, '2023-10-11 22:37:51');
INSERT INTO `sys_oper_log` VALUES ('794', '角色管理', '2', 'com.xiaoyai.web.controller.system.SysRoleController.edit()', 'PUT', '1', 'zg', null, '/system/role', '127.0.0.1', '内网IP', '{\"admin\":false,\"createTime\":\"2023-10-10 11:05:55\",\"dataScope\":\"1\",\"delFlag\":\"0\",\"deptCheckStrictly\":true,\"flag\":false,\"menuCheckStrictly\":true,\"menuIds\":[2149,2239,2240,2241,2242,2243,2244,2193,2194,2195,2196,2197,2198,2168,2169,2170,2171,2172,2173,2162,2163,2164,2165,2166,2167,2156,2157,2158,2159,2160,2161,2150,2151,2152,2153,2154,2155,2174,2199,2200,2201,2202,2203,2204,2245,2205,2208,2209,2210,2211,2212,2213,2246,2206,2214,2215,2216,2217,2218,2219,2247,2220,2221,2222,2223,2224,2225,2226,2207,2233,2234,2238,2227,2228,2232,2248,2249,2250,2251,2252,2253,2254,2255,2256,2257,2259,2260,2258,3,115,116,1055,1056,1057,1058,1059,1060,117,1,100,1000,1001,1002,1003,1004,1005,1006,101,1007,1008,1009,1010,1011,102,1012,1013,1014,1015,103,1016,1017,1018,1019,104,1020,1021,1022,1023,1024,105,1025,1026,1027,1028,1029,106,1030,1031,1032,1033,1034,107,1035,1036,1037,1038,108,500,1039,1040,1041,501,1042,1043,1044,1045,2,109,1046,1047,1048,110,1049,1050,1051,1052,1053,1054,111,112,113,114],\"params\":{},\"roleId\":3,\"roleKey\":\"process\",\"roleName\":\"流程管理员\",\"roleSort\":\"3\",\"status\":\"0\",\"updateBy\":\"zg\"}', '{\"msg\":\"操作成功\",\"code\":200}', '0', null, '2023-10-11 22:38:47');
INSERT INTO `sys_oper_log` VALUES ('795', '代码生成', '2', 'com.xiaoyai.generator.controller.GenController.editSave()', 'PUT', '1', 'zg', null, '/tool/gen', '127.0.0.1', '内网IP', '{\"businessName\":\"jobtitle\",\"className\":\"SysDeptJobTitle\",\"columns\":[{\"capJavaField\":\"DeptId\",\"columnId\":264,\"columnName\":\"dept_id\",\"columnType\":\"bigint(20)\",\"createBy\":\"lc\",\"createTime\":\"2023-10-10 20:15:10\",\"dictType\":\"\",\"edit\":false,\"htmlType\":\"input\",\"increment\":false,\"insert\":true,\"isIncrement\":\"0\",\"isInsert\":\"1\",\"isPk\":\"1\",\"javaField\":\"deptId\",\"javaType\":\"Long\",\"list\":false,\"params\":{},\"pk\":true,\"query\":false,\"queryType\":\"EQ\",\"required\":false,\"sort\":1,\"superColumn\":false,\"tableId\":27,\"updateBy\":\"\",\"updateTime\":\"2023-10-10 20:15:29\",\"usableColumn\":false},{\"capJavaField\":\"UserId\",\"columnId\":265,\"columnName\":\"user_id\",\"columnType\":\"bigint(20)\",\"createBy\":\"lc\",\"createTime\":\"2023-10-10 20:15:10\",\"dictType\":\"\",\"edit\":true,\"htmlType\":\"fileUpload\",\"increment\":false,\"insert\":true,\"isEdit\":\"1\",\"isIncrement\":\"0\",\"isInsert\":\"1\",\"isList\":\"1\",\"isPk\":\"0\",\"isQuery\":\"1\",\"isRequired\":\"1\",\"javaField\":\"userId\",\"javaType\":\"Long\",\"list\":true,\"params\":{},\"pk\":false,\"query\":true,\"queryType\":\"EQ\",\"required\":true,\"sort\":2,\"superColumn\":false,\"tableId\":27,\"updateBy\":\"\",\"updateTime\":\"2023-10-10 20:15:29\",\"usableColumn\":false},{\"capJavaField\":\"JobTitleCode\",\"columnId\":266,\"columnName\":\"job_title_code\",\"columnType\":\"varchar(255)\",\"createBy\":\"lc\",\"createTime\":\"2023-10-10 20:15:10\",\"dictType\":\"\",\"edit\":true,\"htmlType\":\"input\",\"increment\":false,\"insert\":true,\"isEdit\":\"1\",\"isIncrement\":\"0\",\"isInsert\":\"1\",\"isList\":\"1\",\"isPk\":\"0\",\"isQuery\":\"1\",\"isRequired\":\"1\",\"javaField\":\"jobTitleCode\",\"javaType\":\"String\",\"list\":true,\"params\":{},\"pk\":false,\"query\":true,\"queryType\":\"EQ\",\"required\":true,\"sort\":3,\"superColumn\":false,\"tableId\":27,\"updateBy\":\"\",\"updateTime\":\"2023-10-10 20:15:29\",\"usableColumn\":false}],\"crud\":true,\"functionAuthor\":\"junyang\",\"functionName\":\"部门矩阵\",\"genPath\":\"/\",\"genType\":\"0\",\"moduleName\":\"system\",\"options\":\"{}\",\"packageName\":\"com.xiaoyai.system\",\"params\":{},\"sub\":false,\"tableComment\":\"部门矩阵表\",\"tableId\":27,\"tableName\":\"sys_dept_job_title\",\"tplCategory\":\"crud\",\"tree\":false}', '{\"msg\":\"操作成功\",\"code\":200}', '0', null, '2023-10-11 22:42:10');

-- ----------------------------
-- Table structure for sys_post
-- ----------------------------
DROP TABLE IF EXISTS `sys_post`;
CREATE TABLE `sys_post` (
  `post_id` bigint(20) NOT NULL AUTO_INCREMENT COMMENT '岗位ID',
  `post_code` varchar(64) NOT NULL COMMENT '岗位编码',
  `post_name` varchar(50) NOT NULL COMMENT '岗位名称',
  `post_sort` int(4) NOT NULL COMMENT '显示顺序',
  `status` char(1) NOT NULL COMMENT '状态（0正常 1停用）',
  `create_by` varchar(64) DEFAULT '' COMMENT '创建者',
  `create_time` datetime DEFAULT NULL COMMENT '创建时间',
  `update_by` varchar(64) DEFAULT '' COMMENT '更新者',
  `update_time` datetime DEFAULT NULL COMMENT '更新时间',
  `remark` varchar(500) DEFAULT NULL COMMENT '备注',
  PRIMARY KEY (`post_id`)
) ENGINE=InnoDB AUTO_INCREMENT=2 DEFAULT CHARSET=utf8mb4 COMMENT='岗位信息表';

-- ----------------------------
-- Records of sys_post
-- ----------------------------
INSERT INTO `sys_post` VALUES ('1', 'ceo', '信息主管', '1', '0', 'admin', '2023-09-04 09:52:10', 'admin', '2023-09-25 20:56:17', '');

-- ----------------------------
-- Table structure for sys_role
-- ----------------------------
DROP TABLE IF EXISTS `sys_role`;
CREATE TABLE `sys_role` (
  `role_id` bigint(20) NOT NULL AUTO_INCREMENT COMMENT '角色ID',
  `role_name` varchar(30) NOT NULL COMMENT '角色名称',
  `role_key` varchar(100) NOT NULL COMMENT '角色权限字符串',
  `role_sort` int(4) NOT NULL COMMENT '显示顺序',
  `data_scope` char(1) DEFAULT '1' COMMENT '数据范围（1：全部数据权限 2：自定数据权限 3：本部门数据权限 4：本部门及以下数据权限）',
  `menu_check_strictly` tinyint(1) DEFAULT '1' COMMENT '菜单树选择项是否关联显示',
  `dept_check_strictly` tinyint(1) DEFAULT '1' COMMENT '部门树选择项是否关联显示',
  `status` char(1) NOT NULL COMMENT '角色状态（0正常 1停用）',
  `del_flag` char(1) DEFAULT '0' COMMENT '删除标志（0代表存在 2代表删除）',
  `create_by` varchar(64) DEFAULT '' COMMENT '创建者',
  `create_time` datetime DEFAULT NULL COMMENT '创建时间',
  `update_by` varchar(64) DEFAULT '' COMMENT '更新者',
  `update_time` datetime DEFAULT NULL COMMENT '更新时间',
  `remark` varchar(500) DEFAULT NULL COMMENT '备注',
  PRIMARY KEY (`role_id`)
) ENGINE=InnoDB AUTO_INCREMENT=4 DEFAULT CHARSET=utf8mb4 COMMENT='角色信息表';

-- ----------------------------
-- Records of sys_role
-- ----------------------------
INSERT INTO `sys_role` VALUES ('1', '超级管理员', 'admin', '1', '1', '1', '1', '0', '0', 'admin', '2023-09-04 09:52:10', '', null, '超级管理员');
INSERT INTO `sys_role` VALUES ('2', '普通角色', 'common', '2', '2', '1', '1', '0', '0', 'admin', '2023-09-04 09:52:10', 'admin', '2023-09-04 14:30:07', '普通角色');
INSERT INTO `sys_role` VALUES ('3', '流程管理员', 'process', '3', '1', '1', '1', '0', '0', 'admin', '2023-10-10 11:05:55', 'zg', '2023-10-11 22:38:47', null);

-- ----------------------------
-- Table structure for sys_role_dept
-- ----------------------------
DROP TABLE IF EXISTS `sys_role_dept`;
CREATE TABLE `sys_role_dept` (
  `role_id` bigint(20) NOT NULL COMMENT '角色ID',
  `dept_id` bigint(20) NOT NULL COMMENT '部门ID',
  PRIMARY KEY (`role_id`,`dept_id`)
) ENGINE=InnoDB DEFAULT CHARSET=utf8mb4 COMMENT='角色和部门关联表';

-- ----------------------------
-- Records of sys_role_dept
-- ----------------------------
INSERT INTO `sys_role_dept` VALUES ('2', '100');
INSERT INTO `sys_role_dept` VALUES ('2', '101');
INSERT INTO `sys_role_dept` VALUES ('2', '105');

-- ----------------------------
-- Table structure for sys_role_menu
-- ----------------------------
DROP TABLE IF EXISTS `sys_role_menu`;
CREATE TABLE `sys_role_menu` (
  `role_id` bigint(20) NOT NULL COMMENT '角色ID',
  `menu_id` bigint(20) NOT NULL COMMENT '菜单ID',
  PRIMARY KEY (`role_id`,`menu_id`)
) ENGINE=InnoDB DEFAULT CHARSET=utf8mb4 COMMENT='角色和菜单关联表';

-- ----------------------------
-- Records of sys_role_menu
-- ----------------------------
INSERT INTO `sys_role_menu` VALUES ('2', '1');
INSERT INTO `sys_role_menu` VALUES ('2', '2');
INSERT INTO `sys_role_menu` VALUES ('2', '3');
INSERT INTO `sys_role_menu` VALUES ('2', '100');
INSERT INTO `sys_role_menu` VALUES ('2', '101');
INSERT INTO `sys_role_menu` VALUES ('2', '102');
INSERT INTO `sys_role_menu` VALUES ('2', '103');
INSERT INTO `sys_role_menu` VALUES ('2', '104');
INSERT INTO `sys_role_menu` VALUES ('2', '105');
INSERT INTO `sys_role_menu` VALUES ('2', '106');
INSERT INTO `sys_role_menu` VALUES ('2', '107');
INSERT INTO `sys_role_menu` VALUES ('2', '108');
INSERT INTO `sys_role_menu` VALUES ('2', '109');
INSERT INTO `sys_role_menu` VALUES ('2', '110');
INSERT INTO `sys_role_menu` VALUES ('2', '111');
INSERT INTO `sys_role_menu` VALUES ('2', '112');
INSERT INTO `sys_role_menu` VALUES ('2', '113');
INSERT INTO `sys_role_menu` VALUES ('2', '114');
INSERT INTO `sys_role_menu` VALUES ('2', '115');
INSERT INTO `sys_role_menu` VALUES ('2', '116');
INSERT INTO `sys_role_menu` VALUES ('2', '117');
INSERT INTO `sys_role_menu` VALUES ('2', '500');
INSERT INTO `sys_role_menu` VALUES ('2', '501');
INSERT INTO `sys_role_menu` VALUES ('2', '1000');
INSERT INTO `sys_role_menu` VALUES ('2', '1001');
INSERT INTO `sys_role_menu` VALUES ('2', '1002');
INSERT INTO `sys_role_menu` VALUES ('2', '1003');
INSERT INTO `sys_role_menu` VALUES ('2', '1004');
INSERT INTO `sys_role_menu` VALUES ('2', '1005');
INSERT INTO `sys_role_menu` VALUES ('2', '1006');
INSERT INTO `sys_role_menu` VALUES ('2', '1007');
INSERT INTO `sys_role_menu` VALUES ('2', '1008');
INSERT INTO `sys_role_menu` VALUES ('2', '1009');
INSERT INTO `sys_role_menu` VALUES ('2', '1010');
INSERT INTO `sys_role_menu` VALUES ('2', '1011');
INSERT INTO `sys_role_menu` VALUES ('2', '1012');
INSERT INTO `sys_role_menu` VALUES ('2', '1013');
INSERT INTO `sys_role_menu` VALUES ('2', '1014');
INSERT INTO `sys_role_menu` VALUES ('2', '1015');
INSERT INTO `sys_role_menu` VALUES ('2', '1016');
INSERT INTO `sys_role_menu` VALUES ('2', '1017');
INSERT INTO `sys_role_menu` VALUES ('2', '1018');
INSERT INTO `sys_role_menu` VALUES ('2', '1019');
INSERT INTO `sys_role_menu` VALUES ('2', '1020');
INSERT INTO `sys_role_menu` VALUES ('2', '1021');
INSERT INTO `sys_role_menu` VALUES ('2', '1022');
INSERT INTO `sys_role_menu` VALUES ('2', '1023');
INSERT INTO `sys_role_menu` VALUES ('2', '1024');
INSERT INTO `sys_role_menu` VALUES ('2', '1025');
INSERT INTO `sys_role_menu` VALUES ('2', '1026');
INSERT INTO `sys_role_menu` VALUES ('2', '1027');
INSERT INTO `sys_role_menu` VALUES ('2', '1028');
INSERT INTO `sys_role_menu` VALUES ('2', '1029');
INSERT INTO `sys_role_menu` VALUES ('2', '1030');
INSERT INTO `sys_role_menu` VALUES ('2', '1031');
INSERT INTO `sys_role_menu` VALUES ('2', '1032');
INSERT INTO `sys_role_menu` VALUES ('2', '1033');
INSERT INTO `sys_role_menu` VALUES ('2', '1034');
INSERT INTO `sys_role_menu` VALUES ('2', '1035');
INSERT INTO `sys_role_menu` VALUES ('2', '1036');
INSERT INTO `sys_role_menu` VALUES ('2', '1037');
INSERT INTO `sys_role_menu` VALUES ('2', '1038');
INSERT INTO `sys_role_menu` VALUES ('2', '1039');
INSERT INTO `sys_role_menu` VALUES ('2', '1040');
INSERT INTO `sys_role_menu` VALUES ('2', '1041');
INSERT INTO `sys_role_menu` VALUES ('2', '1042');
INSERT INTO `sys_role_menu` VALUES ('2', '1043');
INSERT INTO `sys_role_menu` VALUES ('2', '1044');
INSERT INTO `sys_role_menu` VALUES ('2', '1045');
INSERT INTO `sys_role_menu` VALUES ('2', '1046');
INSERT INTO `sys_role_menu` VALUES ('2', '1047');
INSERT INTO `sys_role_menu` VALUES ('2', '1048');
INSERT INTO `sys_role_menu` VALUES ('2', '1049');
INSERT INTO `sys_role_menu` VALUES ('2', '1050');
INSERT INTO `sys_role_menu` VALUES ('2', '1051');
INSERT INTO `sys_role_menu` VALUES ('2', '1052');
INSERT INTO `sys_role_menu` VALUES ('2', '1053');
INSERT INTO `sys_role_menu` VALUES ('2', '1054');
INSERT INTO `sys_role_menu` VALUES ('2', '1055');
INSERT INTO `sys_role_menu` VALUES ('2', '1056');
INSERT INTO `sys_role_menu` VALUES ('2', '1057');
INSERT INTO `sys_role_menu` VALUES ('2', '1058');
INSERT INTO `sys_role_menu` VALUES ('2', '1059');
INSERT INTO `sys_role_menu` VALUES ('2', '1060');
INSERT INTO `sys_role_menu` VALUES ('3', '1');
INSERT INTO `sys_role_menu` VALUES ('3', '2');
INSERT INTO `sys_role_menu` VALUES ('3', '3');
INSERT INTO `sys_role_menu` VALUES ('3', '100');
INSERT INTO `sys_role_menu` VALUES ('3', '101');
INSERT INTO `sys_role_menu` VALUES ('3', '102');
INSERT INTO `sys_role_menu` VALUES ('3', '103');
INSERT INTO `sys_role_menu` VALUES ('3', '104');
INSERT INTO `sys_role_menu` VALUES ('3', '105');
INSERT INTO `sys_role_menu` VALUES ('3', '106');
INSERT INTO `sys_role_menu` VALUES ('3', '107');
INSERT INTO `sys_role_menu` VALUES ('3', '108');
INSERT INTO `sys_role_menu` VALUES ('3', '109');
INSERT INTO `sys_role_menu` VALUES ('3', '110');
INSERT INTO `sys_role_menu` VALUES ('3', '111');
INSERT INTO `sys_role_menu` VALUES ('3', '112');
INSERT INTO `sys_role_menu` VALUES ('3', '113');
INSERT INTO `sys_role_menu` VALUES ('3', '114');
INSERT INTO `sys_role_menu` VALUES ('3', '115');
INSERT INTO `sys_role_menu` VALUES ('3', '116');
INSERT INTO `sys_role_menu` VALUES ('3', '117');
INSERT INTO `sys_role_menu` VALUES ('3', '500');
INSERT INTO `sys_role_menu` VALUES ('3', '501');
INSERT INTO `sys_role_menu` VALUES ('3', '1000');
INSERT INTO `sys_role_menu` VALUES ('3', '1001');
INSERT INTO `sys_role_menu` VALUES ('3', '1002');
INSERT INTO `sys_role_menu` VALUES ('3', '1003');
INSERT INTO `sys_role_menu` VALUES ('3', '1004');
INSERT INTO `sys_role_menu` VALUES ('3', '1005');
INSERT INTO `sys_role_menu` VALUES ('3', '1006');
INSERT INTO `sys_role_menu` VALUES ('3', '1007');
INSERT INTO `sys_role_menu` VALUES ('3', '1008');
INSERT INTO `sys_role_menu` VALUES ('3', '1009');
INSERT INTO `sys_role_menu` VALUES ('3', '1010');
INSERT INTO `sys_role_menu` VALUES ('3', '1011');
INSERT INTO `sys_role_menu` VALUES ('3', '1012');
INSERT INTO `sys_role_menu` VALUES ('3', '1013');
INSERT INTO `sys_role_menu` VALUES ('3', '1014');
INSERT INTO `sys_role_menu` VALUES ('3', '1015');
INSERT INTO `sys_role_menu` VALUES ('3', '1016');
INSERT INTO `sys_role_menu` VALUES ('3', '1017');
INSERT INTO `sys_role_menu` VALUES ('3', '1018');
INSERT INTO `sys_role_menu` VALUES ('3', '1019');
INSERT INTO `sys_role_menu` VALUES ('3', '1020');
INSERT INTO `sys_role_menu` VALUES ('3', '1021');
INSERT INTO `sys_role_menu` VALUES ('3', '1022');
INSERT INTO `sys_role_menu` VALUES ('3', '1023');
INSERT INTO `sys_role_menu` VALUES ('3', '1024');
INSERT INTO `sys_role_menu` VALUES ('3', '1025');
INSERT INTO `sys_role_menu` VALUES ('3', '1026');
INSERT INTO `sys_role_menu` VALUES ('3', '1027');
INSERT INTO `sys_role_menu` VALUES ('3', '1028');
INSERT INTO `sys_role_menu` VALUES ('3', '1029');
INSERT INTO `sys_role_menu` VALUES ('3', '1030');
INSERT INTO `sys_role_menu` VALUES ('3', '1031');
INSERT INTO `sys_role_menu` VALUES ('3', '1032');
INSERT INTO `sys_role_menu` VALUES ('3', '1033');
INSERT INTO `sys_role_menu` VALUES ('3', '1034');
INSERT INTO `sys_role_menu` VALUES ('3', '1035');
INSERT INTO `sys_role_menu` VALUES ('3', '1036');
INSERT INTO `sys_role_menu` VALUES ('3', '1037');
INSERT INTO `sys_role_menu` VALUES ('3', '1038');
INSERT INTO `sys_role_menu` VALUES ('3', '1039');
INSERT INTO `sys_role_menu` VALUES ('3', '1040');
INSERT INTO `sys_role_menu` VALUES ('3', '1041');
INSERT INTO `sys_role_menu` VALUES ('3', '1042');
INSERT INTO `sys_role_menu` VALUES ('3', '1043');
INSERT INTO `sys_role_menu` VALUES ('3', '1044');
INSERT INTO `sys_role_menu` VALUES ('3', '1045');
INSERT INTO `sys_role_menu` VALUES ('3', '1046');
INSERT INTO `sys_role_menu` VALUES ('3', '1047');
INSERT INTO `sys_role_menu` VALUES ('3', '1048');
INSERT INTO `sys_role_menu` VALUES ('3', '1049');
INSERT INTO `sys_role_menu` VALUES ('3', '1050');
INSERT INTO `sys_role_menu` VALUES ('3', '1051');
INSERT INTO `sys_role_menu` VALUES ('3', '1052');
INSERT INTO `sys_role_menu` VALUES ('3', '1053');
INSERT INTO `sys_role_menu` VALUES ('3', '1054');
INSERT INTO `sys_role_menu` VALUES ('3', '1055');
INSERT INTO `sys_role_menu` VALUES ('3', '1056');
INSERT INTO `sys_role_menu` VALUES ('3', '1057');
INSERT INTO `sys_role_menu` VALUES ('3', '1058');
INSERT INTO `sys_role_menu` VALUES ('3', '1059');
INSERT INTO `sys_role_menu` VALUES ('3', '1060');
INSERT INTO `sys_role_menu` VALUES ('3', '2149');
INSERT INTO `sys_role_menu` VALUES ('3', '2150');
INSERT INTO `sys_role_menu` VALUES ('3', '2151');
INSERT INTO `sys_role_menu` VALUES ('3', '2152');
INSERT INTO `sys_role_menu` VALUES ('3', '2153');
INSERT INTO `sys_role_menu` VALUES ('3', '2154');
INSERT INTO `sys_role_menu` VALUES ('3', '2155');
INSERT INTO `sys_role_menu` VALUES ('3', '2156');
INSERT INTO `sys_role_menu` VALUES ('3', '2157');
INSERT INTO `sys_role_menu` VALUES ('3', '2158');
INSERT INTO `sys_role_menu` VALUES ('3', '2159');
INSERT INTO `sys_role_menu` VALUES ('3', '2160');
INSERT INTO `sys_role_menu` VALUES ('3', '2161');
INSERT INTO `sys_role_menu` VALUES ('3', '2162');
INSERT INTO `sys_role_menu` VALUES ('3', '2163');
INSERT INTO `sys_role_menu` VALUES ('3', '2164');
INSERT INTO `sys_role_menu` VALUES ('3', '2165');
INSERT INTO `sys_role_menu` VALUES ('3', '2166');
INSERT INTO `sys_role_menu` VALUES ('3', '2167');
INSERT INTO `sys_role_menu` VALUES ('3', '2168');
INSERT INTO `sys_role_menu` VALUES ('3', '2169');
INSERT INTO `sys_role_menu` VALUES ('3', '2170');
INSERT INTO `sys_role_menu` VALUES ('3', '2171');
INSERT INTO `sys_role_menu` VALUES ('3', '2172');
INSERT INTO `sys_role_menu` VALUES ('3', '2173');
INSERT INTO `sys_role_menu` VALUES ('3', '2174');
INSERT INTO `sys_role_menu` VALUES ('3', '2193');
INSERT INTO `sys_role_menu` VALUES ('3', '2194');
INSERT INTO `sys_role_menu` VALUES ('3', '2195');
INSERT INTO `sys_role_menu` VALUES ('3', '2196');
INSERT INTO `sys_role_menu` VALUES ('3', '2197');
INSERT INTO `sys_role_menu` VALUES ('3', '2198');
INSERT INTO `sys_role_menu` VALUES ('3', '2199');
INSERT INTO `sys_role_menu` VALUES ('3', '2200');
INSERT INTO `sys_role_menu` VALUES ('3', '2201');
INSERT INTO `sys_role_menu` VALUES ('3', '2202');
INSERT INTO `sys_role_menu` VALUES ('3', '2203');
INSERT INTO `sys_role_menu` VALUES ('3', '2204');
INSERT INTO `sys_role_menu` VALUES ('3', '2205');
INSERT INTO `sys_role_menu` VALUES ('3', '2206');
INSERT INTO `sys_role_menu` VALUES ('3', '2207');
INSERT INTO `sys_role_menu` VALUES ('3', '2208');
INSERT INTO `sys_role_menu` VALUES ('3', '2209');
INSERT INTO `sys_role_menu` VALUES ('3', '2210');
INSERT INTO `sys_role_menu` VALUES ('3', '2211');
INSERT INTO `sys_role_menu` VALUES ('3', '2212');
INSERT INTO `sys_role_menu` VALUES ('3', '2213');
INSERT INTO `sys_role_menu` VALUES ('3', '2214');
INSERT INTO `sys_role_menu` VALUES ('3', '2215');
INSERT INTO `sys_role_menu` VALUES ('3', '2216');
INSERT INTO `sys_role_menu` VALUES ('3', '2217');
INSERT INTO `sys_role_menu` VALUES ('3', '2218');
INSERT INTO `sys_role_menu` VALUES ('3', '2219');
INSERT INTO `sys_role_menu` VALUES ('3', '2220');
INSERT INTO `sys_role_menu` VALUES ('3', '2221');
INSERT INTO `sys_role_menu` VALUES ('3', '2222');
INSERT INTO `sys_role_menu` VALUES ('3', '2223');
INSERT INTO `sys_role_menu` VALUES ('3', '2224');
INSERT INTO `sys_role_menu` VALUES ('3', '2225');
INSERT INTO `sys_role_menu` VALUES ('3', '2226');
INSERT INTO `sys_role_menu` VALUES ('3', '2227');
INSERT INTO `sys_role_menu` VALUES ('3', '2228');
INSERT INTO `sys_role_menu` VALUES ('3', '2232');
INSERT INTO `sys_role_menu` VALUES ('3', '2233');
INSERT INTO `sys_role_menu` VALUES ('3', '2234');
INSERT INTO `sys_role_menu` VALUES ('3', '2238');
INSERT INTO `sys_role_menu` VALUES ('3', '2239');
INSERT INTO `sys_role_menu` VALUES ('3', '2240');
INSERT INTO `sys_role_menu` VALUES ('3', '2241');
INSERT INTO `sys_role_menu` VALUES ('3', '2242');
INSERT INTO `sys_role_menu` VALUES ('3', '2243');
INSERT INTO `sys_role_menu` VALUES ('3', '2244');
INSERT INTO `sys_role_menu` VALUES ('3', '2245');
INSERT INTO `sys_role_menu` VALUES ('3', '2246');
INSERT INTO `sys_role_menu` VALUES ('3', '2247');
INSERT INTO `sys_role_menu` VALUES ('3', '2248');
INSERT INTO `sys_role_menu` VALUES ('3', '2249');
INSERT INTO `sys_role_menu` VALUES ('3', '2250');
INSERT INTO `sys_role_menu` VALUES ('3', '2251');
INSERT INTO `sys_role_menu` VALUES ('3', '2252');
INSERT INTO `sys_role_menu` VALUES ('3', '2253');
INSERT INTO `sys_role_menu` VALUES ('3', '2254');
INSERT INTO `sys_role_menu` VALUES ('3', '2255');
INSERT INTO `sys_role_menu` VALUES ('3', '2256');
INSERT INTO `sys_role_menu` VALUES ('3', '2257');
INSERT INTO `sys_role_menu` VALUES ('3', '2258');
INSERT INTO `sys_role_menu` VALUES ('3', '2259');
INSERT INTO `sys_role_menu` VALUES ('3', '2260');

-- ----------------------------
-- Table structure for sys_user
-- ----------------------------
DROP TABLE IF EXISTS `sys_user`;
CREATE TABLE `sys_user` (
  `user_id` bigint(20) NOT NULL AUTO_INCREMENT COMMENT '用户ID',
  `dept_id` bigint(20) DEFAULT NULL COMMENT '部门ID',
  `user_name` varchar(30) NOT NULL COMMENT '用户账号',
  `nick_name` varchar(30) NOT NULL COMMENT '用户昵称',
  `user_type` varchar(2) DEFAULT '00' COMMENT '用户类型（00系统用户）',
  `email` varchar(50) DEFAULT '' COMMENT '用户邮箱',
  `phonenumber` varchar(11) DEFAULT '' COMMENT '手机号码',
  `sex` char(1) DEFAULT '0' COMMENT '用户性别（0男 1女 2未知）',
  `avatar` varchar(100) DEFAULT '' COMMENT '头像地址',
  `password` varchar(100) DEFAULT '' COMMENT '密码',
  `status` char(1) DEFAULT '0' COMMENT '帐号状态（0正常 1停用）',
  `del_flag` char(1) DEFAULT '0' COMMENT '删除标志（0代表存在 2代表删除）',
  `login_ip` varchar(128) DEFAULT '' COMMENT '最后登录IP',
  `login_date` datetime DEFAULT NULL COMMENT '最后登录时间',
  `create_by` varchar(64) DEFAULT '' COMMENT '创建者',
  `create_time` datetime DEFAULT NULL COMMENT '创建时间',
  `update_by` varchar(64) DEFAULT '' COMMENT '更新者',
  `update_time` datetime DEFAULT NULL COMMENT '更新时间',
  `remark` varchar(500) DEFAULT NULL COMMENT '备注',
  PRIMARY KEY (`user_id`)
) ENGINE=InnoDB AUTO_INCREMENT=5 DEFAULT CHARSET=utf8mb4 COMMENT='用户信息表';

-- ----------------------------
-- Records of sys_user
-- ----------------------------
INSERT INTO `sys_user` VALUES ('1', '100', 'admin', '超级管理员', '00', '', '15888888888', '1', '/profile/avatar/2023/09/26/blob_20230926170014A001.jpeg', '$2a$10$7JB720yubVSZvUI0rEqK/.VqGOZTH.ulu33dHOiBE8ByOhJIrdAu2', '0', '0', '127.0.0.1', '2023-10-12 11:28:58', 'admin', '2023-09-04 09:52:10', '', '2023-10-12 11:28:57', '管理员');
INSERT INTO `sys_user` VALUES ('2', '101', 'lc', '流程管理', '00', '', '', '0', '', '$2a$10$gfiBbdxPH9k1QGdbuJdAZOUxm5Q5wiHXjjY3EG8NS35WowBLxdbKm', '0', '0', '^http(s?)://(.*).bing\\.com/(.*)', '2023-10-11 20:00:44', 'admin', '2023-10-10 11:05:27', 'admin', '2023-10-11 20:00:44', null);
INSERT INTO `sys_user` VALUES ('3', '101', 'zg', '信息部主管', '00', '', '', '0', '', '$2a$10$GwqGjNqrk1cGEHtnu04K3en0Irsl1xZUvdZ5tG1q1B.Tn.K4yowOu', '0', '0', '127.0.0.1', '2023-10-11 21:01:12', 'lc', '2023-10-10 20:12:20', '', '2023-10-11 21:01:11', null);
INSERT INTO `sys_user` VALUES ('4', '101', 'zf', '转发', '00', '', '', '0', '', '$2a$10$G8aSd.Q4tdyq.7z9WiHhd.s9uE1GNVzpyXhjKYYoC0T2xrjoJGScW', '0', '0', '^http(s?)://(.*).bing\\.com/(.*)', '2023-10-11 22:19:48', 'zg', '2023-10-11 20:09:13', 'zg', '2023-10-11 22:19:47', null);

-- ----------------------------
-- Table structure for sys_user_post
-- ----------------------------
DROP TABLE IF EXISTS `sys_user_post`;
CREATE TABLE `sys_user_post` (
  `user_id` bigint(20) NOT NULL COMMENT '用户ID',
  `post_id` bigint(20) NOT NULL COMMENT '岗位ID',
  PRIMARY KEY (`user_id`,`post_id`)
) ENGINE=InnoDB DEFAULT CHARSET=utf8mb4 COMMENT='用户与岗位关联表';

-- ----------------------------
-- Records of sys_user_post
-- ----------------------------
INSERT INTO `sys_user_post` VALUES ('1', '1');
INSERT INTO `sys_user_post` VALUES ('2', '1');

-- ----------------------------
-- Table structure for sys_user_role
-- ----------------------------
DROP TABLE IF EXISTS `sys_user_role`;
CREATE TABLE `sys_user_role` (
  `user_id` bigint(20) NOT NULL COMMENT '用户ID',
  `role_id` bigint(20) NOT NULL COMMENT '角色ID',
  PRIMARY KEY (`user_id`,`role_id`)
) ENGINE=InnoDB DEFAULT CHARSET=utf8mb4 COMMENT='用户和角色关联表';

-- ----------------------------
-- Records of sys_user_role
-- ----------------------------
INSERT INTO `sys_user_role` VALUES ('1', '1');
INSERT INTO `sys_user_role` VALUES ('2', '2');
INSERT INTO `sys_user_role` VALUES ('2', '3');
INSERT INTO `sys_user_role` VALUES ('3', '2');
INSERT INTO `sys_user_role` VALUES ('3', '3');
INSERT INTO `sys_user_role` VALUES ('4', '2');
INSERT INTO `sys_user_role` VALUES ('4', '3');

-- ----------------------------
-- Table structure for t_dict
-- ----------------------------
DROP TABLE IF EXISTS `t_dict`;
CREATE TABLE `t_dict` (
  `id` int(11) NOT NULL AUTO_INCREMENT COMMENT 'id',
  `status_cd` varchar(64) NOT NULL COMMENT '表字段状态 取值',
  `name` varchar(50) NOT NULL COMMENT '名称',
  `description` varchar(200) DEFAULT NULL COMMENT '描述',
  `create_time` timestamp NOT NULL DEFAULT CURRENT_TIMESTAMP COMMENT '创建时间',
  `table_name` varchar(50) DEFAULT NULL COMMENT '表名称',
  `table_columns` varchar(50) DEFAULT NULL COMMENT '表字段说明',
  `state` varchar(2) DEFAULT '0' COMMENT '0-保存，1删除',
  PRIMARY KEY (`id`),
  KEY `idx_status_cd` (`status_cd`) USING BTREE
) ENGINE=InnoDB AUTO_INCREMENT=527 DEFAULT CHARSET=utf8mb4 COMMENT='字典表';

-- ----------------------------
-- Records of t_dict
-- ----------------------------
INSERT INTO `t_dict` VALUES ('22', '1', '总公司', '公司级', '2019-10-07 01:43:55', 'u_org', 'org_level', '0');
INSERT INTO `t_dict` VALUES ('23', '2', '分公司', '分公司级', '2019-10-07 01:44:16', 'u_org', 'org_level', '0');
INSERT INTO `t_dict` VALUES ('24', '3', '部门', '部门级', '2019-10-07 01:44:26', 'u_org', 'org_level', '0');
INSERT INTO `t_dict` VALUES ('25', '1000', '普通员工', '普通员工', '2019-10-07 01:46:12', 'u_org_staff_rel', 'rel_cd', '0');
INSERT INTO `t_dict` VALUES ('26', '2000', '部门经理', '部门经理', '2019-10-07 01:47:21', 'u_org_staff_rel', 'rel_cd', '0');
INSERT INTO `t_dict` VALUES ('46', '809001', '部门主管', '部门主管', '2019-10-27 01:55:45', 'audit_user', 'audit_link', '0');
INSERT INTO `t_dict` VALUES ('47', '809002', '财务主管', '财务主管', '2019-10-27 01:55:57', 'audit_user', 'audit_link', '0');
INSERT INTO `t_dict` VALUES ('48', '809003', '采购人员', '采购人员', '2019-10-27 01:56:11', 'audit_user', 'audit_link', '0');
INSERT INTO `t_dict` VALUES ('49', 'resourceEntry', '采购流程', '采购流程', '2019-10-28 01:41:40', 'audit_user', 'obj_code', '0');
INSERT INTO `t_dict` VALUES ('50', 'resourceOut', '出库流程', '出库流程', '2019-10-28 01:41:56', 'audit_user', 'obj_code', '0');
INSERT INTO `t_dict` VALUES ('51', '10000', '审核同意', '审核同意', '2019-10-30 06:05:10', 'audit_message', 'state', '0');
INSERT INTO `t_dict` VALUES ('52', '20000', '审核反驳', '审核反驳', '2019-10-30 06:05:34', 'audit_message', 'state', '0');
INSERT INTO `t_dict` VALUES ('53', 'resource', '采购', '采购', '2019-10-30 06:06:08', 'audit_message', 'audit_order_type', '0');
INSERT INTO `t_dict` VALUES ('54', '888800010001', '物业费', '物业费', '2019-10-31 12:57:36', 'pay_fee_config', 'fee_type_cd', '0');
INSERT INTO `t_dict` VALUES ('59', '10001', '处理中', '处理中', '2019-11-03 05:51:08', 'complaint', 'state', '0');
INSERT INTO `t_dict` VALUES ('60', '10002', '处理完成', '处理完成', '2019-11-03 05:51:27', 'complaint', 'state', '0');
INSERT INTO `t_dict` VALUES ('61', '809001', '投诉', '投诉', '2019-11-03 05:51:27', 'complaint', 'type_cd', '0');
INSERT INTO `t_dict` VALUES ('62', '809002', '建议', '建议', '2019-11-03 05:51:27', 'complaint', 'type_cd', '0');
INSERT INTO `t_dict` VALUES ('63', '809004', '投诉处理人员', '投诉处理人员', '2019-11-04 03:53:54', 'audit_user', 'audit_link', '0');
INSERT INTO `t_dict` VALUES ('64', 'complaint', '投诉流程', '投诉流程', '2019-11-04 03:55:10', 'audit_user', 'obj_code', '0');
INSERT INTO `t_dict` VALUES ('65', '8899', '业主信息', '业主信息', '2019-11-11 04:08:47', 'machine_translate', 'type_cd', '0');
INSERT INTO `t_dict` VALUES ('66', '9988', '小区信息', '小区信息', '2019-11-11 04:09:08', 'machine_translate', 'type_cd', '0');
INSERT INTO `t_dict` VALUES ('67', '10000', '待同步', '待同步', '2019-11-11 14:16:30', 'machine_translate', 'state', '0');
INSERT INTO `t_dict` VALUES ('68', '20000', '已同步', '已同步', '2019-11-11 14:17:01', 'machine_translate', 'state', '0');
INSERT INTO `t_dict` VALUES ('69', '30000', '同步中', '同步中', '2019-11-11 14:17:20', 'machine_translate', 'state', '0');
INSERT INTO `t_dict` VALUES ('70', '10000', '业主照片', '业主照片', '2019-11-12 13:54:14', 'file_rel', 'rel_type_cd', '0');
INSERT INTO `t_dict` VALUES ('71', '20000', '商户照片', '商户照片', '2019-11-12 13:54:35', 'file_rel', 'rel_type_cd', '0');
INSERT INTO `t_dict` VALUES ('72', 'table', '表存储', '表存储', '2019-11-12 13:55:30', 'file_rel', 'save_way', '0');
INSERT INTO `t_dict` VALUES ('73', 'ftp', 'ftp文件存储', 'ftp文件存储', '2019-11-12 13:55:52', 'file_rel', 'save_way', '0');
INSERT INTO `t_dict` VALUES ('74', 'C1', '订单项同步硬件成功', '订单项同步硬件成功', '2019-11-15 14:18:00', 'c_business', 'status_cd', '0');
INSERT INTO `t_dict` VALUES ('75', '992019111002270001', '锐目门禁', '锐目门禁', '2019-11-11 04:08:47', 'machine', 'machine_type_cd', '0');
INSERT INTO `t_dict` VALUES ('76', '9998', '其他门禁', '其他门禁', '2019-11-11 04:08:47', 'machine', 'machine_type_cd', '0');
INSERT INTO `t_dict` VALUES ('77', '1000', '东大门', '东大门', '2019-11-30 06:07:24', 'machine', 'location_type_cd', '0');
INSERT INTO `t_dict` VALUES ('78', '1001', '西大门', '西大门', '2019-11-30 06:09:44', 'machine', 'location_type_cd', '0');
INSERT INTO `t_dict` VALUES ('79', '1002', '北大门', '北大门', '2019-11-30 06:09:45', 'machine', 'location_type_cd', '0');
INSERT INTO `t_dict` VALUES ('80', '1003', '南大门', '南大门', '2019-11-30 06:09:46', 'machine', 'location_type_cd', '0');
INSERT INTO `t_dict` VALUES ('81', '2000', '单元门', '单元门', '2019-11-30 06:09:47', 'machine', 'location_type_cd', '0');
INSERT INTO `t_dict` VALUES ('82', '3000', '房屋门', '房屋门', '2019-11-30 06:09:47', 'machine', 'location_type_cd', '0');
INSERT INTO `t_dict` VALUES ('83', '1200', '设备在线', '设备在线', '2019-11-30 06:11:42', 'machine', 'state', '0');
INSERT INTO `t_dict` VALUES ('84', '1300', '设备掉线', '设备掉线', '2019-11-30 06:12:09', 'machine', 'state', '0');
INSERT INTO `t_dict` VALUES ('85', '1400', '设备重启中', '设备重启中', '2019-11-30 06:13:15', 'machine', 'state', '0');
INSERT INTO `t_dict` VALUES ('86', '1000', '未同步配置', '未同步配置信息', '2019-11-30 06:13:47', 'machine', 'state', '0');
INSERT INTO `t_dict` VALUES ('87', '1100', '配置同步中', '配置信息同步中', '2019-11-30 06:13:48', 'machine', 'state', '0');
INSERT INTO `t_dict` VALUES ('88', '1500', '升级中', '升级中', '2019-12-02 06:45:38', 'machine', 'state', '0');
INSERT INTO `t_dict` VALUES ('89', '1600', '禁用', '禁用中', '2019-12-02 06:46:47', 'machine', 'state', '0');
INSERT INTO `t_dict` VALUES ('90', '1000', '待审核', '待审核', '2019-12-02 06:46:47', 'building_owner', 'state', '0');
INSERT INTO `t_dict` VALUES ('91', '2000', '审核完成', '审核完成', '2019-12-02 06:46:47', 'building_owner', 'state', '0');
INSERT INTO `t_dict` VALUES ('92', '3000', '审核拒绝', '审核拒绝', '2019-12-02 06:46:47', 'building_owner', 'state', '0');
INSERT INTO `t_dict` VALUES ('93', '1001', '业主', '业主', '2019-12-02 06:46:47', 'building_owner', 'owner_type_cd', '0');
INSERT INTO `t_dict` VALUES ('94', '1002', '家庭成员', '家庭成员', '2019-12-02 06:46:47', 'building_owner', 'owner_type_cd', '0');
INSERT INTO `t_dict` VALUES ('95', '1003', '房屋租客', '房屋租客', '2019-12-02 06:46:47', 'building_owner', 'owner_type_cd', '0');
INSERT INTO `t_dict` VALUES ('96', '1004', '临时人员', '临时人员', '2019-12-02 06:46:47', 'building_owner', 'owner_type_cd', '0');
INSERT INTO `t_dict` VALUES ('97', '30000', '申请钥匙人照片', '申请钥匙人照片', '2019-12-02 14:15:49', 'file_rel', 'rel_type_cd', '0');
INSERT INTO `t_dict` VALUES ('98', '10001', '保洁', '保洁', '2019-12-04 15:00:02', 'application_key', 'type_cd', '0');
INSERT INTO `t_dict` VALUES ('99', '10002', '保安', '保安', '2019-12-04 15:00:03', 'application_key', 'type_cd', '0');
INSERT INTO `t_dict` VALUES ('100', '10003', '其他人员', '其他人员', '2019-12-04 15:00:03', 'application_key', 'type_cd', '0');
INSERT INTO `t_dict` VALUES ('101', '10002', '未审核', '未审核', '2019-12-04 15:02:23', 'application_key', 'state', '0');
INSERT INTO `t_dict` VALUES ('102', '10001', '完成审核', '完成审核', '2019-12-04 15:02:23', 'application_key', 'state', '0');
INSERT INTO `t_dict` VALUES ('103', '10003', '审核拒绝', '审核拒绝', '2019-12-04 15:02:24', 'application_key', 'state', '0');
INSERT INTO `t_dict` VALUES ('104', '40000', '广告照片', '广告照片', '2019-12-09 10:09:24', 'file_rel', 'rel_type_cd', '0');
INSERT INTO `t_dict` VALUES ('105', '50000', '广告视频', '广告视频', '2019-12-09 10:10:38', 'file_rel', 'rel_type_cd', '0');
INSERT INTO `t_dict` VALUES ('106', '7788', '钥匙信息', '申请钥匙信息', '2019-12-11 06:19:06', 'machine_translate', 'type_cd', '0');
INSERT INTO `t_dict` VALUES ('107', '9001', '物流', '物流', '2019-12-15 10:47:00', 'advert', 'classify', '0');
INSERT INTO `t_dict` VALUES ('108', '9002', '餐饮', '餐饮', '2019-12-15 10:47:09', 'advert', 'classify', '0');
INSERT INTO `t_dict` VALUES ('109', '9003', '旅游', '旅游', '2019-12-15 10:47:17', 'advert', 'classify', '0');
INSERT INTO `t_dict` VALUES ('110', '9004', '酒店', '酒店', '2019-12-15 10:47:29', 'advert', 'classify', '0');
INSERT INTO `t_dict` VALUES ('111', '9005', '教育', '教育', '2019-12-15 10:47:37', 'advert', 'classify', '0');
INSERT INTO `t_dict` VALUES ('112', '9006', '互联网', '互联网', '2019-12-15 10:47:45', 'advert', 'classify', '0');
INSERT INTO `t_dict` VALUES ('113', '1000', '未审核', '未审核', '2019-12-15 10:53:20', 'advert', 'state', '0');
INSERT INTO `t_dict` VALUES ('114', '2000', '审核通过', '审核通过', '2019-12-15 10:53:30', 'advert', 'state', '0');
INSERT INTO `t_dict` VALUES ('115', '3000', '审核拒绝', '审核拒绝', '2019-12-15 10:53:40', 'advert', 'state', '0');
INSERT INTO `t_dict` VALUES ('116', '4000', '未播放', '未播放', '2019-12-15 10:53:48', 'advert', 'state', '0');
INSERT INTO `t_dict` VALUES ('117', '5000', '播放中', '播放中', '2019-12-15 10:53:58', 'advert', 'state', '0');
INSERT INTO `t_dict` VALUES ('118', 'T', '允许前台操作', '允许前台操作', '2019-12-22 16:39:35', 'u_org', 'allow_operation', '0');
INSERT INTO `t_dict` VALUES ('119', 'F', '不允许前台操作', '不允许前台操作', '2019-12-22 16:39:48', 'u_org', 'allow_operation', '0');
INSERT INTO `t_dict` VALUES ('120', '1000', '未审核', '未审核', '2019-12-22 17:25:46', 's_community_member', 'audit_status_cd', '0');
INSERT INTO `t_dict` VALUES ('121', '1100', '审核同意', '审核同意', '2019-12-22 17:26:06', 's_community_member', 'audit_status_cd', '0');
INSERT INTO `t_dict` VALUES ('122', '1200', '审核拒绝', '审核拒绝', '2019-12-22 17:26:17', 's_community_member', 'audit_status_cd', '0');
INSERT INTO `t_dict` VALUES ('123', '1100101', '人脸申请', '人脸申请', '2019-12-24 13:12:55', 'application_key', 'type_flag', '0');
INSERT INTO `t_dict` VALUES ('124', '1100102', '固定密码申请', '固定密码申请', '2019-12-24 13:12:55', 'application_key', 'type_flag', '0');
INSERT INTO `t_dict` VALUES ('125', '1100103', '临时密码', '临时密码', '2019-12-24 13:12:55', 'application_key', 'type_flag', '0');
INSERT INTO `t_dict` VALUES ('126', '10000', '审核中', '审核中', '2019-12-24 13:12:55', 'owner_app_user', 'state', '0');
INSERT INTO `t_dict` VALUES ('127', '12000', '审核成功', '审核成功', '2019-12-24 13:12:55', 'owner_app_user', 'state', '0');
INSERT INTO `t_dict` VALUES ('128', '13000', '审核失败', '审核失败', '2019-12-24 13:12:55', 'owner_app_user', 'state', '0');
INSERT INTO `t_dict` VALUES ('129', '10004', '业主', '业主', '2019-12-04 15:00:02', 'application_key', 'type_cd', '0');
INSERT INTO `t_dict` VALUES ('130', '10005', '家庭成员', '家庭成员', '2019-12-04 15:00:02', 'application_key', 'type_cd', '0');
INSERT INTO `t_dict` VALUES ('131', '10006', '租客', '租客', '2019-12-04 15:00:02', 'application_key', 'type_cd', '0');
INSERT INTO `t_dict` VALUES ('132', '60000', '身份证', '身份证', '2019-12-09 10:10:38', 'file_rel', 'rel_type_cd', '0');
INSERT INTO `t_dict` VALUES ('133', '70000', '活动照片', '活动照片', '2019-12-09 10:10:38', 'file_rel', 'rel_type_cd', '0');
INSERT INTO `t_dict` VALUES ('134', '10001', '小区文化', '小区文化', '2018-11-15 05:28:44', 'activities', 'type_cd', '0');
INSERT INTO `t_dict` VALUES ('135', '10002', '其他', '其他', '2018-11-15 05:28:44', 'activities', 'type_cd', '0');
INSERT INTO `t_dict` VALUES ('136', '9996', '道闸', '道闸', '2020-01-26 12:59:00', 'machine', 'machine_type_cd', '0');
INSERT INTO `t_dict` VALUES ('137', '3306', '进场', '设备进入', '2020-01-26 14:18:42', 'machine', 'direction', '0');
INSERT INTO `t_dict` VALUES ('138', '3307', '出场', '设备出去', '2020-01-26 14:18:48', 'machine', 'direction', '0');
INSERT INTO `t_dict` VALUES ('139', '1111', '黑名单', '黑名单', '2020-01-26 15:00:50', 'car_black_white', 'black_white', '0');
INSERT INTO `t_dict` VALUES ('140', '2222', '白名单', '白名单', '2020-01-26 15:01:32', 'car_black_white', 'black_white', '0');
INSERT INTO `t_dict` VALUES ('141', '100300', '进场状态', '进场状态', '2020-01-27 05:55:33', 'car_inout', 'state', '0');
INSERT INTO `t_dict` VALUES ('142', '100400', '支付完成', '支付完成', '2020-01-27 05:55:54', 'car_inout', 'state', '0');
INSERT INTO `t_dict` VALUES ('143', '100500', '离场状态', '离场状态', '2020-01-27 05:56:18', 'car_inout', 'state', '0');
INSERT INTO `t_dict` VALUES ('144', '100600', '支付超时重新支付', '支付超时重新支付', '2020-01-27 05:56:34', 'car_inout', 'state', '0');
INSERT INTO `t_dict` VALUES ('145', '1003006', '周期性费用', '为周期性费用', '2020-01-28 02:56:33', 'pay_fee', 'fee_flag', '0');
INSERT INTO `t_dict` VALUES ('146', '2006012', '一次性费用', '为一次性费用', '2020-01-28 02:56:59', 'pay_fee', 'fee_flag', '0');
INSERT INTO `t_dict` VALUES ('147', '2007001', '收费未开始', '收费未开始', '2020-01-28 02:58:01', 'pay_fee', 'state', '0');
INSERT INTO `t_dict` VALUES ('148', '2008001', '收费中', '收费中', '2020-01-28 02:58:21', 'pay_fee', 'state', '0');
INSERT INTO `t_dict` VALUES ('149', '2009001', '收费结束', '收费结束', '2020-01-28 02:58:41', 'pay_fee', 'state', '0');
INSERT INTO `t_dict` VALUES ('151', 'T', '是默认费用', '是默认费用', '2020-01-31 04:04:45', 'pay_fee_config', 'is_default', '0');
INSERT INTO `t_dict` VALUES ('152', 'F', '不是默认费用', '不是默认费用', '2020-01-31 04:05:13', 'pay_fee_config', 'is_default', '0');
INSERT INTO `t_dict` VALUES ('153', '1003006', '周期性费用', '为周期性费用', '2020-01-28 02:56:33', 'pay_fee_config', 'fee_flag', '0');
INSERT INTO `t_dict` VALUES ('154', '2006012', '一次性费用', '为一次性费用', '2020-01-28 02:56:59', 'pay_fee_config', 'fee_flag', '0');
INSERT INTO `t_dict` VALUES ('155', '1001', '面积*单价+附加费', '面积*单价+附加费', '2020-01-31 04:37:38', 'pay_fee_config', 'computing_formula', '0');
INSERT INTO `t_dict` VALUES ('156', '2002', '固定费用', '固定费用', '2020-01-31 04:37:57', 'pay_fee_config', 'computing_formula', '0');
INSERT INTO `t_dict` VALUES ('157', '3003', '固定费用(前两个小时)+每小时(两小时)*单价', '固定费用(前两个小时)+每小时(两小时后)*单价', '2020-01-31 09:09:43', 'pay_fee_config', 'computing_formula', '0');
INSERT INTO `t_dict` VALUES ('158', '3333', '房屋', '房屋', '2020-02-02 05:30:50', 'pay_fee', 'payer_obj_type', '0');
INSERT INTO `t_dict` VALUES ('159', '6666', '停车位', '停车位', '2020-02-02 05:31:14', 'pay_fee', 'payer_obj_type', '0');
INSERT INTO `t_dict` VALUES ('160', '-101', '自定义金额', '自定义金额', '2020-02-08 14:08:06', 'pay_fee_detail', 'cycles', '0');
INSERT INTO `t_dict` VALUES ('161', '9999', '隶属所有小区', '隶属所有小区', '2020-02-16 00:53:08', 'u_org', 'belong_community_id', '0');
INSERT INTO `t_dict` VALUES ('162', '8888', '隶属部分小区', '隶属部分小区，请查看u_org_community', '2020-02-16 00:53:53', 'u_org', 'belong_community_id', '0');
INSERT INTO `t_dict` VALUES ('163', '2020022', '按天(连续每天)', '按天(连续每天)', '2020-01-28 02:58:21', 'inspection_plan', 'inspection_plan_period', '0');
INSERT INTO `t_dict` VALUES ('164', '2020023', '按周(连续每周)', '按周(连续每周)', '2020-01-28 02:58:21', 'inspection_plan', 'inspection_plan_period', '0');
INSERT INTO `t_dict` VALUES ('165', '2020024', '按月(连续每月)', '按月(连续每月)', '2020-01-28 02:58:21', 'inspection_plan', 'inspection_plan_period', '0');
INSERT INTO `t_dict` VALUES ('166', '2020025', '启用', '启用', '2020-01-28 02:58:21', 'inspection_plan', 'state', '0');
INSERT INTO `t_dict` VALUES ('167', '2020026', '停用', '停用', '2020-01-28 02:58:21', 'inspection_plan', 'state', '0');
INSERT INTO `t_dict` VALUES ('168', '2020027', '现场拍照', '现场拍照', '2020-01-28 02:58:21', 'inspection_plan', 'sign_type', '0');
INSERT INTO `t_dict` VALUES ('169', '2020028', '现场定位', '现场定位', '2020-01-28 02:58:21', 'inspection_plan', 'sign_type', '0');
INSERT INTO `t_dict` VALUES ('170', 'cash', '现金', '现金支付', '2019-10-31 12:57:36', 'pay_fee_config', 'payment_type', '0');
INSERT INTO `t_dict` VALUES ('171', 'card', '刷卡', '刷卡支付', '2019-10-31 12:58:26', 'pay_fee_config', 'payment_type', '0');
INSERT INTO `t_dict` VALUES ('172', 'zfb', '支付宝', '支付宝', '2019-10-31 12:58:50', 'pay_fee_config', 'payment_type', '0');
INSERT INTO `t_dict` VALUES ('173', 'wx', '微信', '微信支付', '2019-10-31 12:59:46', 'pay_fee_config', 'payment_type', '0');
INSERT INTO `t_dict` VALUES ('174', '888800010008', '水费', '水费', '2020-01-28 13:23:41', 'pay_fee_config', 'fee_type_cd', '0');
INSERT INTO `t_dict` VALUES ('175', '888800010009', '电费', '电费', '2020-01-28 13:23:41', 'pay_fee_config', 'fee_type_cd', '0');
INSERT INTO `t_dict` VALUES ('176', '888800010010', '垃圾清运费', '垃圾清运费', '2020-01-28 13:23:41', 'pay_fee_config', 'fee_type_cd', '0');
INSERT INTO `t_dict` VALUES ('177', 'remit', '汇款', '汇款', '2020-03-16 19:19:13', 'pay_fee_config', 'payment_type', '0');
INSERT INTO `t_dict` VALUES ('179', '888800010011', '多种经营费', '多种经营费', '2020-03-21 21:51:01', 'pay_fee_config', 'fee_type_cd', '0');
INSERT INTO `t_dict` VALUES ('180', '888800010012', '管理费', '管理费', '2020-03-21 21:51:37', 'pay_fee_config', 'fee_type_cd', '0');
INSERT INTO `t_dict` VALUES ('181', '888800010001_1', '低层物业费', null, '2020-03-24 03:30:06', '', '', '0');
INSERT INTO `t_dict` VALUES ('182', '888800010001_2', '高层物业费', null, '2020-03-24 03:30:06', '', '', '0');
INSERT INTO `t_dict` VALUES ('184', '888800010009_1', '充电桩电费', '充电桩电费', '2020-03-26 03:36:36', null, null, '0');
INSERT INTO `t_dict` VALUES ('185', '888800010009_2', '中国移动', '中国移动', '2020-01-28 13:23:41', '', '', '0');
INSERT INTO `t_dict` VALUES ('186', '888800010010_1', '垃圾清运费', '垃圾清运费', '2020-03-26 03:36:36', null, null, '0');
INSERT INTO `t_dict` VALUES ('187', '888800010011_1', '丰巢快递', '丰巢快递', '2020-03-26 03:36:36', null, null, '0');
INSERT INTO `t_dict` VALUES ('188', '888800010011_2', '丰巢快递柜二', '丰巢快递柜二', '2020-03-26 03:36:36', null, null, '0');
INSERT INTO `t_dict` VALUES ('189', '888800010020', '其他', '其他', '2020-03-26 08:25:22', 'pay_fee_config', 'fee_type_cd', '0');
INSERT INTO `t_dict` VALUES ('190', '4004', '非固定费用', '非固定费用', '2020-01-31 04:37:57', 'pay_fee_config', 'computing_formula', '0');
INSERT INTO `t_dict` VALUES ('191', '888800010011_3', '广告位租赁费', null, '2020-04-14 23:39:47', null, null, '0');
INSERT INTO `t_dict` VALUES ('193', '888800010008_1', '水费', null, '2020-04-15 19:39:31', null, null, '0');
INSERT INTO `t_dict` VALUES ('194', '888800010008_2', '预存水费', null, '2020-04-15 19:40:05', null, null, '1');
INSERT INTO `t_dict` VALUES ('195', '888800010008_3', '二次供水水费', null, '2020-04-16 19:50:35', null, null, '0');
INSERT INTO `t_dict` VALUES ('198', 'transfer', '银行转账', '银行转账', '2020-04-17 02:09:21', 'pay_fee_config', 'payment_type', '0');
INSERT INTO `t_dict` VALUES ('199', '1', '收缴率', '收缴率', '2020-04-17 00:30:16', 'statistics_dict', 'statistics', '0');
INSERT INTO `t_dict` VALUES ('200', '2', '清欠率', '清欠率', '2020-04-17 00:30:16', 'statistics_dict', 'statistics', '0');
INSERT INTO `t_dict` VALUES ('201', '3', '预收率', '预收率', '2020-04-17 00:30:16', 'statistics_dict', 'statistics', '0');
INSERT INTO `t_dict` VALUES ('203', '888800010021', '车位管理费', '车位管理费', '2020-05-19 13:47:16', 'pay_fee_config', 'fee_type_cd', '0');
INSERT INTO `t_dict` VALUES ('204', '888800010022', '车位服务费', '车位服务费', '2020-05-19 13:50:50', 'pay_fee_config', 'fee_type_cd', '0');
INSERT INTO `t_dict` VALUES ('205', '888800010021_1', '车位管理费', '车位管理费', '2020-05-22 15:28:36', null, null, '0');
INSERT INTO `t_dict` VALUES ('206', '888800010022_1', '车位服务费', '车位服务费', '2020-05-22 15:28:54', null, null, '0');
INSERT INTO `t_dict` VALUES ('208', '888800010009_3', '预存电费', '预存电费', '2020-03-26 03:36:36', null, null, '1');
INSERT INTO `t_dict` VALUES ('209', '9904', '商务车', '商务车', '2019-10-15 17:47:21', 'owner_car', 'car_type', '0');
INSERT INTO `t_dict` VALUES ('210', '888800010007', '机动车停车费', '机动车停车费', '2020-06-22 18:34:11', 'pay_fee_config', 'fee_type_cd', '0');
INSERT INTO `t_dict` VALUES ('211', '888800010007_1', '停车费', '停车费', '2020-06-22 18:36:09', null, null, '0');
INSERT INTO `t_dict` VALUES ('212', '888800010009_4', '代收电费', '代收电费', '2020-06-28 10:36:11', null, null, '0');
INSERT INTO `t_dict` VALUES ('213', '888800010011_4', '其他', '其他', '2020-06-28 14:16:52', null, null, '0');
INSERT INTO `t_dict` VALUES ('214', 'guazhang', '挂账', '挂账', '2020-06-28 15:34:15', 'pay_fee_config', 'payment_type', '0');
INSERT INTO `t_dict` VALUES ('215', 'fangdichan', '房地产', '房地产', '2020-06-28 17:34:43', 'pay_fee_config', 'payment_type', '0');
INSERT INTO `t_dict` VALUES ('216', '888800010001_3', '商铺高层物业费', '商铺高层物业费', '2020-06-30 11:31:58', null, null, '0');
INSERT INTO `t_dict` VALUES ('217', '888800010009_5', '公用电费', '公用电费', '2020-07-01 15:21:40', null, null, '0');
INSERT INTO `t_dict` VALUES ('218', '888800010023', '履约保证金', '履约保证金', '2020-07-01 15:25:03', 'pay_fee_config', 'fee_type_cd', '0');
INSERT INTO `t_dict` VALUES ('219', '888800010023_1', '合同履约保证金', '合同履约保证金', '2020-07-01 15:26:01', null, null, '0');
INSERT INTO `t_dict` VALUES ('220', '888800010023_2', '装修履约金', '装修履约金', '2020-07-01 15:26:37', null, null, '0');
INSERT INTO `t_dict` VALUES ('221', '888800010011_5', '场地租赁费', '场地租赁费', '2020-07-01 15:35:44', null, null, '0');
INSERT INTO `t_dict` VALUES ('222', '888800010024', '租金', '租金', '2020-07-01 15:37:00', 'pay_fee_config', 'fee_type_cd', '0');
INSERT INTO `t_dict` VALUES ('223', '888800010024_1', '房屋租金', '房屋租金', '2020-07-01 15:37:57', null, null, '0');
INSERT INTO `t_dict` VALUES ('224', '888800010001_4', '商铺多层物业费', '商铺多层物业费', '2020-07-01 16:18:45', null, null, '0');
INSERT INTO `t_dict` VALUES ('225', '888800010012_1', '管理费', '管理费', '2020-07-06 11:40:50', null, null, '0');
INSERT INTO `t_dict` VALUES ('226', '888800010011_6', '装修工本费', '装修工本费', '2020-07-10 10:21:39', null, null, '0');
INSERT INTO `t_dict` VALUES ('227', '888800010025', '抹零', '抹零', '2020-07-13 09:07:41', 'pay_fee_config', 'fee_type_cd', '0');
INSERT INTO `t_dict` VALUES ('228', '888800010025_1', '抹零', '抹零', '2020-07-13 09:09:02', null, null, '0');
INSERT INTO `t_dict` VALUES ('229', '888800010026', '场地租赁费', '场地租赁费', '2020-07-13 16:08:32', 'pay_fee_config', 'fee_type_cd', '0');
INSERT INTO `t_dict` VALUES ('230', '888800010026_1', '场地租赁费', '场地租赁费', '2020-07-13 16:08:55', null, null, '0');
INSERT INTO `t_dict` VALUES ('241', 'categoryType', '类别名称', '类别名称', '2020-06-29 14:26:52', 'warehouse_stock', 'show_column', '0');
INSERT INTO `t_dict` VALUES ('242', 'goodsNumber', '物品编号', '物品编号', '2020-06-29 14:30:53', 'warehouse_stock', 'show_column', '0');
INSERT INTO `t_dict` VALUES ('243', 'goodsName', '物品名称', '物品名称', '2020-06-29 14:32:30', 'warehouse_stock', 'show_column', '0');
INSERT INTO `t_dict` VALUES ('244', 'specification', '规格型号', '规格型号', '2020-06-29 14:33:22', 'warehouse_stock', 'show_column', '0');
INSERT INTO `t_dict` VALUES ('245', 'colorName', '颜色', '颜色', '2020-06-29 14:34:10', 'warehouse_stock', 'show_column', '0');
INSERT INTO `t_dict` VALUES ('246', 'unitMeasurementName', '计量单位', '计量单位', '2020-06-29 14:35:01', 'warehouse_stock', 'show_column', '0');
INSERT INTO `t_dict` VALUES ('274', '7701', '商铺', null, '2020-07-10 09:21:22', 'dictionary', 'floorType', '0');
INSERT INTO `t_dict` VALUES ('275', '7702', '住宅', null, '2020-07-10 09:21:45', 'dictionary', 'floorType', '0');
INSERT INTO `t_dict` VALUES ('276', '7703', '外协单位', null, '2020-07-10 09:22:08', 'dictionary', 'floorType', '0');
INSERT INTO `t_dict` VALUES ('277', 'app', '手机银行', '手机银行', '2020-07-17 14:01:55', 'pay_fee_config', 'payment_type', '0');
INSERT INTO `t_dict` VALUES ('278', '888800010027', '顺延优惠', '顺延优惠', '2020-07-23 15:24:54', 'pay_fee_config', 'fee_type_cd', '0');
INSERT INTO `t_dict` VALUES ('279', '888800010027_1', '顺延优惠', '顺延优惠', '2020-07-23 15:25:15', '', null, '0');
INSERT INTO `t_dict` VALUES ('280', '888800010028', '预存水费', '预存水费', '2020-08-06 11:46:50', 'pay_fee_config', 'fee_type_cd', '0');
INSERT INTO `t_dict` VALUES ('281', '888800010028_1', '预存水费', '预存水费', '2020-08-06 11:47:15', null, null, '0');
INSERT INTO `t_dict` VALUES ('282', '888800010029', '预存电费', '预存电费', '2020-08-06 11:47:35', 'pay_fee_config', 'fee_type_cd', '0');
INSERT INTO `t_dict` VALUES ('283', '888800010029_1', '预存电费', '预存电费', '2020-08-06 11:48:02', null, null, '0');
INSERT INTO `t_dict` VALUES ('284', 'out_1', '调拨出仓', '调拨出仓', '2020-06-18 14:07:09', 'ware_config', 'out_category', '0');
INSERT INTO `t_dict` VALUES ('285', 'out_2', '领料出仓', '领料出仓', '2020-06-18 14:07:09', 'ware_config', 'out_category', '0');
INSERT INTO `t_dict` VALUES ('286', 'out_3', '退货', '退货', '2020-06-18 14:07:09', 'ware_config', 'out_category', '0');
INSERT INTO `t_dict` VALUES ('287', 'in_1', '采购进货', '采购进货', '2020-06-18 14:07:09', 'ware_config', 'in_category', '0');
INSERT INTO `t_dict` VALUES ('288', 'in_2', '调拨入仓', '调拨入仓', '2020-06-18 14:07:09', 'ware_config', 'in_category', '0');
INSERT INTO `t_dict` VALUES ('289', 'in_3', '盘点入仓', '盘点入仓', '2020-06-18 14:07:09', 'ware_config', 'in_category', '0');
INSERT INTO `t_dict` VALUES ('290', 'transfer_1', '领料调拨', '领料调拨', '2020-06-18 14:07:09', 'ware_config', 'transfer_category', '0');
INSERT INTO `t_dict` VALUES ('291', 'capacity_1', '7立方', '车类型', '2020-07-25 16:31:22', 'car', 'carType', '0');
INSERT INTO `t_dict` VALUES ('292', 'capacity_2', '8.4立方', '车类型', '2020-07-25 16:31:22', 'car', 'carType', '0');
INSERT INTO `t_dict` VALUES ('293', 'capacity_3', '13立方', '车类型', '2020-07-25 16:31:22', 'car', 'carType', '0');
INSERT INTO `t_dict` VALUES ('294', 'pay_way_1', '转账', '支付方式', '2020-07-28 11:11:15', 'garbage_removal', 'pay_way', '0');
INSERT INTO `t_dict` VALUES ('295', 'pay_way_2', '现金', '支付方式', '2020-07-28 11:12:01', 'garbage_removal', 'pay_way', '0');
INSERT INTO `t_dict` VALUES ('296', '38159348208828425890001', '高空抛物', null, '2020-06-30 09:54:48', 'dictionary', 'complaintsType', '1');
INSERT INTO `t_dict` VALUES ('297', '38159348210310761390002', '纠纷', null, '2020-06-30 09:55:03', 'dictionary', 'complaintsType', '1');
INSERT INTO `t_dict` VALUES ('298', '38159348214432530210003', '占车位', null, '2020-06-30 09:55:44', 'dictionary', 'complaintsType', '1');
INSERT INTO `t_dict` VALUES ('299', '38159348227187431980004', '电话', null, '2020-06-30 09:57:51', 'dictionary', 'complaintsWay', '0');
INSERT INTO `t_dict` VALUES ('300', '38159348230097390440005', '现场投诉', null, '2020-06-30 09:58:20', 'dictionary', 'complaintsWay', '0');
INSERT INTO `t_dict` VALUES ('301', '38159348610809699730026', '优等', null, '2020-06-30 11:01:48', 'dictionary', 'level', '0');
INSERT INTO `t_dict` VALUES ('302', '38159348612797624340027', '白色', null, '2020-06-30 11:02:07', 'dictionary', 'color', '0');
INSERT INTO `t_dict` VALUES ('303', '38159348614376184490028', '黑色', null, '2020-06-30 11:02:23', 'dictionary', 'color', '0');
INSERT INTO `t_dict` VALUES ('304', '38159348615144135940029', '蓝色', null, '2020-06-30 11:02:31', 'dictionary', 'color', '0');
INSERT INTO `t_dict` VALUES ('305', '38159348615647113310030', '黑色', null, '2020-06-30 11:02:36', 'dictionary', 'color', '0');
INSERT INTO `t_dict` VALUES ('306', '38159348687056981350034', '强电', null, '2020-06-30 11:14:30', 'dictionary', 'fixKind', '0');
INSERT INTO `t_dict` VALUES ('307', '38159348688357176690035', '一般', null, '2020-06-30 11:14:43', 'dictionary', 'emergencyType', '0');
INSERT INTO `t_dict` VALUES ('308', '38159359316261460240040', '正常', null, '2020-07-01 16:46:02', 'dictionary', 'fixMethod', '0');
INSERT INTO `t_dict` VALUES ('309', '38159359316921386740041', '紧急', null, '2020-07-01 16:46:09', 'dictionary', 'fixMethod', '0');
INSERT INTO `t_dict` VALUES ('310', '38159359319747090930042', '缓慢', null, '2020-07-01 16:46:37', 'dictionary', 'fixMethod', '0');
INSERT INTO `t_dict` VALUES ('311', '38159376395394187330006', '弱电', null, '2020-07-03 16:12:33', 'dictionary', 'fixKind', '0');
INSERT INTO `t_dict` VALUES ('312', '38159376396690260400007', '门窗', null, '2020-07-03 16:12:46', 'dictionary', 'fixKind', '0');
INSERT INTO `t_dict` VALUES ('313', '38159400594391492500001', '普通投诉', null, '2020-07-06 11:25:44', 'dictionary', 'complainantNatureType', '0');
INSERT INTO `t_dict` VALUES ('314', '38159400595863108580002', '投诉性质2', null, '2020-07-06 11:25:58', 'dictionary', 'complainantNatureType', '0');
INSERT INTO `t_dict` VALUES ('315', '38159400622731038170003', '上门回访', null, '2020-07-06 11:30:27', 'dictionary', 'reviewType', '0');
INSERT INTO `t_dict` VALUES ('316', '38159400623975041630004', '电话回访', null, '2020-07-06 11:30:39', 'dictionary', 'reviewType', '0');
INSERT INTO `t_dict` VALUES ('317', '38159400635409839520005', '满意', null, '2020-07-06 11:32:34', 'dictionary', 'customerEvaluation', '0');
INSERT INTO `t_dict` VALUES ('318', '38159400636359535480006', '一般', null, '2020-07-06 11:32:43', 'dictionary', 'customerEvaluation', '0');
INSERT INTO `t_dict` VALUES ('319', '38159400799339016400008', '合格66', null, '2020-07-06 11:59:53', 'dictionary', 'level', '1');
INSERT INTO `t_dict` VALUES ('320', '38159402990041269770084', '满意', null, '2020-07-06 18:05:00', 'dictionary', 'customerSatisfaction', '0');
INSERT INTO `t_dict` VALUES ('321', '38159402991254077170085', '一般', null, '2020-07-06 18:05:12', 'dictionary', 'customerSatisfaction', '0');
INSERT INTO `t_dict` VALUES ('322', '38159417044785966780001', '噪音', null, '2020-07-08 09:07:25', 'dictionary', 'complaintsType', '1');
INSERT INTO `t_dict` VALUES ('326', '38159348423035735910020', '把', '', '2020-06-30 10:30:00', 'dictionary', 'measure_unit', '0');
INSERT INTO `t_dict` VALUES ('327', '38159348423035735910021', '条', '', '2020-06-30 10:30:00', 'dictionary', 'measure_unit', '0');
INSERT INTO `t_dict` VALUES ('328', '38159348423035735910022', '个', '', '2020-06-30 10:30:00', 'dictionary', 'measure_unit', '0');
INSERT INTO `t_dict` VALUES ('329', '38159348423035735910023', '盒', '', '2020-06-30 10:30:00', 'dictionary', 'measure_unit', '0');
INSERT INTO `t_dict` VALUES ('330', '38159348423035735910024', '件', '', '2020-06-30 10:30:00', 'dictionary', 'measure_unit', '0');
INSERT INTO `t_dict` VALUES ('331', '38159348423035735910025', '包', '', '2020-06-30 10:30:00', 'dictionary', 'measure_unit', '0');
INSERT INTO `t_dict` VALUES ('332', '38159348423035735910026', '台', '', '2020-06-30 10:30:00', 'dictionary', 'measure_unit', '0');
INSERT INTO `t_dict` VALUES ('333', '38159348423035735910027', '辆', '', '2020-06-30 10:30:00', 'dictionary', 'measure_unit', '0');
INSERT INTO `t_dict` VALUES ('334', '38159348423035735910028', '卷', '', '2020-06-30 10:30:00', 'dictionary', 'measure_unit', '0');
INSERT INTO `t_dict` VALUES ('335', '38159348423035735910029', '片', '', '2020-06-30 10:30:00', 'dictionary', 'measure_unit', '0');
INSERT INTO `t_dict` VALUES ('336', '38159348423035735910030', '根', '', '2020-06-30 10:30:00', 'dictionary', 'measure_unit', '0');
INSERT INTO `t_dict` VALUES ('337', '38159348423035735910031', '瓶', '', '2020-06-30 10:30:00', 'dictionary', 'measure_unit', '0');
INSERT INTO `t_dict` VALUES ('338', '38159348423035735910032', '双', '', '2020-06-30 10:30:00', 'dictionary', 'measure_unit', '0');
INSERT INTO `t_dict` VALUES ('339', '38159348423035735910033', '箱', '', '2020-06-30 10:30:00', 'dictionary', 'measure_unit', '0');
INSERT INTO `t_dict` VALUES ('340', '38159348423035735910034', '支', '', '2020-06-30 10:30:00', 'dictionary', 'measure_unit', '0');
INSERT INTO `t_dict` VALUES ('341', '38159348423035735910035', '套', '', '2020-06-30 10:30:00', 'dictionary', 'measure_unit', '0');
INSERT INTO `t_dict` VALUES ('342', '38159348423035735910036', '袋', '', '2020-06-30 10:30:00', 'dictionary', 'measure_unit', '0');
INSERT INTO `t_dict` VALUES ('343', '38159348423035735910037', '付', '', '2020-06-30 10:30:00', 'dictionary', 'measure_unit', '0');
INSERT INTO `t_dict` VALUES ('344', '38159348423035735910038', '桶', '', '2020-06-30 10:30:00', 'dictionary', 'measure_unit', '0');
INSERT INTO `t_dict` VALUES ('345', '38159348423035735910039', '斤', '', '2020-06-30 10:30:00', 'dictionary', 'measure_unit', '0');
INSERT INTO `t_dict` VALUES ('346', '38159348423035735910040', '块', '', '2020-06-30 10:30:00', 'dictionary', 'measure_unit', '0');
INSERT INTO `t_dict` VALUES ('347', '38159348423035735910041', '顶', '', '2020-06-30 10:30:00', 'dictionary', 'measure_unit', '0');
INSERT INTO `t_dict` VALUES ('348', '38159348423035735910042', '张', '', '2020-06-30 10:30:00', 'dictionary', 'measure_unit', '0');
INSERT INTO `t_dict` VALUES ('349', '38159348423035735910043', '节', '', '2020-06-30 10:30:00', 'dictionary', 'measure_unit', '0');
INSERT INTO `t_dict` VALUES ('350', '38159348423035735910044', '捆', '', '2020-06-30 10:30:00', 'dictionary', 'measure_unit', '0');
INSERT INTO `t_dict` VALUES ('351', '38159348423035735910045', '本', '', '2020-06-30 10:30:00', 'dictionary', 'measure_unit', '0');
INSERT INTO `t_dict` VALUES ('352', '38159348423035735910046', '只', '', '2020-06-30 10:30:00', 'dictionary', 'measure_unit', '0');
INSERT INTO `t_dict` VALUES ('353', '38159348423035735910047', '米', '', '2020-06-30 10:30:00', 'dictionary', 'measure_unit', '0');
INSERT INTO `t_dict` VALUES ('354', '38159348423035735910048', '部', '', '2020-06-30 10:30:00', 'dictionary', 'measure_unit', '0');
INSERT INTO `t_dict` VALUES ('355', '38159348423035735910049', '幅', '', '2020-06-30 10:30:00', 'dictionary', 'measure_unit', '0');
INSERT INTO `t_dict` VALUES ('356', '38159348423035735910050', '盆', '', '2020-06-30 10:30:00', 'dictionary', 'measure_unit', '0');
INSERT INTO `t_dict` VALUES ('357', '38159348423035735910051', '组', '', '2020-06-30 10:30:00', 'dictionary', 'measure_unit', '0');
INSERT INTO `t_dict` VALUES ('358', '38159348423035735910052', '车', '', '2020-06-30 10:30:00', 'dictionary', 'measure_unit', '0');
INSERT INTO `t_dict` VALUES ('359', '38159348423035735910053', '间', '', '2020-06-30 10:30:00', 'dictionary', 'measure_unit', '0');
INSERT INTO `t_dict` VALUES ('360', '38159348423035735910054', '副', '', '2020-06-30 10:30:00', 'dictionary', 'measure_unit', '0');
INSERT INTO `t_dict` VALUES ('361', '38159348423035735910055', '方', '', '2020-06-30 10:30:00', 'dictionary', 'measure_unit', '0');
INSERT INTO `t_dict` VALUES ('362', '38159348423035735910056', '枚', '', '2020-06-30 10:30:00', 'dictionary', 'measure_unit', '0');
INSERT INTO `t_dict` VALUES ('363', '38159348423035735910057', '面', '', '2020-06-30 10:30:00', 'dictionary', 'measure_unit', '0');
INSERT INTO `t_dict` VALUES ('364', '38159348423035735910058', '架', '', '2020-06-30 10:30:00', 'dictionary', 'measure_unit', '0');
INSERT INTO `t_dict` VALUES ('365', '38159348423035735910059', '公升', '', '2020-06-30 10:30:00', 'dictionary', 'measure_unit', '0');
INSERT INTO `t_dict` VALUES ('366', '38159348423035735910060', '对', '', '2020-06-30 10:30:00', 'dictionary', 'measure_unit', '0');
INSERT INTO `t_dict` VALUES ('367', '38159348423035735910061', '板', '', '2020-06-30 10:30:00', 'dictionary', 'measure_unit', '0');
INSERT INTO `t_dict` VALUES ('368', '38159348423035735910062', '扇', '', '2020-06-30 10:30:00', 'dictionary', 'measure_unit', '0');
INSERT INTO `t_dict` VALUES ('369', '38159348423035735910063', '份', '', '2020-06-30 10:30:00', 'dictionary', 'measure_unit', '0');
INSERT INTO `t_dict` VALUES ('370', '38159348423035735910064', '具', '', '2020-06-30 10:30:00', 'dictionary', 'measure_unit', '0');
INSERT INTO `t_dict` VALUES ('371', '38159348423035735910065', '次', '', '2020-06-30 10:30:00', 'dictionary', 'measure_unit', '0');
INSERT INTO `t_dict` VALUES ('372', '38159348423035735910066', '棵', '', '2020-06-30 10:30:00', 'dictionary', 'measure_unit', '0');
INSERT INTO `t_dict` VALUES ('373', '38159348423035735910067', '平米', '', '2020-06-30 10:30:00', 'dictionary', 'measure_unit', '0');
INSERT INTO `t_dict` VALUES ('374', '38159348423035735910068', '打', '', '2020-06-30 10:30:00', 'dictionary', 'measure_unit', '0');
INSERT INTO `t_dict` VALUES ('375', '38159348423035735910069', '吨', '', '2020-06-30 10:30:00', 'dictionary', 'measure_unit', '0');
INSERT INTO `t_dict` VALUES ('376', '38159348423035735910070', '扎', '', '2020-06-30 10:30:00', 'dictionary', 'measure_unit', '0');
INSERT INTO `t_dict` VALUES ('377', '38159348423035735910071', '朵', '', '2020-06-30 10:30:00', 'dictionary', 'measure_unit', '0');
INSERT INTO `t_dict` VALUES ('378', '38159653138259843130142', '灰色', null, '2020-08-04 16:56:22', 'dictionary', 'color', '0');
INSERT INTO `t_dict` VALUES ('379', '38159790569414916040002', '其他', null, '2020-08-20 14:41:34', 'dictionary', 'complaintsType', '1');
INSERT INTO `t_dict` VALUES ('380', '38159790600989157980003', '维修', null, '2020-08-20 14:46:49', 'dictionary', 'complaintsType', '1');
INSERT INTO `t_dict` VALUES ('381', '38159790602991465500004', '卫生问题', null, '2020-08-20 14:47:09', 'dictionary', 'complaintsType', '1');
INSERT INTO `t_dict` VALUES ('382', '38159790808272728220005', '房屋质量意见表', null, '2020-08-20 15:21:22', 'dictionary', 'complaintsType', '0');
INSERT INTO `t_dict` VALUES ('383', '38159790810393280160006', '服务态度投诉', null, '2020-08-20 15:21:43', 'dictionary', 'complaintsType', '0');
INSERT INTO `t_dict` VALUES ('384', '38159790812464661910007', '清洁服务', null, '2020-08-20 15:22:04', 'dictionary', 'complaintsType', '0');
INSERT INTO `t_dict` VALUES ('385', '38159790814521117090008', '装修', null, '2020-08-20 15:22:25', 'dictionary', 'complaintsType', '0');
INSERT INTO `t_dict` VALUES ('386', '38159790816885096300009', '园区地面', null, '2020-08-20 15:22:48', 'dictionary', 'complaintsType', '0');
INSERT INTO `t_dict` VALUES ('387', '38159790818416823540010', '设备设施类投诉', null, '2020-08-20 15:23:04', 'dictionary', 'complaintsType', '0');
INSERT INTO `t_dict` VALUES ('388', '38159790820137649900011', '内部管理报事', null, '2020-08-20 15:23:21', 'dictionary', 'complaintsType', '0');
INSERT INTO `t_dict` VALUES ('389', '38159790821896796900012', '高空抛物', null, '2020-08-20 15:23:38', 'dictionary', 'complaintsType', '0');
INSERT INTO `t_dict` VALUES ('390', '38159790824225620960013', '噪音', null, '2020-08-20 15:24:02', 'dictionary', 'complaintsType', '0');
INSERT INTO `t_dict` VALUES ('391', '38159791424162476960018', '可视对讲', null, '2020-08-20 17:04:01', 'dictionary', 'fixKind', '0');
INSERT INTO `t_dict` VALUES ('392', '38159797073467842310022', '紧急', null, '2020-08-21 08:45:34', 'dictionary', 'emergencyType', '0');
INSERT INTO `t_dict` VALUES ('393', '38159797153935306660023', '管道下水', null, '2020-08-21 08:58:59', 'dictionary', 'fixKind', '0');
INSERT INTO `t_dict` VALUES ('394', '38159797228718904980024', '进户灯维修', null, '2020-08-21 09:11:27', 'dictionary', 'fixKind', '0');
INSERT INTO `t_dict` VALUES ('395', '38159797284933016830025', '管道渗水', null, '2020-08-21 09:20:49', 'dictionary', 'fixKind', '0');
INSERT INTO `t_dict` VALUES ('396', '38159797601490167460026', '维修', null, '2020-08-21 10:13:34', 'dictionary', 'fixKind', '0');
INSERT INTO `t_dict` VALUES ('397', '38159797838246466760027', '房屋渗水', null, '2020-08-21 10:53:02', 'dictionary', 'fixKind', '0');
INSERT INTO `t_dict` VALUES ('398', '38159797858072550820028', '绿化修剪', null, '2020-08-21 10:56:20', 'dictionary', 'fixKind', '0');
INSERT INTO `t_dict` VALUES ('399', '38159799937067057840040', '退货', null, '2020-08-21 16:42:50', 'ware_config', 'in_category', '0');
INSERT INTO `t_dict` VALUES ('400', '38159799938221514410041', '报损', null, '2020-08-21 16:43:02', 'ware_config', 'in_category', '0');
INSERT INTO `t_dict` VALUES ('401', '38159805902062136560042', '非常满意', null, '2020-08-22 09:17:00', 'dictionary', 'customerSatisfaction', '0');
INSERT INTO `t_dict` VALUES ('402', '38159841214731459210009', '道闸', null, '2020-08-26 11:22:27', 'dictionary', 'fixKind', '0');
INSERT INTO `t_dict` VALUES ('403', '38159841299595129410010', '单元门', null, '2020-08-26 11:36:35', 'dictionary', 'fixKind', '0');
INSERT INTO `t_dict` VALUES ('404', '38159858260375293330017', '墙体', null, '2020-08-28 10:43:23', 'dictionary', 'fixKind', '0');
INSERT INTO `t_dict` VALUES ('405', '38159859953015320330018', '路灯', null, '2020-08-28 15:25:30', 'dictionary', 'fixKind', '0');
INSERT INTO `t_dict` VALUES ('406', '38159860564089548720019', '电梯维修', null, '2020-08-28 17:07:20', 'dictionary', 'fixKind', '0');
INSERT INTO `t_dict` VALUES ('407', 'in', '入仓单', '单据类别', '2020-08-27 10:35:21', 'warehouse_receipt_type', 'receipt_type', '0');
INSERT INTO `t_dict` VALUES ('408', 'out', '出仓单', '单据类别', '2020-08-27 10:36:10', 'warehouse_receipt_type', 'receipt_type', '0');
INSERT INTO `t_dict` VALUES ('409', '38159909664925884350007', '土建', null, '2020-09-03 09:30:49', 'dictionary', 'fixKind', '0');
INSERT INTO `t_dict` VALUES ('410', '38159937695498225790052', '水电', null, '2020-09-06 15:22:34', 'dictionary', 'fixKind', '0');
INSERT INTO `t_dict` VALUES ('411', '38159946575068395630053', '其它', null, '2020-09-07 16:02:30', 'dictionary', 'fixKind', '0');
INSERT INTO `t_dict` VALUES ('412', '38159961159319830060001', '黄色', null, '2020-09-09 08:33:13', 'dictionary', 'color', '0');
INSERT INTO `t_dict` VALUES ('413', 'capacity_4', '9.48立方', '车类型', '2020-07-25 16:31:22', 'car', 'carType', '0');
INSERT INTO `t_dict` VALUES ('414', 'capacity_5', '15立方', '车类型', '2020-07-25 16:31:22', 'car', 'carType', '0');
INSERT INTO `t_dict` VALUES ('415', 'capacity_6', '8立方', '车类型', '2020-07-25 16:31:22', 'car', 'carType', '0');
INSERT INTO `t_dict` VALUES ('416', 'capacity_7', '16立方', '车类型', '2020-07-25 16:31:22', 'car', 'carType', '0');
INSERT INTO `t_dict` VALUES ('417', 'capacity_8', '17立方', '车类型', '2020-07-25 16:31:22', 'car', 'carType', '0');
INSERT INTO `t_dict` VALUES ('418', 'capacity_9', '18立方', '车类型', '2020-07-25 16:31:22', 'car', 'carType', '0');
INSERT INTO `t_dict` VALUES ('419', 'capacity_10', '19立方', '车类型', '2020-07-25 16:31:22', 'car', 'carType', '0');
INSERT INTO `t_dict` VALUES ('420', 'capacity_11', '20立方', '车类型', '2020-07-25 16:31:22', 'car', 'carType', '0');
INSERT INTO `t_dict` VALUES ('421', 'capacity_12', '4.5立方', '车类型', '2020-07-25 16:31:22', 'car', 'carType', '0');
INSERT INTO `t_dict` VALUES ('422', '38160039160157473071354', '平方米', null, '2020-09-18 09:13:21', 'dictionary', 'measure_unit', '0');
INSERT INTO `t_dict` VALUES ('423', '38160075701185094980116', '过道灯', null, '2020-09-22 14:43:31', 'dictionary', 'fixKind', '0');
INSERT INTO `t_dict` VALUES ('424', '38160075716032477410117', '跟换漏保', null, '2020-09-22 14:46:00', 'dictionary', 'fixKind', '0');
INSERT INTO `t_dict` VALUES ('425', '38160076131074371670183', '跟换延时器', null, '2020-09-22 15:55:10', 'dictionary', 'fixKind', '0');
INSERT INTO `t_dict` VALUES ('426', '38160240026954195210197', '小狗粪便', null, '2020-10-11 15:11:09', 'dictionary', 'complaintsType', '0');
INSERT INTO `t_dict` VALUES ('427', '38160272360608187840107', '水龙头', null, '2020-10-15 09:00:06', 'dictionary', 'fixKind', '0');
INSERT INTO `t_dict` VALUES ('428', 'water_meter', '水表', '表种类', '2020-08-28 15:44:48', 'device_meter_base', 'meter_category', '0');
INSERT INTO `t_dict` VALUES ('429', 'electric_meter', '电表', '表种类', '2020-08-28 15:46:41', 'device_meter_base', 'meter_category', '0');
INSERT INTO `t_dict` VALUES ('430', 'unit_meter', '单元表', '表类型', '2020-09-02 09:20:00', 'device_meter_base', 'meter_type', '0');
INSERT INTO `t_dict` VALUES ('431', 'common_meter', '公共表', '表类型', '2020-09-02 09:21:06', 'device_meter_base', 'meter_type', '0');
INSERT INTO `t_dict` VALUES ('434', '38160369075148792791473', '轿厢监控', null, '2020-10-26 13:39:11', 'dictionary', 'fixKind', '0');
INSERT INTO `t_dict` VALUES ('435', '38160376628521477281667', '应急灯', null, '2020-10-27 10:38:05', 'dictionary', 'fixKind', '0');
INSERT INTO `t_dict` VALUES ('436', '38160376725975416591668', '防火门', null, '2020-10-27 10:54:19', 'dictionary', 'fixKind', '0');
INSERT INTO `t_dict` VALUES ('437', '38160384718094179241951', '监控', null, '2020-10-28 09:06:20', 'dictionary', 'fixKind', '0');
INSERT INTO `t_dict` VALUES ('438', '38160385647490461762356', '排烟管道', null, '2020-10-28 11:41:14', 'dictionary', 'fixKind', '0');
INSERT INTO `t_dict` VALUES ('439', '38160387243085232112357', '配电房', null, '2020-10-28 16:07:10', 'dictionary', 'fixKind', '0');
INSERT INTO `t_dict` VALUES ('440', '38160387396429633122358', '走廊灯', null, '2020-10-28 16:32:44', 'dictionary', 'fixKind', '0');
INSERT INTO `t_dict` VALUES ('441', '38160396144624291152419', '阳光房', null, '2020-10-29 16:50:46', 'dictionary', 'fixKind', '0');
INSERT INTO `t_dict` VALUES ('442', '38160396166593271532420', '草坪灯', null, '2020-10-29 16:54:25', 'dictionary', 'fixKind', '0');
INSERT INTO `t_dict` VALUES ('443', '38160411504855722812695', '电表', null, '2020-10-31 11:30:48', 'dictionary', 'fixKind', '0');
INSERT INTO `t_dict` VALUES ('444', '38160427625941318162705', '泵房', null, '2020-11-02 08:17:39', 'dictionary', 'fixKind', '0');
INSERT INTO `t_dict` VALUES ('445', '38160428705110693172706', '窨井盖', null, '2020-11-02 11:17:31', 'dictionary', 'fixKind', '0');
INSERT INTO `t_dict` VALUES ('446', '38160439046467780582707', '楼栋标牌', null, '2020-11-03 16:01:04', 'dictionary', 'fixKind', '0');
INSERT INTO `t_dict` VALUES ('447', '38160456682846705072935', '安全指示灯', null, '2020-11-05 17:00:28', 'dictionary', 'fixKind', '0');
INSERT INTO `t_dict` VALUES ('448', '38160491088495274683164', '充电桩', null, '2020-11-09 16:34:44', 'dictionary', 'fixKind', '0');
INSERT INTO `t_dict` VALUES ('449', '38160507398835138924398', '安装车位锁', null, '2020-11-11 13:53:08', 'dictionary', 'fixKind', '0');
INSERT INTO `t_dict` VALUES ('450', 'generality', '共性突出问题', null, '2020-09-21 11:35:16', 'satisfaction_check', 'problem_type', '0');
INSERT INTO `t_dict` VALUES ('451', 'special', '个别项目问题', null, '2020-09-21 11:37:26', 'satisfaction_check', 'problem_type', '0');
INSERT INTO `t_dict` VALUES ('452', '3301', '行为规范', null, '2020-09-22 11:47:37', 'satisfaction_que', 'que_type', '0');
INSERT INTO `t_dict` VALUES ('453', '3302', '客服热线', null, '2020-09-22 11:48:04', 'satisfaction_que', 'que_type', '0');
INSERT INTO `t_dict` VALUES ('454', '3303', '投诉处理', null, '2020-09-22 11:48:04', 'satisfaction_que', 'que_type', '0');
INSERT INTO `t_dict` VALUES ('455', '3304', '保安工作', null, '2020-09-22 11:48:04', 'satisfaction_que', 'que_type', '0');
INSERT INTO `t_dict` VALUES ('456', '3305', '车辆管理', null, '2020-09-22 11:48:04', 'satisfaction_que', 'que_type', '0');
INSERT INTO `t_dict` VALUES ('457', '3306', '卫生问题', null, '2020-09-22 11:48:04', 'satisfaction_que', 'que_type', '0');
INSERT INTO `t_dict` VALUES ('458', '3307', '绿化问题', null, '2020-09-22 11:48:04', 'satisfaction_que', 'que_type', '0');
INSERT INTO `t_dict` VALUES ('459', '3308', '维修服务', null, '2020-09-22 11:48:04', 'satisfaction_que', 'que_type', '0');
INSERT INTO `t_dict` VALUES ('460', '3309', '其他', null, '2020-09-22 11:48:04', 'satisfaction_que', 'que_type', '0');
INSERT INTO `t_dict` VALUES ('464', '38160517086106186490036', '车库灯', null, '2020-11-12 16:47:41', 'dictionary', 'fixKind', '0');
INSERT INTO `t_dict` VALUES ('465', '38160524734125318570003', '微信', null, '2020-11-13 14:02:21', 'dictionary', 'complaintsWay', '0');
INSERT INTO `t_dict` VALUES ('466', '38160524794094594630004', '微信', null, '2020-11-13 14:12:20', 'dictionary', 'reviewType', '0');
INSERT INTO `t_dict` VALUES ('467', '38160551829111261451248', '消防灯', null, '2020-11-16 17:18:11', 'dictionary', 'fixKind', '0');
INSERT INTO `t_dict` VALUES ('468', '38160551843581910131249', '电梯', null, '2020-11-16 17:20:35', 'dictionary', 'fixKind', '0');
INSERT INTO `t_dict` VALUES ('469', '38160558045462378471251', '水阀', null, '2020-11-17 10:34:14', 'dictionary', 'fixKind', '0');
INSERT INTO `t_dict` VALUES ('470', '38160558475424705511288', '道闸', null, '2020-11-17 11:45:54', 'dictionary', 'fixKind', '0');
INSERT INTO `t_dict` VALUES ('471', '888800010033', '能耗运行费', null, '2020-11-18 16:13:31', 'pay_fee_config', 'fee_type_cd', '0');
INSERT INTO `t_dict` VALUES ('472', '888800010033_1', '能耗运行费', null, '2020-11-18 16:21:06', null, null, '0');
INSERT INTO `t_dict` VALUES ('473', '888800010034', '砸墙清运费', null, '2020-11-18 16:21:40', 'pay_fee_config', 'fee_type_cd', '0');
INSERT INTO `t_dict` VALUES ('474', '888800010034_1', '砸墙清运费', null, '2020-11-18 16:22:16', null, null, '0');
INSERT INTO `t_dict` VALUES ('476', '888800010035', '临时停车费', null, '2020-12-02 16:15:14', 'pay_fee_config', 'fee_type_cd', '0');
INSERT INTO `t_dict` VALUES ('477', '888800010035_1', '临时停车费', null, '2020-12-02 16:15:56', null, null, '0');
INSERT INTO `t_dict` VALUES ('478', '381606955387960400729562', '非常满意', null, '2020-12-03 08:29:47', 'dictionary', 'customerEvaluation', '0');
INSERT INTO `t_dict` VALUES ('479', '3816069845329515306-13246', '路板石', null, '2020-12-03 16:35:32', 'dictionary', 'fixKind', '0');
INSERT INTO `t_dict` VALUES ('481', 'RLZY', '人力资源', '人力资源', '2020-10-26 09:18:23', 'act_all_proc', 'type', '0');
INSERT INTO `t_dict` VALUES ('482', 'XZCW', '行政财务', '行政财务', '2020-10-26 09:18:57', 'act_all_proc', 'type', '0');
INSERT INTO `t_dict` VALUES ('483', '80800001', '部门主管', null, '2020-12-05 13:56:46', 'u_department_job', 'job_title_code', '0');
INSERT INTO `t_dict` VALUES ('484', '80800002', '部门经理', null, '2020-12-05 13:57:35', 'u_department_job', 'job_title_code', '0');
INSERT INTO `t_dict` VALUES ('485', '80800003', '部门总监', null, '2020-12-05 13:57:52', 'u_department_job', 'job_title_code', '0');
INSERT INTO `t_dict` VALUES ('486', '80800004', '分管副总', null, '2020-12-05 13:58:15', 'u_department_job', 'job_title_code', '0');
INSERT INTO `t_dict` VALUES ('501', '901', '肥东', null, '2021-01-14 14:23:59', 'work_place', 'que_type', '0');
INSERT INTO `t_dict` VALUES ('502', '902', '肥西', null, '2021-01-14 14:24:19', 'work_place', 'que_type', '0');
INSERT INTO `t_dict` VALUES ('503', '903', '瑶海', null, '2021-01-14 14:24:19', 'work_place', 'que_type', '0');
INSERT INTO `t_dict` VALUES ('504', '904', '寿县', null, '2021-01-14 14:24:19', 'work_place', 'que_type', '0');
INSERT INTO `t_dict` VALUES ('505', '905', '凤阳', null, '2021-01-14 14:24:19', 'work_place', 'que_type', '0');
INSERT INTO `t_dict` VALUES ('506', '906', '物业本部', null, '2021-01-14 14:24:19', 'work_place', 'que_type', '0');
INSERT INTO `t_dict` VALUES ('507', '80800005', '主办会计', null, '2021-01-19 15:29:53', 'u_department_job', 'job_title_code', '0');
INSERT INTO `t_dict` VALUES ('526', 'XTTX', '系统默认工作流', '行政财务', '2020-10-26 09:18:57', 'act_all_proc', 'type', '0');

-- ----------------------------
-- Table structure for warehouse
-- ----------------------------
DROP TABLE IF EXISTS `warehouse`;
CREATE TABLE `warehouse` (
  `warehouse_id` bigint(20) NOT NULL AUTO_INCREMENT COMMENT '仓库id',
  `warehouse_code` varchar(32) DEFAULT NULL COMMENT '仓库编号',
  `warehouse_name` varchar(32) DEFAULT NULL COMMENT '仓库名称',
  `warehouse_address` varchar(255) DEFAULT NULL COMMENT '仓库地址',
  `warehouse_type` char(1) DEFAULT NULL COMMENT '仓库类型',
  `del_flag` char(1) DEFAULT '0' COMMENT '删除标志（0代表存在 1代表删除）',
  `create_by` varchar(64) DEFAULT '' COMMENT '创建者',
  `create_time` datetime DEFAULT CURRENT_TIMESTAMP COMMENT '创建时间',
  `update_by` varchar(64) DEFAULT '' COMMENT '更新者',
  `update_time` datetime DEFAULT CURRENT_TIMESTAMP ON UPDATE CURRENT_TIMESTAMP COMMENT '更新时间',
  `remark` varchar(500) DEFAULT NULL COMMENT '备注',
  PRIMARY KEY (`warehouse_id`),
  UNIQUE KEY `idx_warehouse_id` (`warehouse_id`) USING BTREE,
  UNIQUE KEY `idx_warehouse_code` (`warehouse_code`,`del_flag`) USING BTREE
) ENGINE=InnoDB AUTO_INCREMENT=3 DEFAULT CHARSET=utf8mb4 COMMENT='仓库';

-- ----------------------------
-- Records of warehouse
-- ----------------------------
INSERT INTO `warehouse` VALUES ('1', 'CK01', '一号仓库', null, '1', '0', '', '2023-09-26 10:02:53', '', '2023-09-26 02:02:53', null);
INSERT INTO `warehouse` VALUES ('2', 'CK02', '二号仓库', null, '1', '0', '', '2023-09-26 10:03:05', '', '2023-09-26 02:03:04', null);

-- ----------------------------
-- Table structure for warehouse_apply_receipt
-- ----------------------------
DROP TABLE IF EXISTS `warehouse_apply_receipt`;
CREATE TABLE `warehouse_apply_receipt` (
  `apply_receipt_id` bigint(20) NOT NULL AUTO_INCREMENT COMMENT '要货申请',
  `apply_user_id` bigint(20) DEFAULT NULL COMMENT '要货人ID',
  `requested_user_id` bigint(20) DEFAULT NULL,
  `apply_warehouse_id` bigint(20) DEFAULT NULL COMMENT '要货仓库',
  `apply_type` char(1) DEFAULT NULL COMMENT '要货类型：1.个人向公司要货，2.个人间要货',
  `document_number` varchar(32) DEFAULT NULL COMMENT '单据编号',
  `apply_time` datetime DEFAULT CURRENT_TIMESTAMP COMMENT '要货时间',
  `out_receipt_id` bigint(20) DEFAULT NULL COMMENT '出货单ID',
  `state` varchar(2) DEFAULT '0' COMMENT '单据状态  0：保存  1：审核通过',
  `del_flag` char(1) DEFAULT '0' COMMENT '删除标志（0代表存在 1代表删除）',
  `create_by` varchar(64) DEFAULT '' COMMENT '创建者',
  `create_time` datetime DEFAULT CURRENT_TIMESTAMP COMMENT '创建时间',
  `update_by` varchar(64) DEFAULT '' COMMENT '更新者',
  `update_time` datetime DEFAULT CURRENT_TIMESTAMP ON UPDATE CURRENT_TIMESTAMP COMMENT '更新时间',
  `remark` varchar(500) DEFAULT NULL COMMENT '备注',
  PRIMARY KEY (`apply_receipt_id`)
) ENGINE=InnoDB AUTO_INCREMENT=4 DEFAULT CHARSET=utf8mb4 COMMENT='要货申请';

-- ----------------------------
-- Records of warehouse_apply_receipt
-- ----------------------------
INSERT INTO `warehouse_apply_receipt` VALUES ('1', '1', null, null, '1', 'YH-202309260002', '2023-09-26 00:00:00', null, '0', '0', '', '2023-09-26 16:27:35', '', '2023-09-26 16:27:35', '');
INSERT INTO `warehouse_apply_receipt` VALUES ('2', '1', null, null, '1', 'YH-202309260003', '2023-09-26 00:00:00', null, '1', '0', '', '2023-09-26 16:32:25', '', '2023-09-26 16:32:25', '');
INSERT INTO `warehouse_apply_receipt` VALUES ('3', '1', null, null, '1', 'YH-202309260007', '2023-09-26 00:00:00', null, '1', '0', '', '2023-09-26 20:48:15', '', '2023-09-26 20:48:15', '');

-- ----------------------------
-- Table structure for warehouse_apply_receipt_detail
-- ----------------------------
DROP TABLE IF EXISTS `warehouse_apply_receipt_detail`;
CREATE TABLE `warehouse_apply_receipt_detail` (
  `apply_receipt_detail_id` bigint(20) NOT NULL AUTO_INCREMENT COMMENT '入库明细ID',
  `apply_receipt_id` bigint(20) DEFAULT NULL COMMENT '入库单据',
  `goods_id` bigint(20) NOT NULL COMMENT '物品ID',
  `goods_price` decimal(10,2) DEFAULT NULL COMMENT '物品单价',
  `goods_number` decimal(10,2) DEFAULT NULL COMMENT '物品数量',
  `goods_amount` decimal(10,2) DEFAULT NULL COMMENT '物品金额',
  PRIMARY KEY (`apply_receipt_detail_id`),
  KEY `idx_out_receipt_id` (`apply_receipt_detail_id`) USING BTREE
) ENGINE=InnoDB AUTO_INCREMENT=7 DEFAULT CHARSET=utf8mb4 COMMENT='要货明细表';

-- ----------------------------
-- Records of warehouse_apply_receipt_detail
-- ----------------------------
INSERT INTO `warehouse_apply_receipt_detail` VALUES ('1', '1', '1', null, '1.00', null);
INSERT INTO `warehouse_apply_receipt_detail` VALUES ('2', '1', '2', null, '1.00', null);
INSERT INTO `warehouse_apply_receipt_detail` VALUES ('3', '2', '1', null, '1.00', null);
INSERT INTO `warehouse_apply_receipt_detail` VALUES ('4', '2', '2', null, '1.00', null);
INSERT INTO `warehouse_apply_receipt_detail` VALUES ('5', '3', '1', null, '1.00', null);
INSERT INTO `warehouse_apply_receipt_detail` VALUES ('6', '3', '2', null, '1.00', null);

-- ----------------------------
-- Table structure for warehouse_check_receipt
-- ----------------------------
DROP TABLE IF EXISTS `warehouse_check_receipt`;
CREATE TABLE `warehouse_check_receipt` (
  `check_receipt_id` bigint(20) NOT NULL AUTO_INCREMENT COMMENT '盘点ID',
  `check_user_id` bigint(20) DEFAULT NULL COMMENT '盘点人ID',
  `warehouse_id` bigint(20) DEFAULT NULL COMMENT '仓库id',
  `document_number` varchar(32) DEFAULT NULL,
  `state` varchar(2) DEFAULT NULL COMMENT '盘点状态1：盘点中，2已完成',
  `check_time` datetime DEFAULT NULL ON UPDATE CURRENT_TIMESTAMP,
  `del_flag` char(1) DEFAULT '0' COMMENT '删除标志（0代表存在 1代表删除）',
  `create_by` varchar(32) DEFAULT NULL COMMENT '创建者',
  `create_time` datetime DEFAULT CURRENT_TIMESTAMP COMMENT '创建时间',
  `update_by` varchar(32) DEFAULT NULL COMMENT '更新者',
  `update_time` datetime DEFAULT CURRENT_TIMESTAMP ON UPDATE CURRENT_TIMESTAMP COMMENT '更新时间',
  `remark` varchar(500) DEFAULT NULL COMMENT '备注',
  PRIMARY KEY (`check_receipt_id`)
) ENGINE=InnoDB AUTO_INCREMENT=8 DEFAULT CHARSET=utf8mb4 COMMENT='库存盘点';

-- ----------------------------
-- Records of warehouse_check_receipt
-- ----------------------------
INSERT INTO `warehouse_check_receipt` VALUES ('4', null, '1', 'PD-202310080038', '1', '2023-10-08 18:12:43', '1', null, '2023-10-08 17:55:26', null, '2023-10-08 18:12:43', null);
INSERT INTO `warehouse_check_receipt` VALUES ('5', '1', '2', 'PD-202310080039', '1', '2023-10-08 17:59:36', '0', 'admin', '2023-10-08 17:59:36', null, '2023-10-08 17:59:36', null);
INSERT INTO `warehouse_check_receipt` VALUES ('6', '1', '1', 'PD-202310080041', '1', '2023-10-08 19:31:08', '0', 'admin', '2023-10-08 19:31:08', null, '2023-10-08 19:31:08', null);
INSERT INTO `warehouse_check_receipt` VALUES ('7', '1', '2', 'PD-202310080042', '2', '2023-10-08 19:32:42', '0', 'admin', '2023-10-08 19:32:42', null, '2023-10-08 19:32:42', null);

-- ----------------------------
-- Table structure for warehouse_check_receipt_detail
-- ----------------------------
DROP TABLE IF EXISTS `warehouse_check_receipt_detail`;
CREATE TABLE `warehouse_check_receipt_detail` (
  `check_receipt_detail_id` bigint(20) NOT NULL AUTO_INCREMENT COMMENT '入库明细ID',
  `check_receipt_id` bigint(20) DEFAULT NULL COMMENT '入库单据',
  `goods_id` bigint(20) NOT NULL COMMENT '物品ID',
  `goods_change_number` decimal(10,2) DEFAULT NULL COMMENT '盘点变化数量',
  `goods_old_number` decimal(10,2) DEFAULT NULL COMMENT '物品原数量',
  `goods_new_number` decimal(10,2) DEFAULT NULL COMMENT '物品盘点后数量',
  `remark` varchar(255) DEFAULT NULL COMMENT '备注',
  PRIMARY KEY (`check_receipt_detail_id`),
  KEY `idx_in_receipt_id` (`check_receipt_id`) USING BTREE
) ENGINE=InnoDB AUTO_INCREMENT=9 DEFAULT CHARSET=utf8mb4 COMMENT='盘点单据明细表';

-- ----------------------------
-- Records of warehouse_check_receipt_detail
-- ----------------------------
INSERT INTO `warehouse_check_receipt_detail` VALUES ('1', '4', '1', null, null, null, null);
INSERT INTO `warehouse_check_receipt_detail` VALUES ('2', '4', '2', null, null, null, null);
INSERT INTO `warehouse_check_receipt_detail` VALUES ('3', '5', '1', null, '0.00', '0.00', null);
INSERT INTO `warehouse_check_receipt_detail` VALUES ('4', '5', '2', null, '0.00', '0.00', null);
INSERT INTO `warehouse_check_receipt_detail` VALUES ('5', '6', '1', null, '2.00', '2.00', null);
INSERT INTO `warehouse_check_receipt_detail` VALUES ('6', '6', '2', null, '2.00', '2.00', null);
INSERT INTO `warehouse_check_receipt_detail` VALUES ('7', '7', '1', null, '0.00', '-1.00', null);
INSERT INTO `warehouse_check_receipt_detail` VALUES ('8', '7', '2', null, '0.00', '-1.00', null);

-- ----------------------------
-- Table structure for warehouse_code
-- ----------------------------
DROP TABLE IF EXISTS `warehouse_code`;
CREATE TABLE `warehouse_code` (
  `code_type` varchar(255) NOT NULL COMMENT '编号类型',
  `code_name` varchar(255) NOT NULL COMMENT '编号名称',
  `code_number` int(11) NOT NULL COMMENT '编号序列',
  UNIQUE KEY `idx_type_name` (`code_type`,`code_name`) USING BTREE
) ENGINE=InnoDB DEFAULT CHARSET=utf8mb4 COMMENT='仓库编号表';

-- ----------------------------
-- Records of warehouse_code
-- ----------------------------
INSERT INTO `warehouse_code` VALUES ('apply_receipt_code', 'YH-20230926', '8');
INSERT INTO `warehouse_code` VALUES ('check_receipt_code', 'PD-20231008', '43');
INSERT INTO `warehouse_code` VALUES ('goods_sn_code', 'CJ-20230926', '7');
INSERT INTO `warehouse_code` VALUES ('goods_sn_code', 'JD-20230926', '7');
INSERT INTO `warehouse_code` VALUES ('in_receipt_code', 'RK-20230926', '7');
INSERT INTO `warehouse_code` VALUES ('in_receipt_code', 'RK-20231008', '2');
INSERT INTO `warehouse_code` VALUES ('out_receipt_code', 'CK-20230925', '2');
INSERT INTO `warehouse_code` VALUES ('out_receipt_code', 'CK-20230926', '12');
INSERT INTO `warehouse_code` VALUES ('out_receipt_code', 'CK-20231008', '3');
INSERT INTO `warehouse_code` VALUES ('transfer_receipt_code', 'DB-20230926', '3');
INSERT INTO `warehouse_code` VALUES ('transfer_receipt_code', 'DB-20231008', '2');
INSERT INTO `warehouse_code` VALUES ('warehouse_goods_code', 'CJ', '2');
INSERT INTO `warehouse_code` VALUES ('warehouse_goods_code', 'JD', '2');

-- ----------------------------
-- Table structure for warehouse_customer
-- ----------------------------
DROP TABLE IF EXISTS `warehouse_customer`;
CREATE TABLE `warehouse_customer` (
  `customer_id` bigint(20) NOT NULL AUTO_INCREMENT COMMENT '客户id',
  `customer_name` varchar(255) DEFAULT NULL COMMENT '姓名',
  `phone_number` varchar(32) DEFAULT NULL COMMENT '手机号',
  `customer_type` varchar(255) DEFAULT NULL COMMENT '人员类型',
  `del_flag` char(1) DEFAULT '0' COMMENT '删除标志（0代表存在 1代表删除）',
  `create_by` varchar(64) DEFAULT '' COMMENT '创建者',
  `create_time` datetime DEFAULT NULL COMMENT '创建时间',
  `update_by` varchar(64) DEFAULT '' COMMENT '更新者',
  `update_time` datetime DEFAULT NULL ON UPDATE CURRENT_TIMESTAMP COMMENT '更新时间',
  `remark` varchar(500) DEFAULT NULL COMMENT '备注',
  PRIMARY KEY (`customer_id`)
) ENGINE=InnoDB AUTO_INCREMENT=2 DEFAULT CHARSET=utf8mb4 COMMENT='客户信息';

-- ----------------------------
-- Records of warehouse_customer
-- ----------------------------
INSERT INTO `warehouse_customer` VALUES ('1', '李工', '15512341234', '1', '0', '', '2023-09-26 10:03:27', '', null, null);

-- ----------------------------
-- Table structure for warehouse_goods
-- ----------------------------
DROP TABLE IF EXISTS `warehouse_goods`;
CREATE TABLE `warehouse_goods` (
  `goods_id` bigint(20) NOT NULL AUTO_INCREMENT COMMENT '物品id',
  `category_id` bigint(20) DEFAULT NULL COMMENT '类别ID',
  `category_code` varchar(32) DEFAULT NULL COMMENT '类别编号',
  `goods_code` varchar(64) DEFAULT NULL COMMENT '物品编号',
  `goods_name` varchar(32) DEFAULT NULL COMMENT '物品名称',
  `area` varchar(32) DEFAULT NULL COMMENT '仓位',
  `specification_type` int(11) DEFAULT NULL COMMENT '规格型号',
  `unit_type` int(11) DEFAULT NULL COMMENT '计量单位',
  `color_type` int(11) DEFAULT NULL COMMENT '物品颜色',
  `min_stock` decimal(10,2) DEFAULT NULL COMMENT '最小库存',
  `max_stock` decimal(10,2) DEFAULT NULL COMMENT '最大库存量',
  `goods_picture` varchar(255) DEFAULT NULL COMMENT '物品图片',
  `expiration_date` int(11) DEFAULT NULL COMMENT '有效期',
  `expiration_date_type` int(11) DEFAULT NULL COMMENT '类型',
  `warranty_date` int(11) DEFAULT NULL COMMENT '质保期',
  `warranty_date_type` int(11) DEFAULT NULL COMMENT '类型',
  `sn_validate` char(1) DEFAULT '0' COMMENT ' 序列号验证',
  `del_flag` char(1) DEFAULT '0' COMMENT '删除标志（0代表存在 1代表删除）',
  `create_by` varchar(64) DEFAULT '' COMMENT '创建者',
  `create_time` datetime DEFAULT CURRENT_TIMESTAMP COMMENT '创建时间',
  `update_by` varchar(64) DEFAULT '' COMMENT '更新者',
  `update_time` datetime DEFAULT CURRENT_TIMESTAMP ON UPDATE CURRENT_TIMESTAMP COMMENT '更新时间',
  `remark` varchar(500) DEFAULT NULL COMMENT '备注',
  PRIMARY KEY (`goods_id`),
  UNIQUE KEY `idx_goods_id` (`goods_id`) USING BTREE,
  KEY `idx_category_id` (`category_id`) USING BTREE,
  KEY `idx_goods_number` (`goods_code`) USING BTREE
) ENGINE=InnoDB AUTO_INCREMENT=3 DEFAULT CHARSET=utf8mb4 COMMENT='物品表';

-- ----------------------------
-- Records of warehouse_goods
-- ----------------------------
INSERT INTO `warehouse_goods` VALUES ('1', '1', 'JD', 'JD-001', '油烟机', null, '1', '2', '2', '10.00', '15.00', '/profile/upload/2023/09/26/4b90f603738da97733a24e9fb051f8198718e3f1_20230926100817A001.jpg', '1', '1', '1', '1', 'Y', '0', 'admin', '2023-09-26 10:08:34', 'admin', '2023-10-08 21:04:53', null);
INSERT INTO `warehouse_goods` VALUES ('2', '2', 'CJ', 'CJ-001', '电饭锅', null, '1', '3', '1', '10.00', '100.00', '/profile/upload/2023/09/26/UI8bEfVEIaRdZbN1tIqffA_20230926100930A002.jpg', '1', '1', '1', '1', 'Y', '0', 'admin', '2023-09-26 10:09:50', 'admin', '2023-10-08 21:04:44', null);

-- ----------------------------
-- Table structure for warehouse_goods_category
-- ----------------------------
DROP TABLE IF EXISTS `warehouse_goods_category`;
CREATE TABLE `warehouse_goods_category` (
  `category_id` bigint(20) NOT NULL AUTO_INCREMENT COMMENT '物品类别主键',
  `category_code` varchar(32) DEFAULT NULL COMMENT '物品类别编号',
  `category_name` varchar(32) DEFAULT NULL COMMENT '物品类别名称',
  `ancestors` varchar(1024) DEFAULT NULL COMMENT '祖级列表',
  `parent_id` bigint(20) DEFAULT NULL COMMENT '类别父级id',
  `order_num` int(11) DEFAULT NULL COMMENT '序号',
  `level` int(11) DEFAULT NULL COMMENT '类别所处等级',
  `del_flag` char(1) DEFAULT '0' COMMENT '删除标志（0代表存在 1代表删除）',
  `create_by` varchar(64) DEFAULT '' COMMENT '创建者',
  `create_time` datetime DEFAULT CURRENT_TIMESTAMP COMMENT '创建时间',
  `update_by` varchar(64) DEFAULT '' COMMENT '更新者',
  `update_time` datetime DEFAULT CURRENT_TIMESTAMP ON UPDATE CURRENT_TIMESTAMP COMMENT '更新时间',
  `remark` varchar(500) DEFAULT NULL COMMENT '备注',
  PRIMARY KEY (`category_id`),
  UNIQUE KEY `idx_category_id` (`category_id`) USING BTREE,
  UNIQUE KEY `idx_category_number` (`category_code`) USING BTREE
) ENGINE=InnoDB AUTO_INCREMENT=4 DEFAULT CHARSET=utf8mb4 COMMENT='物料分类';

-- ----------------------------
-- Records of warehouse_goods_category
-- ----------------------------
INSERT INTO `warehouse_goods_category` VALUES ('1', 'JD', '家电', null, '0', '1', null, '0', '', '2023-09-26 10:03:42', '', '2023-09-26 02:03:42', null);
INSERT INTO `warehouse_goods_category` VALUES ('2', 'CJ', '厨具', null, '0', '2', null, '0', '', '2023-09-26 10:04:06', '', '2023-09-26 10:04:19', null);
INSERT INTO `warehouse_goods_category` VALUES ('3', 'JC', '建材', null, '0', '3', null, '0', '', '2023-09-26 10:05:10', '', '2023-09-26 10:05:17', null);

-- ----------------------------
-- Table structure for warehouse_goods_trace
-- ----------------------------
DROP TABLE IF EXISTS `warehouse_goods_trace`;
CREATE TABLE `warehouse_goods_trace` (
  `trace_id` bigint(20) NOT NULL AUTO_INCREMENT COMMENT '溯源ID',
  `goods_id` bigint(20) NOT NULL COMMENT '物品ID',
  `sn_code` varchar(255) NOT NULL COMMENT '溯源码',
  `trace_state` char(1) DEFAULT '0' COMMENT '物品溯源状态0：待扫码,1:已入库，2:已出库，3：已使用',
  `in_receipt_id` bigint(20) NOT NULL COMMENT ' 入库单号',
  `del_flag` char(1) DEFAULT '0' COMMENT '删除标志（0代表存在 1代表删除）',
  `create_by` varchar(64) DEFAULT '' COMMENT '创建者',
  `create_time` datetime DEFAULT CURRENT_TIMESTAMP COMMENT '创建时间',
  `update_by` varchar(64) DEFAULT '' COMMENT '更新者',
  `update_time` datetime DEFAULT CURRENT_TIMESTAMP ON UPDATE CURRENT_TIMESTAMP COMMENT '更新时间',
  `remark` varchar(500) DEFAULT NULL COMMENT '备注',
  PRIMARY KEY (`trace_id`),
  UNIQUE KEY `idx_sn_code` (`sn_code`) USING BTREE
) ENGINE=InnoDB AUTO_INCREMENT=13 DEFAULT CHARSET=utf8mb4 COMMENT='物品溯源';

-- ----------------------------
-- Records of warehouse_goods_trace
-- ----------------------------
INSERT INTO `warehouse_goods_trace` VALUES ('1', '1', 'JD-202309260001', '2', '1', '0', '', '2023-09-26 07:03:07', '', '2023-09-26 07:03:07', null);
INSERT INTO `warehouse_goods_trace` VALUES ('2', '1', 'JD-202309260002', '0', '1', '0', '', '2023-09-26 07:03:07', '', '2023-09-26 07:03:07', null);
INSERT INTO `warehouse_goods_trace` VALUES ('3', '2', 'CJ-202309260001', '2', '1', '0', '', '2023-09-26 07:03:07', '', '2023-09-26 07:03:07', null);
INSERT INTO `warehouse_goods_trace` VALUES ('4', '2', 'CJ-202309260002', '0', '1', '0', '', '2023-09-26 07:03:07', '', '2023-09-26 07:03:07', null);
INSERT INTO `warehouse_goods_trace` VALUES ('5', '1', 'JD-202309260003', '0', '2', '0', '', '2023-09-26 07:03:41', '', '2023-09-26 07:03:41', null);
INSERT INTO `warehouse_goods_trace` VALUES ('6', '2', 'CJ-202309260003', '0', '2', '0', '', '2023-09-26 07:03:41', '', '2023-09-26 07:03:41', null);
INSERT INTO `warehouse_goods_trace` VALUES ('7', '1', 'JD-202309260004', '0', '4', '0', '', '2023-09-26 07:07:47', '', '2023-09-26 07:07:47', null);
INSERT INTO `warehouse_goods_trace` VALUES ('8', '2', 'CJ-202309260004', '0', '4', '0', '', '2023-09-26 07:07:47', '', '2023-09-26 07:07:47', null);
INSERT INTO `warehouse_goods_trace` VALUES ('9', '1', 'JD-202309260005', '0', '5', '0', '', '2023-09-26 17:07:48', '', '2023-09-26 17:07:48', null);
INSERT INTO `warehouse_goods_trace` VALUES ('10', '2', 'CJ-202309260005', '0', '5', '0', '', '2023-09-26 17:07:48', '', '2023-09-26 17:07:48', null);
INSERT INTO `warehouse_goods_trace` VALUES ('11', '1', 'JD-202309260006', '0', '6', '0', '', '2023-09-26 17:21:40', '', '2023-09-26 17:21:40', null);
INSERT INTO `warehouse_goods_trace` VALUES ('12', '2', 'CJ-202309260006', '0', '6', '0', '', '2023-09-26 17:21:40', '', '2023-09-26 17:21:40', null);

-- ----------------------------
-- Table structure for warehouse_goods_trace_rel
-- ----------------------------
DROP TABLE IF EXISTS `warehouse_goods_trace_rel`;
CREATE TABLE `warehouse_goods_trace_rel` (
  `trace_record_id` bigint(20) NOT NULL AUTO_INCREMENT COMMENT '溯源记录id',
  `trace_id` bigint(20) NOT NULL COMMENT '物品溯源id',
  `goods_id` bigint(20) NOT NULL COMMENT '物品ID',
  `rel_id` bigint(20) NOT NULL COMMENT '入库单id，出库单id',
  `record_type` varchar(4) DEFAULT NULL COMMENT '记录类型',
  `record_time` datetime DEFAULT NULL COMMENT '记录时间',
  PRIMARY KEY (`trace_record_id`)
) ENGINE=InnoDB AUTO_INCREMENT=15 DEFAULT CHARSET=utf8mb4 COMMENT='物品流转记录';

-- ----------------------------
-- Records of warehouse_goods_trace_rel
-- ----------------------------
INSERT INTO `warehouse_goods_trace_rel` VALUES ('1', '1', '1', '1', '1', '2023-09-26 15:03:07');
INSERT INTO `warehouse_goods_trace_rel` VALUES ('2', '2', '1', '1', '1', '2023-09-26 15:03:07');
INSERT INTO `warehouse_goods_trace_rel` VALUES ('3', '3', '2', '1', '1', '2023-09-26 15:03:07');
INSERT INTO `warehouse_goods_trace_rel` VALUES ('4', '4', '2', '1', '1', '2023-09-26 15:03:07');
INSERT INTO `warehouse_goods_trace_rel` VALUES ('5', '5', '1', '2', '1', '2023-09-26 15:03:41');
INSERT INTO `warehouse_goods_trace_rel` VALUES ('6', '6', '2', '2', '1', '2023-09-26 15:03:41');
INSERT INTO `warehouse_goods_trace_rel` VALUES ('7', '7', '1', '4', '1', '2023-09-26 15:07:47');
INSERT INTO `warehouse_goods_trace_rel` VALUES ('8', '8', '2', '4', '1', '2023-09-26 15:07:47');
INSERT INTO `warehouse_goods_trace_rel` VALUES ('9', '1', '1', '1', '2', '2023-09-26 15:15:56');
INSERT INTO `warehouse_goods_trace_rel` VALUES ('10', '3', '2', '1', '2', '2023-09-26 15:15:56');
INSERT INTO `warehouse_goods_trace_rel` VALUES ('11', '9', '1', '5', '1', '2023-09-26 17:07:48');
INSERT INTO `warehouse_goods_trace_rel` VALUES ('12', '10', '2', '5', '1', '2023-09-26 17:07:48');
INSERT INTO `warehouse_goods_trace_rel` VALUES ('13', '11', '1', '6', '1', '2023-09-26 17:21:41');
INSERT INTO `warehouse_goods_trace_rel` VALUES ('14', '12', '2', '6', '1', '2023-09-26 17:21:41');

-- ----------------------------
-- Table structure for warehouse_goods__price
-- ----------------------------
DROP TABLE IF EXISTS `warehouse_goods__price`;
CREATE TABLE `warehouse_goods__price` (
  `price_id` varchar(32) NOT NULL COMMENT '主键',
  `goods_id` varchar(32) DEFAULT NULL,
  `unit_price` decimal(10,2) DEFAULT NULL,
  PRIMARY KEY (`price_id`),
  KEY `idx_goods_id` (`goods_id`) USING BTREE
) ENGINE=InnoDB DEFAULT CHARSET=utf8mb4 COMMENT='物品入仓最新价格表';

-- ----------------------------
-- Records of warehouse_goods__price
-- ----------------------------

-- ----------------------------
-- Table structure for warehouse_in_receipt
-- ----------------------------
DROP TABLE IF EXISTS `warehouse_in_receipt`;
CREATE TABLE `warehouse_in_receipt` (
  `warehouse_in_receipt_id` bigint(20) NOT NULL AUTO_INCREMENT COMMENT '入库单据id',
  `warehouse_id` bigint(20) NOT NULL COMMENT '仓库id',
  `document_number` varchar(32) NOT NULL COMMENT '单据编号',
  `supplier_id` bigint(20) DEFAULT NULL COMMENT '供应商ID',
  `bill_no` varchar(32) DEFAULT NULL COMMENT '订单号',
  `in_warehouse_time` datetime DEFAULT CURRENT_TIMESTAMP COMMENT '入库时间',
  `in_warehouse_type` varchar(2) DEFAULT NULL COMMENT '入库类别',
  `audit_time` datetime DEFAULT NULL COMMENT '审核时间',
  `audit_id` bigint(20) DEFAULT NULL COMMENT '审核人id',
  `audit_name` varchar(32) DEFAULT NULL COMMENT '审核人',
  `state` varchar(2) DEFAULT '1' COMMENT '状态 0：草稿   1：待审核 2：已审核',
  `del_flag` char(1) DEFAULT '0' COMMENT '删除标志（0代表存在 1代表删除）',
  `create_by` varchar(32) DEFAULT NULL COMMENT '创建者',
  `create_time` datetime DEFAULT CURRENT_TIMESTAMP COMMENT '创建时间',
  `update_by` varchar(32) DEFAULT NULL COMMENT '更新者',
  `update_time` datetime DEFAULT CURRENT_TIMESTAMP ON UPDATE CURRENT_TIMESTAMP COMMENT '更新时间',
  `remark` varchar(500) DEFAULT NULL COMMENT '备注',
  PRIMARY KEY (`warehouse_in_receipt_id`),
  KEY `idx_create_time` (`create_time`) USING BTREE,
  KEY `idx_warehouse_id` (`warehouse_id`) USING BTREE
) ENGINE=InnoDB AUTO_INCREMENT=7 DEFAULT CHARSET=utf8mb4 COMMENT='入库单据表';

-- ----------------------------
-- Records of warehouse_in_receipt
-- ----------------------------
INSERT INTO `warehouse_in_receipt` VALUES ('1', '1', 'RK-202309260001', '1', null, '2023-09-26 15:03:07', '1', '2023-09-26 15:08:43', '1', '超级管理员', '4', '0', 'admin', '2023-09-26 07:03:07', null, '2023-09-26 07:08:32', null);
INSERT INTO `warehouse_in_receipt` VALUES ('2', '2', 'RK-202309260002', '1', null, '2023-09-26 15:03:41', '1', null, null, null, '3', '0', 'admin', '2023-09-26 07:03:41', null, '2023-09-26 07:07:19', null);
INSERT INTO `warehouse_in_receipt` VALUES ('3', '1', 'RK-202309260003', '1', null, '2023-09-26 15:04:07', '1', null, null, null, '1', '0', 'admin', '2023-09-26 07:04:06', null, '2023-09-26 07:04:06', null);
INSERT INTO `warehouse_in_receipt` VALUES ('4', '2', 'RK-202309260004', '1', null, '2023-09-26 15:07:47', '1', null, null, null, '3', '0', 'admin', '2023-09-26 07:07:47', null, '2023-09-26 20:44:38', null);
INSERT INTO `warehouse_in_receipt` VALUES ('5', '1', 'RK-202309260005', '1', null, '2023-09-26 17:07:48', '1', null, null, null, '3', '0', 'admin', '2023-09-26 17:07:47', null, '2023-09-26 20:47:40', null);
INSERT INTO `warehouse_in_receipt` VALUES ('6', '1', 'RK-202309260006', '1', null, '2023-09-26 17:21:41', '1', null, null, null, '2', '0', 'admin', '2023-09-26 17:21:40', null, '2023-09-26 17:21:40', null);

-- ----------------------------
-- Table structure for warehouse_in_receipt_detail
-- ----------------------------
DROP TABLE IF EXISTS `warehouse_in_receipt_detail`;
CREATE TABLE `warehouse_in_receipt_detail` (
  `in_receipt_detail_id` bigint(20) NOT NULL AUTO_INCREMENT COMMENT '入库明细ID',
  `in_receipt_id` bigint(20) DEFAULT NULL COMMENT '入库单据',
  `goods_id` bigint(20) NOT NULL COMMENT '物品ID',
  `goods_price` decimal(10,2) DEFAULT NULL COMMENT '物品单价',
  `goods_number` decimal(10,2) DEFAULT NULL COMMENT '物品数量',
  `goods_amount` decimal(10,2) DEFAULT NULL COMMENT '物品金额',
  PRIMARY KEY (`in_receipt_detail_id`),
  KEY `idx_in_receipt_id` (`in_receipt_id`) USING BTREE
) ENGINE=InnoDB AUTO_INCREMENT=13 DEFAULT CHARSET=utf8mb4 COMMENT=' 物品入库明细表';

-- ----------------------------
-- Records of warehouse_in_receipt_detail
-- ----------------------------
INSERT INTO `warehouse_in_receipt_detail` VALUES ('1', '1', '1', '1.00', '2.00', '2.00');
INSERT INTO `warehouse_in_receipt_detail` VALUES ('2', '1', '2', '1.00', '2.00', '2.00');
INSERT INTO `warehouse_in_receipt_detail` VALUES ('3', '2', '1', '100.00', '1.00', '100.00');
INSERT INTO `warehouse_in_receipt_detail` VALUES ('4', '2', '2', '100.00', '1.00', '100.00');
INSERT INTO `warehouse_in_receipt_detail` VALUES ('5', '3', '1', '200.00', '1.00', '200.00');
INSERT INTO `warehouse_in_receipt_detail` VALUES ('6', '3', '2', '200.00', '1.00', '200.00');
INSERT INTO `warehouse_in_receipt_detail` VALUES ('7', '4', '1', '1.00', '1.00', '1.00');
INSERT INTO `warehouse_in_receipt_detail` VALUES ('8', '4', '2', '1.00', '1.00', '1.00');
INSERT INTO `warehouse_in_receipt_detail` VALUES ('9', '5', '1', '1.00', '1.00', '1.00');
INSERT INTO `warehouse_in_receipt_detail` VALUES ('10', '5', '2', '1.00', '1.00', '1.00');
INSERT INTO `warehouse_in_receipt_detail` VALUES ('11', '6', '1', '3.00', '1.00', '3.00');
INSERT INTO `warehouse_in_receipt_detail` VALUES ('12', '6', '2', '3.00', '1.00', '3.00');

-- ----------------------------
-- Table structure for warehouse_in_unit_price
-- ----------------------------
DROP TABLE IF EXISTS `warehouse_in_unit_price`;
CREATE TABLE `warehouse_in_unit_price` (
  `in_unit_price_id` bigint(20) NOT NULL AUTO_INCREMENT COMMENT '入仓单价id',
  `goods_id` bigint(20) NOT NULL COMMENT '物品id',
  `in_receipt_id` bigint(20) DEFAULT NULL COMMENT '入仓单号',
  `goods_in_warehouse_time` datetime DEFAULT CURRENT_TIMESTAMP COMMENT '物品入库时间',
  `goods_in_unit_price` decimal(10,2) DEFAULT '0.00' COMMENT '物品入库单价',
  PRIMARY KEY (`in_unit_price_id`)
) ENGINE=InnoDB DEFAULT CHARSET=utf8mb4 COMMENT='入库单价表';

-- ----------------------------
-- Records of warehouse_in_unit_price
-- ----------------------------

-- ----------------------------
-- Table structure for warehouse_manager
-- ----------------------------
DROP TABLE IF EXISTS `warehouse_manager`;
CREATE TABLE `warehouse_manager` (
  `user_id` bigint(20) NOT NULL AUTO_INCREMENT COMMENT '用户ID',
  `warehouse_id` bigint(20) NOT NULL COMMENT '仓库ID',
  PRIMARY KEY (`user_id`)
) ENGINE=InnoDB DEFAULT CHARSET=utf8mb4 COMMENT='仓库权限';

-- ----------------------------
-- Records of warehouse_manager
-- ----------------------------

-- ----------------------------
-- Table structure for warehouse_out_receipt
-- ----------------------------
DROP TABLE IF EXISTS `warehouse_out_receipt`;
CREATE TABLE `warehouse_out_receipt` (
  `warehouse_out_receipt_id` bigint(20) NOT NULL AUTO_INCREMENT COMMENT '出库单据id',
  `warehouse_id` bigint(20) DEFAULT NULL COMMENT '仓库id',
  `document_number` varchar(32) DEFAULT NULL COMMENT '单据编号',
  `out_warehouse_time` datetime DEFAULT CURRENT_TIMESTAMP COMMENT '出库时间',
  `out_warehouse_type` varchar(4) DEFAULT NULL COMMENT '出库类别',
  `receive_time` datetime DEFAULT NULL COMMENT '领料日期',
  `receive_id` bigint(20) DEFAULT NULL COMMENT '领料人id',
  `receive_name` varchar(32) DEFAULT NULL COMMENT '领料人',
  `audit_time` datetime DEFAULT NULL COMMENT '审核时间',
  `audit_id` bigint(20) DEFAULT NULL COMMENT '审核人id',
  `audit_name` varchar(32) DEFAULT NULL COMMENT '审核人',
  `state` varchar(2) DEFAULT '0' COMMENT '单据状态  0：保存  1：审核通过',
  `del_flag` char(1) DEFAULT '0' COMMENT '删除标志（0代表存在 1代表删除）',
  `create_by` varchar(32) DEFAULT NULL COMMENT '创建者',
  `create_time` datetime DEFAULT CURRENT_TIMESTAMP COMMENT '创建时间',
  `update_by` varchar(32) DEFAULT NULL COMMENT '更新者',
  `update_time` datetime DEFAULT CURRENT_TIMESTAMP ON UPDATE CURRENT_TIMESTAMP COMMENT '更新时间',
  `remark` varchar(500) DEFAULT NULL COMMENT '备注',
  PRIMARY KEY (`warehouse_out_receipt_id`),
  KEY `idx_create_time` (`create_time`) USING BTREE
) ENGINE=InnoDB AUTO_INCREMENT=12 DEFAULT CHARSET=utf8mb4 COMMENT='出库单据';

-- ----------------------------
-- Records of warehouse_out_receipt
-- ----------------------------
INSERT INTO `warehouse_out_receipt` VALUES ('1', '1', 'CK-202309260001', '2023-09-26 15:09:15', '1', null, '2', '二号店', null, null, null, '3', '0', 'admin', '2023-09-26 07:09:15', null, '2023-09-26 07:15:55', null);
INSERT INTO `warehouse_out_receipt` VALUES ('2', '1', 'CK-202309260002', '2023-09-26 15:09:47', '1', null, '1', '一号店', null, null, null, '2', '0', 'admin', '2023-09-26 07:09:47', null, '2023-09-26 07:09:47', null);
INSERT INTO `warehouse_out_receipt` VALUES ('3', '1', 'CK-202309260003', '2023-09-26 15:10:09', '1', null, '2', '二号店', null, null, null, '2', '0', 'admin', '2023-09-26 07:10:08', null, '2023-09-26 07:10:08', null);
INSERT INTO `warehouse_out_receipt` VALUES ('4', '1', 'CK-202309260004', '2023-09-26 16:34:11', '100', null, null, null, null, null, null, '2', '0', null, '2023-09-26 16:34:10', null, '2023-09-26 16:34:10', null);
INSERT INTO `warehouse_out_receipt` VALUES ('5', '1', 'CK-202309260005', '2023-09-26 16:36:11', '100', null, null, null, null, null, null, '2', '0', null, '2023-09-26 16:36:11', null, '2023-09-26 16:36:11', null);
INSERT INTO `warehouse_out_receipt` VALUES ('6', '1', 'CK-202309260006', '2023-09-26 16:36:30', '100', null, null, null, null, null, null, '2', '0', null, '2023-09-26 16:36:30', null, '2023-09-26 16:36:30', null);
INSERT INTO `warehouse_out_receipt` VALUES ('7', '1', 'CK-202309260007', '2023-09-26 16:40:15', '100', null, null, null, null, null, null, '2', '0', null, '2023-09-26 16:40:14', null, '2023-09-26 16:40:14', null);
INSERT INTO `warehouse_out_receipt` VALUES ('8', '1', 'CK-202309260008', '2023-09-26 16:40:44', '100', null, null, null, null, null, null, '2', '0', null, '2023-09-26 16:40:43', null, '2023-09-26 16:40:43', null);
INSERT INTO `warehouse_out_receipt` VALUES ('9', '1', 'CK-202309260009', '2023-09-26 17:08:29', '1', null, '1', '一号店', null, null, null, '2', '0', 'admin', '2023-09-26 17:08:28', null, '2023-09-26 17:08:28', null);
INSERT INTO `warehouse_out_receipt` VALUES ('10', '1', 'CK-202309260010', '2023-09-26 17:09:05', '100', null, null, null, null, null, null, '2', '0', null, '2023-09-26 17:09:04', null, '2023-09-26 17:09:04', null);
INSERT INTO `warehouse_out_receipt` VALUES ('11', '1', 'CK-202309260011', '2023-09-26 17:22:49', '100', null, null, null, null, null, null, '2', '0', null, '2023-09-26 17:22:49', null, '2023-09-26 17:22:49', null);

-- ----------------------------
-- Table structure for warehouse_out_receipt_detail
-- ----------------------------
DROP TABLE IF EXISTS `warehouse_out_receipt_detail`;
CREATE TABLE `warehouse_out_receipt_detail` (
  `out_receipt_detail_id` bigint(20) NOT NULL AUTO_INCREMENT COMMENT '入库明细ID',
  `out_receipt_id` bigint(20) DEFAULT NULL COMMENT '入库单据',
  `goods_id` bigint(20) NOT NULL COMMENT '物品ID',
  `goods_price` decimal(10,2) DEFAULT NULL COMMENT '物品单价',
  `goods_number` decimal(10,2) DEFAULT NULL COMMENT '物品数量',
  `goods_amount` decimal(10,2) DEFAULT NULL COMMENT '物品金额',
  `goods_deadline_time` datetime DEFAULT NULL COMMENT '物品有效期',
  PRIMARY KEY (`out_receipt_detail_id`),
  KEY `idx_out_receipt_id` (`out_receipt_detail_id`) USING BTREE
) ENGINE=InnoDB AUTO_INCREMENT=23 DEFAULT CHARSET=utf8mb4 COMMENT=' 物品出库明细表';

-- ----------------------------
-- Records of warehouse_out_receipt_detail
-- ----------------------------
INSERT INTO `warehouse_out_receipt_detail` VALUES ('1', '1', '1', '1.00', '1.00', '1.00', '2099-12-31 00:00:00');
INSERT INTO `warehouse_out_receipt_detail` VALUES ('2', '1', '2', '1.00', '1.00', '1.00', '2099-12-31 00:00:00');
INSERT INTO `warehouse_out_receipt_detail` VALUES ('3', '2', '1', '1.00', '1.00', '1.00', '2099-12-31 00:00:00');
INSERT INTO `warehouse_out_receipt_detail` VALUES ('4', '2', '2', '1.00', '1.00', '1.00', '2099-12-31 00:00:00');
INSERT INTO `warehouse_out_receipt_detail` VALUES ('5', '3', '1', '1.00', '1.00', '1.00', '2099-12-31 00:00:00');
INSERT INTO `warehouse_out_receipt_detail` VALUES ('6', '3', '2', '1.00', '1.00', '1.00', '2099-12-31 00:00:00');
INSERT INTO `warehouse_out_receipt_detail` VALUES ('7', '4', '1', '1.00', '1.00', '1.00', '2099-12-31 00:00:00');
INSERT INTO `warehouse_out_receipt_detail` VALUES ('8', '4', '2', '1.00', '1.00', '1.00', '2099-12-31 00:00:00');
INSERT INTO `warehouse_out_receipt_detail` VALUES ('9', '5', '1', '1.00', '1.00', '1.00', '2099-12-31 00:00:00');
INSERT INTO `warehouse_out_receipt_detail` VALUES ('10', '5', '2', '1.00', '1.00', '1.00', '2099-12-31 00:00:00');
INSERT INTO `warehouse_out_receipt_detail` VALUES ('11', '6', '1', '1.00', '1.00', '1.00', '2099-12-31 00:00:00');
INSERT INTO `warehouse_out_receipt_detail` VALUES ('12', '6', '2', '1.00', '1.00', '1.00', '2099-12-31 00:00:00');
INSERT INTO `warehouse_out_receipt_detail` VALUES ('13', '7', '1', '1.00', '1.00', '1.00', '2099-12-31 00:00:00');
INSERT INTO `warehouse_out_receipt_detail` VALUES ('14', '7', '2', '1.00', '1.00', '1.00', '2099-12-31 00:00:00');
INSERT INTO `warehouse_out_receipt_detail` VALUES ('15', '8', '1', '1.00', '1.00', '1.00', '2099-12-31 00:00:00');
INSERT INTO `warehouse_out_receipt_detail` VALUES ('16', '8', '2', '1.00', '1.00', '1.00', '2099-12-31 00:00:00');
INSERT INTO `warehouse_out_receipt_detail` VALUES ('17', '9', '1', '1.00', '2.00', '2.00', '2099-12-31 00:00:00');
INSERT INTO `warehouse_out_receipt_detail` VALUES ('18', '9', '2', '1.00', '2.00', '2.00', '2099-12-31 00:00:00');
INSERT INTO `warehouse_out_receipt_detail` VALUES ('19', '10', '1', '1.00', '1.00', '1.00', '2099-12-31 00:00:00');
INSERT INTO `warehouse_out_receipt_detail` VALUES ('20', '10', '2', '1.00', '1.00', '1.00', '2099-12-31 00:00:00');
INSERT INTO `warehouse_out_receipt_detail` VALUES ('21', '11', '1', '1.00', '1.00', '1.00', '2099-12-31 00:00:00');
INSERT INTO `warehouse_out_receipt_detail` VALUES ('22', '11', '2', '1.00', '1.00', '1.00', '2099-12-31 00:00:00');

-- ----------------------------
-- Table structure for warehouse_receipt_rel
-- ----------------------------
DROP TABLE IF EXISTS `warehouse_receipt_rel`;
CREATE TABLE `warehouse_receipt_rel` (
  `rel_id` bigint(20) NOT NULL AUTO_INCREMENT COMMENT '关系id',
  `transfer_id` bigint(20) DEFAULT NULL COMMENT '调拨单id',
  `transfer_document_number` varchar(32) DEFAULT NULL COMMENT '调拨单编号',
  `in_id` bigint(20) DEFAULT NULL COMMENT '入库单id',
  `in_document_number` varchar(32) DEFAULT NULL COMMENT '入库单编号',
  `out_id` bigint(20) DEFAULT NULL COMMENT '出库id',
  `out_document_number` varchar(32) DEFAULT NULL COMMENT '出库编号',
  PRIMARY KEY (`rel_id`)
) ENGINE=InnoDB DEFAULT CHARSET=utf8mb4 COMMENT='调拨关系表';

-- ----------------------------
-- Records of warehouse_receipt_rel
-- ----------------------------

-- ----------------------------
-- Table structure for warehouse_stock
-- ----------------------------
DROP TABLE IF EXISTS `warehouse_stock`;
CREATE TABLE `warehouse_stock` (
  `stock_id` bigint(20) NOT NULL AUTO_INCREMENT COMMENT '库存id',
  `warehouse_id` bigint(20) DEFAULT NULL COMMENT '仓库id',
  `goods_id` bigint(20) DEFAULT NULL COMMENT '物品id',
  `stock_number` decimal(10,2) DEFAULT NULL COMMENT '存储物品数量',
  `goods_price` decimal(10,2) DEFAULT NULL COMMENT '该物品的单价（不是均价）',
  `stock_amount` decimal(10,2) DEFAULT NULL COMMENT '存储物品总金额',
  `goods_deadline_time` datetime DEFAULT NULL COMMENT '到期时间',
  PRIMARY KEY (`stock_id`),
  UNIQUE KEY `idx_stock_id` (`stock_id`) USING BTREE,
  KEY `idx_warehouse_id` (`warehouse_id`) USING BTREE,
  KEY `goods_id` (`goods_id`) USING BTREE
) ENGINE=InnoDB AUTO_INCREMENT=3 DEFAULT CHARSET=utf8mb4 COMMENT='库存表';

-- ----------------------------
-- Records of warehouse_stock
-- ----------------------------
INSERT INTO `warehouse_stock` VALUES ('1', '1', '1', '2.00', '1.00', '2.00', '2099-12-31 00:00:00');
INSERT INTO `warehouse_stock` VALUES ('2', '1', '2', '2.00', '1.00', '2.00', '2099-12-31 00:00:00');

-- ----------------------------
-- Table structure for warehouse_stock_summary
-- ----------------------------
DROP TABLE IF EXISTS `warehouse_stock_summary`;
CREATE TABLE `warehouse_stock_summary` (
  `stock_id` varchar(32) NOT NULL COMMENT '库存id',
  `warehouse_id` varchar(32) DEFAULT NULL COMMENT '仓库id',
  `goods_id` varchar(32) DEFAULT NULL COMMENT '物品id',
  `stock_number` decimal(10,2) DEFAULT NULL COMMENT '存储物品数量',
  `unit_price` decimal(10,2) DEFAULT NULL COMMENT '该物品的单价（不是均价）',
  `stock_amount` decimal(10,2) DEFAULT NULL COMMENT '存储物品总金额',
  `goods_deadline_time` varchar(32) DEFAULT NULL COMMENT '到期时间',
  PRIMARY KEY (`stock_id`),
  KEY `idx_goods_id` (`goods_id`) USING BTREE,
  KEY `idx_warehouse_id` (`warehouse_id`) USING BTREE
) ENGINE=InnoDB DEFAULT CHARSET=utf8mb4 COMMENT='库存表';

-- ----------------------------
-- Records of warehouse_stock_summary
-- ----------------------------

-- ----------------------------
-- Table structure for warehouse_stock_warn
-- ----------------------------
DROP TABLE IF EXISTS `warehouse_stock_warn`;
CREATE TABLE `warehouse_stock_warn` (
  `warn_id` bigint(20) NOT NULL AUTO_INCREMENT,
  `goods_id` bigint(20) DEFAULT NULL,
  `goods_name` varchar(255) DEFAULT NULL,
  `stock_number` decimal(10,2) DEFAULT NULL,
  `warehouse_id` bigint(20) DEFAULT NULL,
  `warehouse_name` varchar(255) DEFAULT NULL,
  `max_stock` decimal(10,2) DEFAULT NULL,
  `min_stock` decimal(10,2) DEFAULT NULL,
  `warn_time` datetime DEFAULT NULL ON UPDATE CURRENT_TIMESTAMP,
  PRIMARY KEY (`warn_id`)
) ENGINE=InnoDB AUTO_INCREMENT=3 DEFAULT CHARSET=utf8mb4 COMMENT='库存预警';

-- ----------------------------
-- Records of warehouse_stock_warn
-- ----------------------------
INSERT INTO `warehouse_stock_warn` VALUES ('1', '1', '油烟机', '2.00', '1', ' 仓库一号', '15.00', '10.00', '2023-10-08 21:29:49');
INSERT INTO `warehouse_stock_warn` VALUES ('2', '2', '电饭锅', '2.00', '1', ' 仓库二号', '100.00', '10.00', '2023-10-08 21:29:53');

-- ----------------------------
-- Table structure for warehouse_store
-- ----------------------------
DROP TABLE IF EXISTS `warehouse_store`;
CREATE TABLE `warehouse_store` (
  `store_id` bigint(20) NOT NULL AUTO_INCREMENT COMMENT '门店ID',
  `store_name` varchar(255) DEFAULT NULL COMMENT '名称',
  `address` varchar(255) DEFAULT NULL COMMENT '地址',
  `contacts` varchar(255) DEFAULT NULL COMMENT '联系人',
  `contacts_phone` varchar(255) DEFAULT NULL COMMENT '联系电话',
  `del_flag` char(1) DEFAULT '0' COMMENT '删除标志（0代表存在 1代表删除）',
  `create_by` varchar(64) DEFAULT '' COMMENT '创建者',
  `create_time` datetime DEFAULT CURRENT_TIMESTAMP COMMENT '创建时间',
  `update_by` varchar(64) DEFAULT '' COMMENT '更新者',
  `update_time` datetime DEFAULT CURRENT_TIMESTAMP ON UPDATE CURRENT_TIMESTAMP COMMENT '更新时间',
  `remark` varchar(500) DEFAULT NULL COMMENT '备注',
  PRIMARY KEY (`store_id`)
) ENGINE=InnoDB AUTO_INCREMENT=3 DEFAULT CHARSET=utf8mb4 COMMENT='门店信息';

-- ----------------------------
-- Records of warehouse_store
-- ----------------------------
INSERT INTO `warehouse_store` VALUES ('1', '一号店', '高新区', '张三', '15512341234', '0', '', '2023-09-26 02:10:22', '', '2023-09-26 02:10:51', null);
INSERT INTO `warehouse_store` VALUES ('2', '二号店', '开发区', '张三', '15512341234', '0', '', '2023-09-26 02:10:41', '', '2023-09-26 02:10:41', null);

-- ----------------------------
-- Table structure for warehouse_supplier
-- ----------------------------
DROP TABLE IF EXISTS `warehouse_supplier`;
CREATE TABLE `warehouse_supplier` (
  `supplier_id` bigint(20) NOT NULL AUTO_INCREMENT COMMENT '供应商ID',
  `supplier_name` varchar(255) DEFAULT NULL COMMENT '供应商名称',
  `address` varchar(255) DEFAULT NULL COMMENT '地址',
  `contacts` varchar(255) DEFAULT NULL COMMENT '联系人',
  `contacts_phone` varchar(255) DEFAULT NULL COMMENT '联系人电话',
  `del_flag` char(1) DEFAULT '0' COMMENT '删除标志（0代表存在 1代表删除）',
  `create_by` varchar(64) DEFAULT '' COMMENT '创建者',
  `create_time` datetime DEFAULT NULL COMMENT '创建时间',
  `update_by` varchar(64) DEFAULT '' COMMENT '更新者',
  `update_time` datetime DEFAULT NULL ON UPDATE CURRENT_TIMESTAMP COMMENT '更新时间',
  `remark` varchar(500) DEFAULT NULL COMMENT '备注',
  PRIMARY KEY (`supplier_id`)
) ENGINE=InnoDB AUTO_INCREMENT=2 DEFAULT CHARSET=utf8mb4 COMMENT='供应商库';

-- ----------------------------
-- Records of warehouse_supplier
-- ----------------------------
INSERT INTO `warehouse_supplier` VALUES ('1', '供应商一号', '安徽合肥市经济技术开发区', '张三', '15512341234', '0', '', '2023-09-26 10:01:58', '', '2023-09-26 10:02:21', null);

-- ----------------------------
-- Table structure for warehouse_transfer_receipt
-- ----------------------------
DROP TABLE IF EXISTS `warehouse_transfer_receipt`;
CREATE TABLE `warehouse_transfer_receipt` (
  `warehouse_transfer_receipt_id` bigint(20) NOT NULL AUTO_INCREMENT COMMENT '调拨单据id',
  `transfer_out_warehouse_id` bigint(20) DEFAULT NULL COMMENT '调出仓库id',
  `transfer_in_warehouse_id` bigint(20) DEFAULT NULL COMMENT '调入仓库id',
  `document_number` varchar(32) DEFAULT NULL COMMENT '单据编号',
  `transfer_warehouse_time` datetime DEFAULT CURRENT_TIMESTAMP COMMENT '调拨时间',
  `transfer_type` varchar(4) DEFAULT NULL COMMENT '调拨类别',
  `state` varchar(1) DEFAULT '0' COMMENT '单据状态  0：保存  1：审核通过',
  `audit_time` datetime DEFAULT NULL COMMENT '审核时间',
  `audit_id` bigint(20) DEFAULT NULL COMMENT '审核人id',
  `audit_name` varchar(32) DEFAULT NULL COMMENT '审核人',
  `del_flag` char(1) DEFAULT '0' COMMENT '删除标志（0代表存在 1代表删除）',
  `create_by` varchar(32) DEFAULT NULL COMMENT '创建者',
  `create_time` datetime DEFAULT CURRENT_TIMESTAMP COMMENT '创建时间',
  `update_by` varchar(32) DEFAULT NULL COMMENT '更新者',
  `update_time` datetime DEFAULT CURRENT_TIMESTAMP ON UPDATE CURRENT_TIMESTAMP COMMENT '更新时间',
  `remark` varchar(500) DEFAULT NULL COMMENT '备注',
  PRIMARY KEY (`warehouse_transfer_receipt_id`),
  KEY `idx_create_time` (`create_time`) USING BTREE
) ENGINE=InnoDB AUTO_INCREMENT=3 DEFAULT CHARSET=utf8mb4 COMMENT='调拨单据';

-- ----------------------------
-- Records of warehouse_transfer_receipt
-- ----------------------------
INSERT INTO `warehouse_transfer_receipt` VALUES ('1', '1', '2', 'DB-202309260001', '2023-09-26 07:26:01', '1', '2', null, null, null, '0', null, '2023-09-26 15:26:02', null, '2023-09-26 07:26:01', null);
INSERT INTO `warehouse_transfer_receipt` VALUES ('2', '1', '2', 'DB-202309260002', '2023-09-26 17:22:25', '1', '2', null, null, null, '0', null, '2023-09-26 17:22:25', null, '2023-09-26 17:22:25', null);

-- ----------------------------
-- Table structure for warehouse_transfer_receipt_detail
-- ----------------------------
DROP TABLE IF EXISTS `warehouse_transfer_receipt_detail`;
CREATE TABLE `warehouse_transfer_receipt_detail` (
  `transfer_receipt_detail_id` bigint(20) NOT NULL AUTO_INCREMENT COMMENT '入库明细ID',
  `transfer_receipt_id` bigint(20) NOT NULL COMMENT '入库单据',
  `goods_id` bigint(20) NOT NULL COMMENT '物品ID',
  `goods_price` decimal(10,2) DEFAULT NULL COMMENT '物品单价',
  `goods_number` decimal(10,2) DEFAULT NULL COMMENT '物品数量',
  `goods_amount` decimal(10,2) DEFAULT NULL COMMENT '物品金额',
  `goods_deadline_time` datetime DEFAULT NULL COMMENT '物品有效期',
  PRIMARY KEY (`transfer_receipt_detail_id`),
  KEY `idx_out_receipt_id` (`transfer_receipt_detail_id`) USING BTREE
) ENGINE=InnoDB AUTO_INCREMENT=5 DEFAULT CHARSET=utf8mb4 COMMENT=' 物品调拨明细表';

-- ----------------------------
-- Records of warehouse_transfer_receipt_detail
-- ----------------------------
INSERT INTO `warehouse_transfer_receipt_detail` VALUES ('1', '1', '1', '1.00', '1.00', '1.00', '2099-12-31 00:00:00');
INSERT INTO `warehouse_transfer_receipt_detail` VALUES ('2', '1', '2', '1.00', '1.00', '1.00', '2099-12-31 00:00:00');
INSERT INTO `warehouse_transfer_receipt_detail` VALUES ('3', '2', '1', '1.00', '1.00', '1.00', '2099-12-31 00:00:00');
INSERT INTO `warehouse_transfer_receipt_detail` VALUES ('4', '2', '2', '1.00', '1.00', '1.00', '2099-12-31 00:00:00');

-- ----------------------------
-- Procedure structure for proc_deal_data
-- ----------------------------
DROP PROCEDURE IF EXISTS `proc_deal_data`;
DELIMITER ;;
CREATE DEFINER=`root`@`%` PROCEDURE `proc_deal_data`(IN new_invoice VARCHAR(20),IN old_invoice VARCHAR(20),IN cycle INT,IN endTime VARCHAR(32))
lable:BEGIN	
	DECLARE newID VARCHAR(30);
  DECLARE oldID VARCHAR(30);
  DECLARE oldTime VARCHAR(30);
IF new_invoice ='' OR new_invoice IS NULL
THEN
	SELECT '发票号有误';
	LEAVE lable;
ELSE
  SELECT detail_id INTO newID  FROM pay_fee_detail WHERE invoice_number=new_invoice;
# 更新账单明细的detail_id为历史账单的detail_id,创建时间2018-12-15 00:00:00
  UPDATE pay_fee_month_detail SET detail_id=oldID,create_time=oldTime WHERE detail_id='123654879999';
  SELECT 'if更新测试1';
END IF;


	SELECT detail_id INTO oldID FROM pay_fee_detail WHERE invoice_number=old_invoice;
  SELECT create_time INTO oldTime FROM pay_fee_detail WHERE invoice_number=old_invoice;



# 更改老账单主表的周期， 结束时间
  UPDATE pay_fee_detail SET cycles=cycle ,end_time=endTime WHERE invoice_number = old_invoice;
  SELECT '更新测试2';
# 删除处理数据新建的主表
  DELETE FROM pay_fee_detail WHERE invoice_number='123654879999';
  SELECT '删除测试';
END
;;
DELIMITER ;
